date,close_price,pre_close,trades,trade_count,start_pos,end_pos,turnover,commission,slippage,trading_pnl,holding_pnl,total_pnl,net_pnl,balance,return,highlevel,drawdown,ddpercent
2022-01-03,177.35,1.0,[],0,0,0,0.0,0.0,0.0,0.0,0.0,0.0,0.0,1000000.0,0.0,1000000.0,0.0,0.0
2022-01-04,175.04,177.35,[],0,0,0,0.0,0.0,0.0,0.0,-0.0,0.0,0.0,1000000.0,0.0,1000000.0,0.0,0.0
2022-01-05,170.26,175.04,[],0,0,0,0.0,0.0,0.0,0.0,-0.0,0.0,0.0,1000000.0,0.0,1000000.0,0.0,0.0
2022-01-06,167.34,170.26,[],0,0,0,0.0,0.0,0.0,0.0,-0.0,0.0,0.0,1000000.0,0.0,1000000.0,0.0,0.0
2022-01-07,167.51,167.34,[],0,0,0,0.0,0.0,0.0,0.0,0.0,0.0,0.0,1000000.0,0.0,1000000.0,0.0,0.0
2022-01-10,167.53,167.51,[],0,0,0,0.0,0.0,0.0,0.0,0.0,0.0,0.0,1000000.0,0.0,1000000.0,0.0,0.0
2022-01-11,170.42,167.53,[],0,0,0,0.0,0.0,0.0,0.0,0.0,0.0,0.0,1000000.0,0.0,1000000.0,0.0,0.0
2022-01-12,170.87,170.42,[],0,0,0,0.0,0.0,0.0,0.0,0.0,0.0,0.0,1000000.0,0.0,1000000.0,0.0,0.0
2022-01-13,167.53,170.87,[],0,0,0,0.0,0.0,0.0,0.0,-0.0,0.0,0.0,1000000.0,0.0,1000000.0,0.0,0.0
2022-01-14,168.41,167.53,[],0,0,0,0.0,0.0,0.0,0.0,0.0,0.0,0.0,1000000.0,0.0,1000000.0,0.0,0.0
2022-01-18,165.14,168.41,[],0,0,0,0.0,0.0,0.0,0.0,-0.0,0.0,0.0,1000000.0,0.0,1000000.0,0.0,0.0
2022-01-19,161.57,165.14,[],0,0,0,0.0,0.0,0.0,0.0,-0.0,0.0,0.0,1000000.0,0.0,1000000.0,0.0,0.0
2022-01-20,159.85,161.57,[],0,0,0,0.0,0.0,0.0,0.0,-0.0,0.0,0.0,1000000.0,0.0,1000000.0,0.0,0.0
2022-01-21,157.75,159.85,[],0,0,0,0.0,0.0,0.0,0.0,-0.0,0.0,0.0,1000000.0,0.0,1000000.0,0.0,0.0
2022-01-24,156.96,157.75,[],0,0,0,0.0,0.0,0.0,0.0,-0.0,0.0,0.0,1000000.0,0.0,1000000.0,0.0,0.0
2022-01-25,155.12,156.96,[],0,0,0,0.0,0.0,0.0,0.0,-0.0,0.0,0.0,1000000.0,0.0,1000000.0,0.0,0.0
2022-01-26,155.03,155.12,[],0,0,0,0.0,0.0,0.0,0.0,-0.0,0.0,0.0,1000000.0,0.0,1000000.0,0.0,0.0
2022-01-27,154.56,155.03,[],0,0,0,0.0,0.0,0.0,0.0,-0.0,0.0,0.0,1000000.0,0.0,1000000.0,0.0,0.0
2022-01-28,165.67,154.56,[],0,0,0,0.0,0.0,0.0,0.0,0.0,0.0,0.0,1000000.0,0.0,1000000.0,0.0,0.0
2022-01-31,170.12,165.67,[],0,0,0,0.0,0.0,0.0,0.0,0.0,0.0,0.0,1000000.0,0.0,1000000.0,0.0,0.0
2022-02-01,169.95,170.12,[],0,0,0,0.0,0.0,0.0,0.0,-0.0,0.0,0.0,1000000.0,0.0,1000000.0,0.0,0.0
2022-02-02,171.18,169.95,[],0,0,0,0.0,0.0,0.0,0.0,0.0,0.0,0.0,1000000.0,0.0,1000000.0,0.0,0.0
2022-02-03,168.24,171.18,[],0,0,0,0.0,0.0,0.0,0.0,-0.0,0.0,0.0,1000000.0,0.0,1000000.0,0.0,0.0
2022-02-04,167.95,168.24,[],0,0,0,0.0,0.0,0.0,0.0,-0.0,0.0,0.0,1000000.0,0.0,1000000.0,0.0,0.0
2022-02-07,167.22,167.95,[],0,0,0,0.0,0.0,0.0,0.0,-0.0,0.0,0.0,1000000.0,0.0,1000000.0,0.0,0.0
2022-02-08,170.39,167.22,[],0,0,0,0.0,0.0,0.0,0.0,0.0,0.0,0.0,1000000.0,0.0,1000000.0,0.0,0.0
2022-02-09,171.84,170.39,[],0,0,0,0.0,0.0,0.0,0.0,0.0,0.0,0.0,1000000.0,0.0,1000000.0,0.0,0.0
2022-02-10,167.68,171.84,[],0,0,0,0.0,0.0,0.0,0.0,-0.0,0.0,0.0,1000000.0,0.0,1000000.0,0.0,0.0
2022-02-11,164.2,167.68,[],0,0,0,0.0,0.0,0.0,0.0,-0.0,0.0,0.0,1000000.0,0.0,1000000.0,0.0,0.0
2022-02-14,164.44,164.2,[],0,0,0,0.0,0.0,0.0,0.0,0.0,0.0,0.0,1000000.0,0.0,1000000.0,0.0,0.0
2022-02-15,168.35,164.44,[],0,0,0,0.0,0.0,0.0,0.0,0.0,0.0,0.0,1000000.0,0.0,1000000.0,0.0,0.0
2022-02-16,168.11,168.35,[],0,0,0,0.0,0.0,0.0,0.0,-0.0,0.0,0.0,1000000.0,0.0,1000000.0,0.0,0.0
2022-02-17,164.44,168.11,[],0,0,0,0.0,0.0,0.0,0.0,-0.0,0.0,0.0,1000000.0,0.0,1000000.0,0.0,0.0
2022-02-18,162.86,164.44,[],0,0,0,0.0,0.0,0.0,0.0,-0.0,0.0,0.0,1000000.0,0.0,1000000.0,0.0,0.0
2022-02-22,159.88,162.86,[],0,0,0,0.0,0.0,0.0,0.0,-0.0,0.0,0.0,1000000.0,0.0,1000000.0,0.0,0.0
2022-02-23,155.63,159.88,[],0,0,0,0.0,0.0,0.0,0.0,-0.0,0.0,0.0,1000000.0,0.0,1000000.0,0.0,0.0
2022-02-24,158.3,155.63,[],0,0,0,0.0,0.0,0.0,0.0,0.0,0.0,0.0,1000000.0,0.0,1000000.0,0.0,0.0
2022-02-25,160.41,158.3,[],0,0,0,0.0,0.0,0.0,0.0,0.0,0.0,0.0,1000000.0,0.0,1000000.0,0.0,0.0
2022-02-28,160.68,160.41,[],0,0,0,0.0,0.0,0.0,0.0,0.0,0.0,0.0,1000000.0,0.0,1000000.0,0.0,0.0
2022-03-01,158.76,160.68,[],0,0,0,0.0,0.0,0.0,0.0,-0.0,0.0,0.0,1000000.0,0.0,1000000.0,0.0,0.0
2022-03-02,162.12,158.76,[],0,0,0,0.0,0.0,0.0,0.0,0.0,0.0,0.0,1000000.0,0.0,1000000.0,0.0,0.0
2022-03-03,161.79,162.12,[],0,0,0,0.0,0.0,0.0,0.0,-0.0,0.0,0.0,1000000.0,0.0,1000000.0,0.0,0.0
2022-03-04,158.73,161.79,[],0,0,0,0.0,0.0,0.0,0.0,-0.0,0.0,0.0,1000000.0,0.0,1000000.0,0.0,0.0
2022-03-07,154.86,158.73,[],0,0,0,0.0,0.0,0.0,0.0,-0.0,0.0,0.0,1000000.0,0.0,1000000.0,0.0,0.0
2022-03-08,153.0,154.86,[],0,0,0,0.0,0.0,0.0,0.0,-0.0,0.0,0.0,1000000.0,0.0,1000000.0,0.0,0.0
2022-03-09,158.51,153.0,[],0,0,0,0.0,0.0,0.0,0.0,0.0,0.0,0.0,1000000.0,0.0,1000000.0,0.0,0.0
2022-03-10,154.08,158.51,[],0,0,0,0.0,0.0,0.0,0.0,-0.0,0.0,0.0,1000000.0,0.0,1000000.0,0.0,0.0
2022-03-11,150.29,154.08,[],0,0,0,0.0,0.0,0.0,0.0,-0.0,0.0,0.0,1000000.0,0.0,1000000.0,0.0,0.0
2022-03-14,146.18,150.29,[],0,0,0,0.0,0.0,0.0,0.0,-0.0,0.0,0.0,1000000.0,0.0,1000000.0,0.0,0.0
2022-03-15,150.65,146.18,[],0,0,0,0.0,0.0,0.0,0.0,0.0,0.0,0.0,1000000.0,0.0,1000000.0,0.0,0.0
2022-03-16,155.15,150.65,[],0,0,0,0.0,0.0,0.0,0.0,0.0,0.0,0.0,1000000.0,0.0,1000000.0,0.0,0.0
2022-03-17,156.18,155.15,[],0,0,0,0.0,0.0,0.0,0.0,0.0,0.0,0.0,1000000.0,0.0,1000000.0,0.0,0.0
2022-03-18,159.54,156.18,[],0,0,0,0.0,0.0,0.0,0.0,0.0,0.0,0.0,1000000.0,0.0,1000000.0,0.0,0.0
2022-03-21,160.94,159.54,[],0,0,0,0.0,0.0,0.0,0.0,0.0,0.0,0.0,1000000.0,0.0,1000000.0,0.0,0.0
2022-03-22,164.38,160.94,[],0,0,0,0.0,0.0,0.0,0.0,0.0,0.0,0.0,1000000.0,0.0,1000000.0,0.0,0.0
2022-03-23,165.77,164.38,[],0,0,0,0.0,0.0,0.0,0.0,0.0,0.0,0.0,1000000.0,0.0,1000000.0,0.0,0.0
2022-03-24,169.63,165.77,[],0,0,0,0.0,0.0,0.0,0.0,0.0,0.0,0.0,1000000.0,0.0,1000000.0,0.0,0.0
2022-03-25,170.28,169.63,[],0,0,0,0.0,0.0,0.0,0.0,0.0,0.0,0.0,1000000.0,0.0,1000000.0,0.0,0.0
2022-03-28,171.16,170.28,[],0,0,0,0.0,0.0,0.0,0.0,0.0,0.0,0.0,1000000.0,0.0,1000000.0,0.0,0.0
2022-03-29,174.52,171.16,[],0,0,0,0.0,0.0,0.0,0.0,0.0,0.0,0.0,1000000.0,0.0,1000000.0,0.0,0.0
2022-03-30,173.33,174.52,[],0,0,0,0.0,0.0,0.0,0.0,-0.0,0.0,0.0,1000000.0,0.0,1000000.0,0.0,0.0
2022-03-31,170.17,173.33,[],0,0,0,0.0,0.0,0.0,0.0,-0.0,0.0,0.0,1000000.0,0.0,1000000.0,0.0,0.0
2022-04-01,169.87,170.17,[],0,0,0,0.0,0.0,0.0,0.0,-0.0,0.0,0.0,1000000.0,0.0,1000000.0,0.0,0.0
2022-04-04,174.0,169.87,[],0,0,0,0.0,0.0,0.0,0.0,0.0,0.0,0.0,1000000.0,0.0,1000000.0,0.0,0.0
2022-04-05,170.62,174.0,[],0,0,0,0.0,0.0,0.0,0.0,-0.0,0.0,0.0,1000000.0,0.0,1000000.0,0.0,0.0
2022-04-06,167.39,170.62,[],0,0,0,0.0,0.0,0.0,0.0,-0.0,0.0,0.0,1000000.0,0.0,1000000.0,0.0,0.0
2022-04-07,167.7,167.39,[],0,0,0,0.0,0.0,0.0,0.0,0.0,0.0,0.0,1000000.0,0.0,1000000.0,0.0,0.0
2022-04-08,165.65,167.7,[],0,0,0,0.0,0.0,0.0,0.0,-0.0,0.0,0.0,1000000.0,0.0,1000000.0,0.0,0.0
2022-04-11,161.31,165.65,[],0,0,0,0.0,0.0,0.0,0.0,-0.0,0.0,0.0,1000000.0,0.0,1000000.0,0.0,0.0
2022-04-12,163.22,161.31,[],0,0,0,0.0,0.0,0.0,0.0,0.0,0.0,0.0,1000000.0,0.0,1000000.0,0.0,0.0
2022-04-13,165.96,163.22,[],0,0,0,0.0,0.0,0.0,0.0,0.0,0.0,0.0,1000000.0,0.0,1000000.0,0.0,0.0
2022-04-14,160.85,165.96,[],0,0,0,0.0,0.0,0.0,0.0,-0.0,0.0,0.0,1000000.0,0.0,1000000.0,0.0,0.0
2022-04-18,160.63,160.85,[],0,0,0,0.0,0.0,0.0,0.0,-0.0,0.0,0.0,1000000.0,0.0,1000000.0,0.0,0.0
2022-04-19,162.96,160.63,[],0,0,0,0.0,0.0,0.0,0.0,0.0,0.0,0.0,1000000.0,0.0,1000000.0,0.0,0.0
2022-04-20,162.79,162.96,[],0,0,0,0.0,0.0,0.0,0.0,-0.0,0.0,0.0,1000000.0,0.0,1000000.0,0.0,0.0
2022-04-21,161.98,162.79,[],0,0,0,0.0,0.0,0.0,0.0,-0.0,0.0,0.0,1000000.0,0.0,1000000.0,0.0,0.0
2022-04-22,157.35,161.98,[],0,0,0,0.0,0.0,0.0,0.0,-0.0,0.0,0.0,1000000.0,0.0,1000000.0,0.0,0.0
2022-04-25,158.44,157.35,[],0,0,0,0.0,0.0,0.0,0.0,0.0,0.0,0.0,1000000.0,0.0,1000000.0,0.0,0.0
2022-04-26,152.36,158.44,[],0,0,0,0.0,0.0,0.0,0.0,-0.0,0.0,0.0,1000000.0,0.0,1000000.0,0.0,0.0
2022-04-27,152.13,152.36,[],0,0,0,0.0,0.0,0.0,0.0,-0.0,0.0,0.0,1000000.0,0.0,1000000.0,0.0,0.0
2022-04-28,159.2,152.13,[],0,0,0,0.0,0.0,0.0,0.0,0.0,0.0,0.0,1000000.0,0.0,1000000.0,0.0,0.0
2022-04-29,153.21,159.2,[],0,0,0,0.0,0.0,0.0,0.0,-0.0,0.0,0.0,1000000.0,0.0,1000000.0,0.0,0.0
2022-05-02,153.52,153.21,[],0,0,0,0.0,0.0,0.0,0.0,0.0,0.0,0.0,1000000.0,0.0,1000000.0,0.0,0.0
2022-05-03,155.04,153.52,[],0,0,0,0.0,0.0,0.0,0.0,0.0,0.0,0.0,1000000.0,0.0,1000000.0,0.0,0.0
2022-05-04,161.58,155.04,[],0,0,0,0.0,0.0,0.0,0.0,0.0,0.0,0.0,1000000.0,0.0,1000000.0,0.0,0.0
2022-05-05,152.33,161.58,[],0,0,0,0.0,0.0,0.0,0.0,-0.0,0.0,0.0,1000000.0,0.0,1000000.0,0.0,0.0
2022-05-06,153.07,152.33,[],0,0,0,0.0,0.0,0.0,0.0,0.0,0.0,0.0,1000000.0,0.0,1000000.0,0.0,0.0
2022-05-09,147.85,153.07,[],0,0,0,0.0,0.0,0.0,0.0,-0.0,0.0,0.0,1000000.0,0.0,1000000.0,0.0,0.0
2022-05-10,150.3,147.85,[],0,0,0,0.0,0.0,0.0,0.0,0.0,0.0,0.0,1000000.0,0.0,1000000.0,0.0,0.0
2022-05-11,142.29,150.3,[],0,0,0,0.0,0.0,0.0,0.0,-0.0,0.0,0.0,1000000.0,0.0,1000000.0,0.0,0.0
2022-05-12,138.35,142.29,[],0,0,0,0.0,0.0,0.0,0.0,-0.0,0.0,0.0,1000000.0,0.0,1000000.0,0.0,0.0
2022-05-13,142.9,138.35,[],0,0,0,0.0,0.0,0.0,0.0,0.0,0.0,0.0,1000000.0,0.0,1000000.0,0.0,0.0
2022-05-16,141.33,142.9,[],0,0,0,0.0,0.0,0.0,0.0,-0.0,0.0,0.0,1000000.0,0.0,1000000.0,0.0,0.0
2022-05-17,145.03,141.33,[],0,0,0,0.0,0.0,0.0,0.0,0.0,0.0,0.0,1000000.0,0.0,1000000.0,0.0,0.0
2022-05-18,136.61,145.03,[],0,0,0,0.0,0.0,0.0,0.0,-0.0,0.0,0.0,1000000.0,0.0,1000000.0,0.0,0.0
2022-05-19,133.14,136.61,[],0,0,0,0.0,0.0,0.0,0.0,-0.0,0.0,0.0,1000000.0,0.0,1000000.0,0.0,0.0
2022-05-20,133.38,133.14,[],0,0,0,0.0,0.0,0.0,0.0,0.0,0.0,0.0,1000000.0,0.0,1000000.0,0.0,0.0
2022-05-23,138.9,133.38,[],0,0,0,0.0,0.0,0.0,0.0,0.0,0.0,0.0,1000000.0,0.0,1000000.0,0.0,0.0
2022-05-24,136.15,138.9,[],0,0,0,0.0,0.0,0.0,0.0,-0.0,0.0,0.0,1000000.0,0.0,1000000.0,0.0,0.0
2022-05-25,136.31,136.15,[],0,0,0,0.0,0.0,0.0,0.0,0.0,0.0,0.0,1000000.0,0.0,1000000.0,0.0,0.0
2022-05-26,139.57,136.31,[],0,0,0,0.0,0.0,0.0,0.0,0.0,0.0,0.0,1000000.0,0.0,1000000.0,0.0,0.0
2022-05-27,145.43,139.57,[],0,0,0,0.0,0.0,0.0,0.0,0.0,0.0,0.0,1000000.0,0.0,1000000.0,0.0,0.0
2022-05-31,144.63,145.43,[],0,0,0,0.0,0.0,0.0,0.0,-0.0,0.0,0.0,1000000.0,0.0,1000000.0,0.0,0.0
2022-06-01,144.5,144.63,[],0,0,0,0.0,0.0,0.0,0.0,-0.0,0.0,0.0,1000000.0,0.0,1000000.0,0.0,0.0
2022-06-02,147.0,144.5,[],0,0,0,0.0,0.0,0.0,0.0,0.0,0.0,0.0,1000000.0,0.0,1000000.0,0.0,0.0
2022-06-03,141.17,147.0,"[TradeData(gateway_name='BACKTESTING', extra=None, symbol='AAPL', exchange=<Exchange.NASDAQ: 'NASDAQ'>, orderid='1', tradeid='1', direction=<Direction.LONG: 'Long'>, offset=<Offset.OPEN: 'Open'>, price=142.69, volume=100, datetime=datetime.datetime(2022, 6, 3, 0, 0, tzinfo=zoneinfo.ZoneInfo(key='Asia/Shanghai')))]",1,0,100,14269.0,7.1345,1.0,-152.00000000000102,-0.0,-152.00000000000102,-160.13450000000103,999839.8655,-0.00016014732289806432,1000000.0,-160.13450000004377,-0.016013450000004377
2022-06-06,141.93,141.17,[],0,100,100,0.0,0.0,0.0,0.0,76.00000000000193,76.00000000000193,76.00000000000193,999915.8655,7.600928339246411e-05,1000000.0,-84.13450000004377,-0.008413450000004378
2022-06-07,144.5,141.93,[],0,100,100,0.0,0.0,0.0,0.0,256.9999999999993,256.9999999999993,256.9999999999993,1000172.8655,0.0002569885999866236,1000172.8655,0.0,0.0
2022-06-08,143.75,144.5,[],0,100,100,0.0,0.0,0.0,0.0,-75.0,-75.0,-75.0,1000097.8655,-7.498984899677709e-05,1000172.8655,-75.0,-0.007498703732829873
2022-06-09,138.43,143.75,[],0,100,100,0.0,0.0,0.0,0.0,-531.9999999999993,-531.9999999999993,-531.9999999999993,999565.8655,-0.000532089475149477,1000172.8655,-607.0,-0.06068950887770311
2022-06-10,132.92,138.43,[],0,100,100,0.0,0.0,0.0,0.0,-551.0000000000019,-551.0000000000019,-551.0000000000019,999014.8655,-0.0005513913002497843,1000172.8655,-1158.0,-0.11577998563489325
2022-06-13,127.67,132.92,[],0,100,100,0.0,0.0,0.0,0.0,-524.9999999999986,-524.9999999999986,-524.9999999999986,998489.8655,-0.000525655838447892,1000172.8655,-1683.0,-0.16827091176470235
2022-06-14,128.55,127.67,[],0,100,100,0.0,0.0,0.0,0.0,88.00000000000097,88.00000000000097,88.00000000000097,998577.8655,8.81292093311101e-05,1000172.8655,-1595.0,-0.15947243271818196
2022-06-15,131.22,128.55,[],0,100,100,0.0,0.0,0.0,0.0,266.99999999999875,266.99999999999875,266.99999999999875,998844.8655,0.00026734451095054656,1000172.8655,-1328.0,-0.13277704742930763
2022-06-16,125.85,131.22,[],0,100,100,0.0,0.0,0.0,0.0,-537.0000000000005,-537.0000000000005,-537.0000000000005,998307.8655,-0.0005377655945947059,1000172.8655,-1865.0,-0.1864677661563695
2022-06-17,127.35,125.85,[],0,100,100,0.0,0.0,0.0,0.0,150.0,150.0,150.0,998457.8655,0.00015024296336154869,1000172.8655,-1715.0,-0.17147035869070976
2022-06-21,131.66,127.35,[],0,100,100,0.0,0.0,0.0,0.0,431.0000000000002,431.0000000000002,431.0000000000002,998888.8655,0.00043157254571809785,1000172.8655,-1284.0,-0.12837780790604741
2022-06-22,131.14,131.66,[],0,100,100,0.0,0.0,0.0,0.0,-52.00000000000102,-52.00000000000102,-52.00000000000102,998836.8655,-5.205919832222424e-05,1000172.8655,-1336.0,-0.13357690916080947
2022-06-23,134.06,131.14,[],0,100,100,0.0,0.0,0.0,0.0,292.0000000000016,292.0000000000016,292.0000000000016,999128.8655,0.0002922973077549283,1000172.8655,-1044.0,-0.10438195596099184
2022-06-24,137.45,134.06,[],0,100,100,0.0,0.0,0.0,0.0,338.99999999999864,338.99999999999864,338.99999999999864,999467.8655,0.0003392380243525991,1000172.8655,-705.0,-0.0704878150886008
2022-06-27,137.45,137.45,[],0,100,100,0.0,0.0,0.0,0.0,0.0,0.0,0.0,999467.8655,0.0,1000172.8655,-705.0,-0.0704878150886008
2022-06-28,133.23,137.45,[],0,100,100,0.0,0.0,0.0,0.0,-421.9999999999999,-421.9999999999999,-421.9999999999999,999045.8655,-0.00042231384225796027,1000172.8655,-1127.0,-0.11268052142532356
2022-06-29,135.02,133.23,[],0,100,100,0.0,0.0,0.0,0.0,179.00000000000205,179.00000000000205,179.00000000000205,999224.8655,0.00017915490398952893,1000172.8655,-948.0,-0.09478361518296959
2022-06-30,132.51,135.02,[],0,100,100,0.0,0.0,0.0,0.0,-251.00000000000193,-251.00000000000193,-251.00000000000193,998973.8655,-0.0002512262643611519,1000172.8655,-1199.0,-0.11987927700884023
2022-07-01,134.72,132.51,[],0,100,100,0.0,0.0,0.0,0.0,221.0000000000008,221.0000000000008,221.0000000000008,999194.8655,0.0002212025415796639,1000172.8655,-978.0,-0.09778309667610155
2022-07-05,137.35,134.72,[],0,100,100,0.0,0.0,0.0,0.0,262.99999999999955,262.99999999999955,262.99999999999955,999457.8655,0.0002631772868180379,1000172.8655,-715.0,-0.07148764225297811
2022-07-06,138.71,137.35,[],0,100,100,0.0,0.0,0.0,0.0,136.00000000000136,136.00000000000136,136.00000000000136,999593.8655,0.00013606451308963483,1000172.8655,-579.0,-0.057889992817446626
2022-07-07,142.14,138.71,[],0,100,100,0.0,0.0,0.0,0.0,342.99999999999784,342.99999999999784,342.99999999999784,999936.8655,0.0003430805018864114,1000172.8655,-236.0,-0.023595921079304666
2022-07-08,142.83,142.14,[],0,100,100,0.0,0.0,0.0,0.0,69.00000000000261,69.00000000000261,69.00000000000261,1000005.8655,6.900197586456376e-05,1000172.8655,-167.0,-0.016697113645101184
2022-07-11,140.66,142.83,[],0,100,100,0.0,0.0,0.0,0.0,-217.0000000000016,-217.0000000000016,-217.0000000000016,999788.8655,-0.0002170222748243407,1000172.8655,-384.0,-0.03839336311208895
2022-07-12,141.65,140.66,[],0,100,100,0.0,0.0,0.0,0.0,99.00000000000091,99.00000000000091,99.00000000000091,999887.8655,9.901600448315915e-05,1000172.8655,-285.0,-0.02849507418475352
2022-07-13,141.28,141.65,[],0,100,100,0.0,0.0,0.0,0.0,-37.000000000000455,-37.000000000000455,-37.000000000000455,999850.8655,-3.7004834112172344e-05,1000172.8655,-322.0,-0.03219443469294959
2022-07-14,144.26,141.28,[],0,100,100,0.0,0.0,0.0,0.0,297.999999999999,297.999999999999,297.999999999999,1000148.8655,0.0002980000422862029,1000172.8655,-24.0,-0.0023995851945055593
2022-07-15,145.96,144.26,[],0,100,100,0.0,0.0,0.0,0.0,170.0000000000017,170.0000000000017,170.0000000000017,1000318.8655,0.00016996025256969327,1000318.8655,0.0,0.0
2022-07-18,142.86,145.96,[],0,100,100,0.0,0.0,0.0,0.0,-309.99999999999943,-309.99999999999943,-309.99999999999943,1000008.8655,-0.0003099492124991086,1000318.8655,-310.0,-0.0309901183204267
2022-07-19,146.79,142.86,[],0,100,100,0.0,0.0,0.0,0.0,392.99999999999784,392.99999999999784,392.99999999999784,1000401.8655,0.00039291931298487883,1000401.8655,0.0,0.0
2022-07-20,148.83,146.79,[],0,100,100,0.0,0.0,0.0,0.0,204.00000000000205,204.00000000000205,204.00000000000205,1000605.8655,0.0002038972639098615,1000605.8655,0.0,0.0
2022-07-21,151.14,148.83,[],0,100,100,0.0,0.0,0.0,0.0,230.99999999999739,230.99999999999739,230.99999999999739,1000836.8655,0.00023083348571285338,1000836.8655,0.0,0.0
2022-07-22,149.88,151.14,[],0,100,100,0.0,0.0,0.0,0.0,-125.99999999999909,-125.99999999999909,-125.99999999999909,1000710.8655,-0.00012590256851228605,1000836.8655,-126.0,-0.012589464311654096
2022-07-25,148.74,149.88,[],0,100,100,0.0,0.0,0.0,0.0,-113.99999999999864,-113.99999999999864,-113.99999999999864,1000596.8655,-0.00011392550816394944,1000836.8655,-240.0,-0.02397993202219828
2022-07-26,147.39,148.74,[],0,100,100,0.0,0.0,0.0,0.0,-135.00000000000227,-135.00000000000227,-135.00000000000227,1000461.8655,-0.0001349285736729486,1000836.8655,-375.0,-0.037468643784684806
2022-07-27,152.58,147.39,[],0,100,100,0.0,0.0,0.0,0.0,519.0000000000026,519.0000000000026,519.0000000000026,1000980.8655,0.0005186258928064959,1000980.8655,0.0,0.0
2022-07-28,153.14,152.58,[],0,100,100,0.0,0.0,0.0,0.0,55.999999999997385,55.999999999997385,55.999999999997385,1001036.8655,5.594356048639887e-05,1001036.8655,0.0,0.0
2022-07-29,158.3,153.14,[],0,100,100,0.0,0.0,0.0,0.0,516.0000000000025,516.0000000000025,516.0000000000025,1001552.8655,0.0005153327248528888,1001552.8655,0.0,0.0
2022-08-01,157.3,158.3,[],0,100,100,0.0,0.0,0.0,0.0,-100.0,-100.0,-100.0,1001452.8655,-9.984993905447368e-05,1001552.8655,-100.0,-0.009984495421525005
2022-08-02,155.8,157.3,[],0,100,100,0.0,0.0,0.0,0.0,-150.0,-150.0,-150.0,1001302.8655,-0.00014979360484020264,1001552.8655,-250.0,-0.024961238553812517
2022-08-03,161.92,155.8,[],0,100,100,0.0,0.0,0.0,0.0,611.9999999999976,611.9999999999976,611.9999999999976,1001914.8655,0.0006110169749095365,1001914.8655,0.0,0.0
2022-08-04,161.6,161.92,[],0,100,100,0.0,0.0,0.0,0.0,-31.999999999999318,-31.999999999999318,-31.999999999999318,1001882.8655,-3.1939351470158635e-05,1001914.8655,-32.0,-0.0031938841414465473
2022-08-05,161.37,161.6,[],0,100,100,0.0,0.0,0.0,0.0,-22.999999999998977,-22.999999999998977,-22.999999999998977,1001859.8655,-2.2957038990279952e-05,1001914.8655,-55.0,-0.005489488368111252
2022-08-08,160.89,161.37,[],0,100,100,0.0,0.0,0.0,0.0,-48.00000000000182,-48.00000000000182,-48.00000000000182,1001811.8655,-4.7912039948043684e-05,1001914.8655,-103.0,-0.010280314580281072
2022-08-09,160.94,160.89,[],0,100,100,0.0,0.0,0.0,0.0,5.000000000001137,5.000000000001137,5.000000000001137,1001816.8655,4.990944602409035e-06,1001914.8655,-98.0,-0.00978127018318005
2022-08-10,165.26,160.94,[],0,100,100,0.0,0.0,0.0,0.0,431.9999999999993,431.9999999999993,431.9999999999993,1002248.8655,0.0004311235904180997,1002248.8655,0.0,0.0
2022-08-11,164.51,165.26,[],0,100,100,0.0,0.0,0.0,0.0,-75.0,-75.0,-75.0,1002173.8655,-7.483451357342109e-05,1002248.8655,-75.0,-0.007483171354111152
2022-08-12,168.12,164.51,[],0,100,100,0.0,0.0,0.0,0.0,361.00000000000136,361.00000000000136,361.00000000000136,1002534.8655,0.0003601520742835519,1002534.8655,0.0,0.0
2022-08-15,169.21,168.12,[],0,100,100,0.0,0.0,0.0,0.0,109.00000000000034,109.00000000000034,109.00000000000034,1002643.8655,0.00010871848820479256,1002643.8655,0.0,0.0
2022-08-16,169.05,169.21,[],0,100,100,0.0,0.0,0.0,0.0,-15.999999999999659,-15.999999999999659,-15.999999999999659,1002627.8655,-1.595793702463085e-05,1002643.8655,-16.0,-0.0015957809697485254
2022-08-17,170.57,169.05,[],0,100,100,0.0,0.0,0.0,0.0,151.99999999999818,151.99999999999818,151.99999999999818,1002779.8655,0.00015159012099286355,1002779.8655,0.0,0.0
2022-08-18,170.17,170.57,[],0,100,100,0.0,0.0,0.0,0.0,-40.00000000000057,-40.00000000000057,-40.00000000000057,1002739.8655,-3.9889909221026895e-05,1002779.8655,-40.0,-0.003988911362919662
2022-08-19,167.54,170.17,[],0,100,100,0.0,0.0,0.0,0.0,-262.99999999999955,-262.99999999999955,-262.99999999999955,1002476.8655,-0.00026231578606155753,1002779.8655,-303.0,-0.030216003574116437
2022-08-22,163.59,167.54,[],0,100,100,0.0,0.0,0.0,0.0,-394.99999999999886,-394.99999999999886,-394.99999999999886,1002081.8655,-0.00039410170328654695,1002779.8655,-698.0,-0.0696065032829481
2022-08-23,163.25,163.59,[],0,100,100,0.0,0.0,0.0,0.0,-34.00000000000034,-34.00000000000034,-34.00000000000034,1002047.8655,-3.3929939242327075e-05,1002779.8655,-732.0,-0.07299707794142982
2022-08-24,163.55,163.25,[],0,100,100,0.0,0.0,0.0,0.0,30.000000000001137,30.000000000001137,30.000000000001137,1002077.8655,2.9938241436935986e-05,1002779.8655,-702.0,-0.07000539441924007
2022-08-25,166.05,163.55,[],0,100,100,0.0,0.0,0.0,0.0,250.0,250.0,250.0,1002327.8655,0.0002494504954060757,1002779.8655,-452.0,-0.04507469840099218
2022-08-26,159.64,166.05,[],0,100,100,0.0,0.0,0.0,0.0,-641.0000000000025,-641.0000000000025,-641.0000000000025,1001686.8655,-0.000639715878276146,1002779.8655,-1093.0,-0.10899700299177977
2022-08-29,157.4,159.64,"[TradeData(gateway_name='BACKTESTING', extra=None, symbol='AAPL', exchange=<Exchange.NASDAQ: 'NASDAQ'>, orderid='4', tradeid='2', direction=<Direction.SHORT: 'Short'>, offset=<Offset.CLOSE: 'Close'>, price=158.04, volume=100, datetime=datetime.datetime(2022, 8, 29, 0, 0, tzinfo=zoneinfo.ZoneInfo(key='Asia/Shanghai'))), TradeData(gateway_name='BACKTESTING', extra=None, symbol='AAPL', exchange=<Exchange.NASDAQ: 'NASDAQ'>, orderid='5', tradeid='3', direction=<Direction.SHORT: 'Short'>, offset=<Offset.OPEN: 'Open'>, price=158.04, volume=100, datetime=datetime.datetime(2022, 8, 29, 0, 0, tzinfo=zoneinfo.ZoneInfo(key='Asia/Shanghai')))]",2,100,-100,31608.0,15.804,2.0,127.99999999999727,-223.99999999999807,-96.0000000000008,-113.8040000000008,1001573.0615,-0.0001136188056163431,1002779.8655,-1206.8040000000037,-0.12034585471042286
2022-08-30,154.93,157.4,[],0,-100,-100,0.0,0.0,0.0,0.0,246.9999999999999,246.9999999999999,246.9999999999999,1001820.0615,0.00024658166029996754,1002779.8655,-959.8040000000037,-0.09571432704439395
2022-08-31,153.24,154.93,[],0,-100,-100,0.0,0.0,0.0,0.0,168.99999999999977,168.99999999999977,168.99999999999977,1001989.0615,0.00016867874136399527,1002779.8655,-790.8040000000037,-0.07886117653605837
2022-09-01,153.98,153.24,[],0,-100,-100,0.0,0.0,0.0,0.0,-73.99999999999807,-73.99999999999807,-73.99999999999807,1001915.0615,-7.385582891346672e-05,1002779.8655,-864.8040000000037,-0.08624066255745975
2022-09-02,151.83,153.98,[],0,-100,-100,0.0,0.0,0.0,0.0,214.99999999999773,214.99999999999773,214.99999999999773,1002130.0615,0.00021456602783773545,1002779.8655,-649.8040000000037,-0.06480026398176657
2022-09-06,150.55,151.83,[],0,-100,-100,0.0,0.0,0.0,0.0,128.0000000000001,128.0000000000001,128.0000000000001,1002258.0615,0.00012771977513255305,1002779.8655,-521.8040000000037,-0.05203574762042366
2022-09-07,151.98,150.55,[],0,-100,-100,0.0,0.0,0.0,0.0,-142.99999999999784,-142.99999999999784,-142.99999999999784,1002115.0615,-0.00014268800414621996,1002779.8655,-664.8040000000037,-0.06629610574286143
2022-09-08,150.48,151.98,[],0,-100,-100,0.0,0.0,0.0,0.0,150.0,150.0,150.0,1002265.0615,0.00014967220893766816,1002779.8655,-514.8040000000037,-0.05133768813191271
2022-09-09,153.39,150.48,[],0,-100,-100,0.0,0.0,0.0,0.0,-290.99999999999966,-290.99999999999966,-290.99999999999966,1001974.0615,-0.0002903845142083157,1002779.8655,-805.8040000000037,-0.08035701829715325
2022-09-12,159.45,153.39,[],0,-100,-100,0.0,0.0,0.0,0.0,-606.0000000000002,-606.0000000000002,-606.0000000000002,1001368.0615,-0.0006049890445832955,1002779.8655,-1411.8040000000037,-0.14078902544538613
2022-09-13,149.86,159.45,[],0,-100,-100,0.0,0.0,0.0,0.0,958.9999999999975,958.9999999999975,958.9999999999975,1002327.0615,0.0009572315291071875,1002779.8655,-452.8040000000037,-0.04515487551938724
2022-09-14,151.33,149.86,[],0,-100,-100,0.0,0.0,0.0,0.0,-146.9999999999999,-146.9999999999999,-146.9999999999999,1002180.0615,-0.00014666947158916156,1002779.8655,-599.8040000000037,-0.05981412477811699
2022-09-15,148.39,151.33,[],0,-100,-100,0.0,0.0,0.0,0.0,294.0000000000026,294.0000000000026,294.0000000000026,1002474.0615,0.00029331743439900177,1002779.8655,-305.8040000000037,-0.030495626260657476
2022-09-16,146.72,148.39,[],0,-100,-100,0.0,0.0,0.0,0.0,166.99999999999875,166.99999999999875,166.99999999999875,1002641.0615,0.0001665739771952593,1002779.8655,-138.80400000000373,-0.01384192132046789
2022-09-19,150.5,146.72,[],0,-100,-100,0.0,0.0,0.0,0.0,-378.0000000000001,-378.0000000000001,-378.0000000000001,1002263.0615,-0.00037707539242651147,1002779.8655,-516.8040000000037,-0.0515371337000587
2022-09-20,152.92,150.5,[],0,-100,-100,0.0,0.0,0.0,0.0,-241.99999999999875,-241.99999999999875,-241.99999999999875,1002021.0615,-0.00024148273031651178,1002779.8655,-758.8040000000037,-0.07567004744572264
2022-09-21,149.74,152.92,[],0,-100,-100,0.0,0.0,0.0,0.0,317.99999999999784,317.99999999999784,317.99999999999784,1002339.0615,0.0003173082511661459,1002779.8655,-440.8040000000037,-0.04395820211051134
2022-09-22,148.76,149.74,[],0,-100,-100,0.0,0.0,0.0,0.0,98.00000000000182,98.00000000000182,98.00000000000182,1002437.0615,9.776652759743078e-05,1002779.8655,-342.8040000000037,-0.034185369271358165
2022-09-23,146.45,148.76,[],0,-100,-100,0.0,0.0,0.0,0.0,231.00000000000023,231.00000000000023,231.00000000000023,1002668.0615,0.00023041186057758955,1002779.8655,-111.80400000000373,-0.011149406150497119
2022-09-26,146.79,146.45,[],0,-100,-100,0.0,0.0,0.0,0.0,-34.00000000000034,-34.00000000000034,-34.00000000000034,1002634.0615,-3.391010223677931e-05,1002779.8655,-145.80400000000373,-0.014539980808978831
2022-09-27,147.78,146.79,[],0,-100,-100,0.0,0.0,0.0,0.0,-99.00000000000091,-99.00000000000091,-99.00000000000091,1002535.0615,-9.874478810281624e-05,1002779.8655,-244.80400000000373,-0.024412536432204993
2022-09-28,145.86,147.78,[],0,-100,-100,0.0,0.0,0.0,0.0,191.99999999999875,191.99999999999875,191.99999999999875,1002727.0615,0.00019149616240648825,1002779.8655,-52.804000000003725,-0.005265761890190617
2022-09-29,138.5,145.86,[],0,-100,-100,0.0,0.0,0.0,0.0,736.0000000000014,736.0000000000014,736.0000000000014,1003463.0615,0.0007337290963417467,1003463.0615,0.0,0.0
2022-09-30,134.22,138.5,[],0,-100,-100,0.0,0.0,0.0,0.0,428.0000000000001,428.0000000000001,428.0000000000001,1003891.0615,0.0004264319898334914,1003891.0615,0.0,0.0
2022-10-03,138.47,134.22,[],0,-100,-100,0.0,0.0,0.0,0.0,-425.0,-425.0,-425.0,1003466.0615,-0.00042344234763285593,1003891.0615,-425.0,-0.04233527085747441
2022-10-04,142.12,138.47,[],0,-100,-100,0.0,0.0,0.0,0.0,-365.00000000000057,-365.00000000000057,-365.00000000000057,1003101.0615,-0.00036380542653370314,1003891.0615,-790.0,-0.07869379759389361
2022-10-05,142.42,142.12,[],0,-100,-100,0.0,0.0,0.0,0.0,-29.999999999998295,-29.999999999998295,-29.999999999998295,1003071.0615,-2.990770299146562e-05,1003891.0615,-820.0,-0.08168216965442122
2022-10-06,141.45,142.42,[],0,-100,-100,0.0,0.0,0.0,0.0,96.99999999999989,96.99999999999989,96.99999999999989,1003168.0615,9.669834364573489e-05,1003891.0615,-723.0,-0.07201976665871529
2022-10-07,136.11,141.45,[],0,-100,-100,0.0,0.0,0.0,0.0,533.9999999999975,533.9999999999975,533.9999999999975,1003702.0615,0.0005321719691599678,1003891.0615,-189.0,-0.018826743981323914
2022-10-10,136.44,136.11,[],0,-100,-100,0.0,0.0,0.0,0.0,-32.99999999999841,-32.99999999999841,-32.99999999999841,1003669.0615,-3.287882307850087e-05,1003891.0615,-222.0,-0.022113953247904283
2022-10-11,135.0,136.44,[],0,-100,-100,0.0,0.0,0.0,0.0,143.99999999999977,143.99999999999977,143.99999999999977,1003813.0615,0.00014346329523660595,1003891.0615,-78.0,-0.007769767357371774
2022-10-12,134.36,135.0,[],0,-100,-100,0.0,0.0,0.0,0.0,63.999999999998636,63.999999999998636,63.999999999998636,1003877.0615,6.375485866911942e-05,1003891.0615,-14.0,-0.0013945736282462158
2022-10-13,139.01,134.36,[],0,-100,-100,0.0,0.0,0.0,0.0,-464.9999999999977,-464.9999999999977,-464.9999999999977,1003412.0615,-0.000463311441276572,1003891.0615,-479.0,-0.047714340566424096
2022-10-14,134.4,139.01,[],0,-100,-100,0.0,0.0,0.0,0.0,460.9999999999985,460.9999999999985,460.9999999999985,1003873.0615,0.00045932688168995653,1003891.0615,-18.0,-0.0017930232363165635
2022-10-17,138.43,134.4,[],0,-100,-100,0.0,0.0,0.0,0.0,-403.0000000000001,-403.0000000000001,-403.0000000000001,1003470.0615,-0.000401525778823646,1003891.0615,-421.0,-0.041936821249404066
2022-10-18,139.77,138.43,[],0,-100,-100,0.0,0.0,0.0,0.0,-134.00000000000034,-134.00000000000034,-134.00000000000034,1003336.0615,-0.0001335455365252703,1003891.0615,-555.0,-0.0552848831197607
2022-10-19,139.88,139.77,[],0,-100,-100,0.0,0.0,0.0,0.0,-10.999999999998522,-10.999999999998522,-10.999999999998522,1003325.0615,-1.0963485437581525e-05,1003891.0615,-566.0,-0.056380619541954155
2022-10-20,139.41,139.88,[],0,-100,-100,0.0,0.0,0.0,0.0,46.999999999999886,46.999999999999886,46.999999999999886,1003372.0615,4.6843142863845366e-05,1003891.0615,-519.0,-0.05169883664712758
2022-10-21,143.29,139.41,[],0,-100,-100,0.0,0.0,0.0,0.0,-387.99999999999955,-387.99999999999955,-387.99999999999955,1002984.0615,-0.00038677082337366817,1003891.0615,-907.0,-0.09034844862995128
2022-10-24,145.47,143.29,"[TradeData(gateway_name='BACKTESTING', extra=None, symbol='AAPL', exchange=<Exchange.NASDAQ: 'NASDAQ'>, orderid='6', tradeid='4', direction=<Direction.LONG: 'Long'>, offset=<Offset.CLOSE: 'Close'>, price=143.21, volume=100, datetime=datetime.datetime(2022, 10, 24, 0, 0, tzinfo=zoneinfo.ZoneInfo(key='Asia/Shanghai'))), TradeData(gateway_name='BACKTESTING', extra=None, symbol='AAPL', exchange=<Exchange.NASDAQ: 'NASDAQ'>, orderid='7', tradeid='5', direction=<Direction.LONG: 'Long'>, offset=<Offset.OPEN: 'Open'>, price=143.21, volume=100, datetime=datetime.datetime(2022, 10, 24, 0, 0, tzinfo=zoneinfo.ZoneInfo(key='Asia/Shanghai')))]",2,-100,100,28642.0,14.321,2.0,451.9999999999982,-218.00000000000068,233.9999999999975,217.6789999999975,1003201.7405,0.00021700781715944546,1003891.0615,-689.3209999999963,-0.06866492057116462
2022-10-25,148.36,145.47,[],0,100,100,0.0,0.0,0.0,0.0,289.0000000000015,289.0000000000015,289.0000000000015,1003490.7405,0.00028803616372149516,1003891.0615,-400.3209999999963,-0.03987693638808201
2022-10-26,145.37,148.36,[],0,100,100,0.0,0.0,0.0,0.0,-299.0000000000009,-299.0000000000009,-299.0000000000009,1003191.7405,-0.00029800429818254575,1003891.0615,-699.3209999999963,-0.06966104459134048
2022-10-27,140.82,145.37,[],0,100,100,0.0,0.0,0.0,0.0,-455.00000000000114,-455.00000000000114,-455.00000000000114,1002736.7405,-0.00045365526449529716,1003891.0615,-1154.3209999999963,-0.1149846875093425
2022-10-28,151.76,140.82,[],0,100,100,0.0,0.0,0.0,0.0,1093.9999999999998,1093.9999999999998,1093.9999999999998,1003830.7405,0.0010904194538757768,1003891.0615,-60.320999999996275,-0.006008719702102485
2022-10-31,149.36,151.76,[],0,100,100,0.0,0.0,0.0,0.0,-239.99999999999773,-239.99999999999773,-239.99999999999773,1003590.7405,-0.00023911271590452616,1003891.0615,-300.3209999999963,-0.02991569618632333
2022-11-01,146.67,149.36,[],0,100,100,0.0,0.0,0.0,0.0,-269.0000000000026,-269.0000000000026,-269.0000000000026,1003321.7405,-0.00026807347520893386,1003891.0615,-569.3209999999963,-0.056711432329054186
2022-11-02,141.05,146.67,[],0,100,100,0.0,0.0,0.0,0.0,-561.9999999999976,-561.9999999999976,-561.9999999999976,1002759.7405,-0.0005602962990539514,1003891.0615,-1131.3209999999963,-0.112693602262938
2022-11-03,134.9,141.05,[],0,100,100,0.0,0.0,0.0,0.0,-615.0000000000006,-615.0000000000006,-615.0000000000006,1002144.7405,-0.000613495580580038,1003891.0615,-1746.3209999999963,-0.17395522950375392
2022-11-04,134.63,134.9,[],0,100,100,0.0,0.0,0.0,0.0,-27.000000000001023,-27.000000000001023,-27.000000000001023,1002117.7405,-2.6942578886371487e-05,1003891.0615,-1773.3209999999963,-0.17664476435822876
2022-11-07,135.17,134.63,[],0,100,100,0.0,0.0,0.0,0.0,53.999999999999204,53.999999999999204,53.999999999999204,1002171.7405,5.388443188974942e-05,1003891.0615,-1719.3209999999963,-0.17126569464927907
2022-11-08,135.75,135.17,"[TradeData(gateway_name='BACKTESTING', extra=None, symbol='AAPL', exchange=<Exchange.NASDAQ: 'NASDAQ'>, orderid='8', tradeid='6', direction=<Direction.SHORT: 'Short'>, offset=<Offset.CLOSE: 'Close'>, price=136.66, volume=100, datetime=datetime.datetime(2022, 11, 8, 0, 0, tzinfo=zoneinfo.ZoneInfo(key='Asia/Shanghai'))), TradeData(gateway_name='BACKTESTING', extra=None, symbol='AAPL', exchange=<Exchange.NASDAQ: 'NASDAQ'>, orderid='9', tradeid='7', direction=<Direction.SHORT: 'Short'>, offset=<Offset.OPEN: 'Open'>, price=136.66, volume=100, datetime=datetime.datetime(2022, 11, 8, 0, 0, tzinfo=zoneinfo.ZoneInfo(key='Asia/Shanghai')))]",2,100,-100,27332.0,13.666,2.0,181.99999999999932,58.00000000000125,240.00000000000057,224.33400000000057,1002396.0745,0.0002238228103413053,1003891.0615,-1494.9869999999646,-0.1489192460550626
2022-11-09,131.12,135.75,[],0,-100,-100,0.0,0.0,0.0,0.0,462.99999999999955,462.99999999999955,462.99999999999955,1002859.0745,0.0004617866294557777,1003891.0615,-1031.9869999999646,-0.10279870392091987
2022-11-10,143.12,131.12,[],0,-100,-100,0.0,0.0,0.0,0.0,-1200.0,-1200.0,-1200.0,1001659.0745,-0.001197295363926041,1003891.0615,-2231.9869999999646,-0.2223335863420241
2022-11-11,145.95,143.12,[],0,-100,-100,0.0,0.0,0.0,0.0,-282.9999999999984,-282.9999999999984,-282.9999999999984,1001376.0745,-0.0002825711790672674,1003891.0615,-2514.9869999999646,-0.2505238961130012
2022-11-14,144.53,145.95,[],0,-100,-100,0.0,0.0,0.0,0.0,141.99999999999875,141.99999999999875,141.99999999999875,1001518.0745,0.00014179481258046187,1003891.0615,-2372.9869999999646,-0.23637893502650387
2022-11-15,146.29,144.53,[],0,-100,-100,0.0,0.0,0.0,0.0,-175.9999999999991,-175.9999999999991,-175.9999999999991,1001342.0745,-0.00017574866676621872,1003891.0615,-2548.9869999999646,-0.2539107177815991
2022-11-16,145.04,146.29,"[TradeData(gateway_name='BACKTESTING', extra=None, symbol='AAPL', exchange=<Exchange.NASDAQ: 'NASDAQ'>, orderid='10', tradeid='8', direction=<Direction.LONG: 'Long'>, offset=<Offset.CLOSE: 'Close'>, price=145.38, volume=100, datetime=datetime.datetime(2022, 11, 16, 0, 0, tzinfo=zoneinfo.ZoneInfo(key='Asia/Shanghai'))), TradeData(gateway_name='BACKTESTING', extra=None, symbol='AAPL', exchange=<Exchange.NASDAQ: 'NASDAQ'>, orderid='11', tradeid='9', direction=<Direction.LONG: 'Long'>, offset=<Offset.OPEN: 'Open'>, price=145.38, volume=100, datetime=datetime.datetime(2022, 11, 16, 0, 0, tzinfo=zoneinfo.ZoneInfo(key='Asia/Shanghai')))]",2,-100,100,29076.0,14.538,2.0,-68.00000000000068,125.0,56.99999999999932,40.46199999999932,1001382.5365,4.040695339072576e-05,1003891.0615,-2508.524999999907,-0.2498802007711578
2022-11-17,146.97,145.04,[],0,100,100,0.0,0.0,0.0,0.0,193.00000000000068,193.00000000000068,193.00000000000068,1001575.5365,0.000192714968125453,1003891.0615,-2315.524999999907,-0.23065500718176352
2022-11-18,147.54,146.97,[],0,100,100,0.0,0.0,0.0,0.0,56.99999999999932,56.99999999999932,56.99999999999932,1001632.5365,5.690871635717011e-05,1003891.0615,-2258.524999999907,-0.22497710026676107
2022-11-21,144.26,147.54,[],0,100,100,0.0,0.0,0.0,0.0,-328.0000000000001,-328.0000000000001,-328.0000000000001,1001304.5365,-0.0003275190292830952,1003891.0615,-2586.524999999907,-0.2576499681285295
2022-11-22,146.43,144.26,[],0,100,100,0.0,0.0,0.0,0.0,217.0000000000016,217.0000000000016,217.0000000000016,1001521.5365,0.00021669380459390074,1003891.0615,-2369.524999999907,-0.23603407689071323
2022-11-23,147.32,146.43,[],0,100,100,0.0,0.0,0.0,0.0,88.99999999999864,88.99999999999864,88.99999999999864,1001610.5365,8.886084073861424e-05,1003891.0615,-2280.524999999907,-0.227168573111148
2022-11-25,144.36,147.32,[],0,100,100,0.0,0.0,0.0,0.0,-295.99999999999795,-295.99999999999795,-295.99999999999795,1001314.5365,-0.0002955677235709211,1003891.0615,-2576.524999999907,-0.2566538441083537
2022-11-28,140.47,144.36,[],0,100,100,0.0,0.0,0.0,0.0,-389.0000000000015,-389.0000000000015,-389.0000000000015,1000925.5365,-0.0003885647981378767,1003891.0615,-2965.524999999907,-0.295403068493195
2022-11-29,137.42,140.47,[],0,100,100,0.0,0.0,0.0,0.0,-305.00000000000114,-305.00000000000114,-305.00000000000114,1000620.5365,-0.00030476440834923345,1003891.0615,-3270.524999999907,-0.3257848511085589
2022-11-30,144.28,137.42,[],0,100,100,0.0,0.0,0.0,0.0,686.0000000000014,686.0000000000014,686.0000000000014,1001306.5365,0.0006853396770569433,1003891.0615,-2584.524999999907,-0.25745074332449436
2022-12-01,144.56,144.28,[],0,100,100,0.0,0.0,0.0,0.0,28.000000000000114,28.000000000000114,28.000000000000114,1001334.5365,2.7963073742286172e-05,1003891.0615,-2556.524999999907,-0.2546615960680019
2022-12-02,144.06,144.56,[],0,100,100,0.0,0.0,0.0,0.0,-50.0,-50.0,-50.0,1001284.5365,-4.9934608817508214e-05,1003891.0615,-2606.524999999907,-0.25964221616888133
2022-12-05,142.88,144.06,"[TradeData(gateway_name='BACKTESTING', extra=None, symbol='AAPL', exchange=<Exchange.NASDAQ: 'NASDAQ'>, orderid='12', tradeid='10', direction=<Direction.SHORT: 'Short'>, offset=<Offset.CLOSE: 'Close'>, price=144.02, volume=100, datetime=datetime.datetime(2022, 12, 5, 0, 0, tzinfo=zoneinfo.ZoneInfo(key='Asia/Shanghai'))), TradeData(gateway_name='BACKTESTING', extra=None, symbol='AAPL', exchange=<Exchange.NASDAQ: 'NASDAQ'>, orderid='13', tradeid='11', direction=<Direction.SHORT: 'Short'>, offset=<Offset.OPEN: 'Open'>, price=144.02, volume=100, datetime=datetime.datetime(2022, 12, 5, 0, 0, tzinfo=zoneinfo.ZoneInfo(key='Asia/Shanghai')))]",2,100,-100,28804.000000000004,14.402000000000003,2.0,228.00000000000296,-118.00000000000068,110.00000000000227,93.59800000000227,1001378.1345,9.347355540543957e-05,1003891.0615,-2512.9269999999087,-0.2503186945648394
2022-12-06,139.16,142.88,[],0,-100,-100,0.0,0.0,0.0,0.0,371.9999999999999,371.9999999999999,371.9999999999999,1001750.1345,0.0003714190549188312,1003891.0615,-2140.9269999999087,-0.21326288101429705
2022-12-07,137.19,139.16,[],0,-100,-100,0.0,0.0,0.0,0.0,196.9999999999999,196.9999999999999,196.9999999999999,1001947.1345,0.00019663649163242575,1003891.0615,-1943.9269999999087,-0.19363923781683245
2022-12-08,138.9,137.19,[],0,-100,-100,0.0,0.0,0.0,0.0,-171.0000000000008,-171.0000000000008,-171.0000000000008,1001776.1345,-0.0001706822524454882,1003891.0615,-2114.9269999999087,-0.21067295856183982
2022-12-09,138.41,138.9,[],0,-100,-100,0.0,0.0,0.0,0.0,49.00000000000091,49.00000000000091,49.00000000000091,1001825.1345,4.8911927505749673e-05,1003891.0615,-2065.9269999999087,-0.20579195086297808
2022-12-12,140.74,138.41,[],0,-100,-100,0.0,0.0,0.0,0.0,-233.00000000000125,-233.00000000000125,-233.00000000000125,1001592.1345,-0.0002326025682775577,1003891.0615,-2298.9269999999087,-0.22900164053307578
2022-12-13,141.72,140.74,[],0,-100,-100,0.0,0.0,0.0,0.0,-97.99999999999898,-97.99999999999898,-97.99999999999898,1001494.1345,-9.784900590135284e-05,1003891.0615,-2396.9269999999087,-0.2387636559307993
2022-12-14,139.46,141.72,[],0,-100,-100,0.0,0.0,0.0,0.0,225.9999999999991,225.9999999999991,225.9999999999991,1001720.1345,0.00022563737135490052,1003891.0615,-2170.9269999999087,-0.21625125307482468
2022-12-15,132.75,139.46,[],0,-100,-100,0.0,0.0,0.0,0.0,671.0000000000008,671.0000000000008,671.0000000000008,1002391.1345,0.0006696235238552318,1003891.0615,-1499.9269999999087,-0.1494113313210239
2022-12-16,130.76,132.75,[],0,-100,-100,0.0,0.0,0.0,0.0,199.0000000000009,199.0000000000009,199.0000000000009,1002590.1345,0.00019850559576824184,1003891.0615,-1300.9269999999087,-0.12958846331952412
2022-12-19,128.62,130.76,[],0,-100,-100,0.0,0.0,0.0,0.0,213.99999999999864,213.99999999999864,213.99999999999864,1002804.1345,0.00021342436659003386,1003891.0615,-1086.9269999999087,-0.10827140928776054
2022-12-20,128.55,128.62,[],0,-100,-100,0.0,0.0,0.0,0.0,6.999999999999318,6.999999999999318,6.999999999999318,1002811.1345,6.980401583763309e-06,1003891.0615,-1079.9269999999087,-0.10757412247363743
2022-12-21,131.7,128.55,[],0,-100,-100,0.0,0.0,0.0,0.0,-314.9999999999977,-314.9999999999977,-314.9999999999977,1002496.1345,-0.0003141663200054328,1003891.0615,-1394.9269999999087,-0.13895202910917728
2022-12-22,128.48,131.7,[],0,-100,-100,0.0,0.0,0.0,0.0,321.9999999999999,321.9999999999999,321.9999999999999,1002818.1345,0.00032114667286354105,1003891.0615,-1072.9269999999087,-0.10687683565951431
2022-12-23,128.11,128.48,[],0,-100,-100,0.0,0.0,0.0,0.0,36.99999999999761,36.99999999999761,36.99999999999761,1002855.1345,3.6895341405892873e-05,1003891.0615,-1035.9269999999087,-0.1031911767848636
2022-12-27,126.28,128.11,[],0,-100,-100,0.0,0.0,0.0,0.0,183.00000000000125,183.00000000000125,183.00000000000125,1003038.1345,0.00018246235065026996,1003891.0615,-852.9269999999087,-0.0849621072156452
2022-12-28,122.29,126.28,[],0,-100,-100,0.0,0.0,0.0,0.0,398.9999999999995,398.9999999999995,398.9999999999995,1003437.1345,0.0003977123580079658,1003891.0615,-453.92699999990873,-0.045216758810628054
2022-12-29,125.86,122.29,[],0,-100,-100,0.0,0.0,0.0,0.0,-356.9999999999993,-356.9999999999993,-356.9999999999993,1003080.1345,-0.0003558404498007646,1003891.0615,-810.9269999999087,-0.08077838633090656
2022-12-30,126.18,125.86,[],0,-100,-100,0.0,0.0,0.0,0.0,-32.00000000000074,-32.00000000000074,-32.00000000000074,1003048.1345,-3.1902247226377784e-05,1003891.0615,-842.9269999999087,-0.08396598319546934
2023-01-03,121.32,126.18,[],0,-100,-100,0.0,0.0,0.0,0.0,486.00000000000136,486.00000000000136,486.00000000000136,1003534.1345,0.0004844057649781112,1003891.0615,-356.92699999990873,-0.035554355814922126
2023-01-04,122.61,121.32,[],0,-100,-100,0.0,0.0,0.0,0.0,-129.00000000000063,-129.00000000000063,-129.00000000000063,1003405.1345,-0.00012855396490587588,1003891.0615,-485.92699999990873,-0.04840435567519083
2023-01-05,121.27,122.61,[],0,-100,-100,0.0,0.0,0.0,0.0,134.00000000000034,134.00000000000034,134.00000000000034,1003539.1345,0.0001335363440518307,1003891.0615,-351.92699999990873,-0.035056293804834195
2023-01-06,125.87,121.27,[],0,-100,-100,0.0,0.0,0.0,0.0,-460.00000000000085,-460.00000000000085,-460.00000000000085,1003079.1345,-0.0004584828267184199,1003891.0615,-811.9269999999087,-0.08087799873292414
2023-01-09,126.4,125.87,[],0,-100,-100,0.0,0.0,0.0,0.0,-53.000000000000114,-53.000000000000114,-53.000000000000114,1003026.1345,-5.2838702765372064e-05,1003891.0615,-864.9269999999087,-0.08615745603985625
2023-01-10,126.98,126.4,[],0,-100,-100,0.0,0.0,0.0,0.0,-57.99999999999983,-57.99999999999983,-57.99999999999983,1002968.1345,-5.78266856615319e-05,1003891.0615,-922.9269999999087,-0.0919349753568763
2023-01-11,129.74,126.98,[],0,-100,-100,0.0,0.0,0.0,0.0,-276.0000000000005,-276.0000000000005,-276.0000000000005,1002692.1345,-0.00027522108904294037,1003891.0615,-1198.9269999999087,-0.11942799831373026
2023-01-12,129.66,129.74,[],0,-100,-100,0.0,0.0,0.0,0.0,8.00000000000125,8.00000000000125,8.00000000000125,1002700.1345,7.978488920736171e-06,1003891.0615,-1190.9269999999087,-0.11863109909758957
2023-01-13,131.01,129.66,"[TradeData(gateway_name='BACKTESTING', extra=None, symbol='AAPL', exchange=<Exchange.NASDAQ: 'NASDAQ'>, orderid='14', tradeid='12', direction=<Direction.LONG: 'Long'>, offset=<Offset.CLOSE: 'Close'>, price=128.28, volume=100, datetime=datetime.datetime(2023, 1, 13, 0, 0, tzinfo=zoneinfo.ZoneInfo(key='Asia/Shanghai'))), TradeData(gateway_name='BACKTESTING', extra=None, symbol='AAPL', exchange=<Exchange.NASDAQ: 'NASDAQ'>, orderid='15', tradeid='13', direction=<Direction.LONG: 'Long'>, offset=<Offset.OPEN: 'Open'>, price=128.28, volume=100, datetime=datetime.datetime(2023, 1, 13, 0, 0, tzinfo=zoneinfo.ZoneInfo(key='Asia/Shanghai')))]",2,-100,100,25656.0,12.828,2.0,545.999999999998,-134.99999999999943,410.9999999999985,396.17199999999855,1003096.3065,0.0003950271294270279,1003891.0615,-794.7550000000047,-0.0791674545654877
2023-01-17,132.19,131.01,[],0,100,100,0.0,0.0,0.0,0.0,118.00000000000068,118.00000000000068,118.00000000000068,1003214.3065,0.00011762884507669267,1003891.0615,-676.7550000000047,-0.06741319112741245
2023-01-18,131.46,132.19,[],0,100,100,0.0,0.0,0.0,0.0,-72.99999999999898,-72.99999999999898,-72.99999999999898,1003141.3065,-7.276875500953382e-05,1003891.0615,-749.7550000000047,-0.0746848964746963
2023-01-19,131.52,131.46,[],0,100,100,0.0,0.0,0.0,0.0,6.000000000000227,6.000000000000227,6.000000000000227,1003147.3065,5.9811932949653525e-06,1003891.0615,-743.7550000000047,-0.07408722206259077
2023-01-20,134.12,131.52,[],0,100,100,0.0,0.0,0.0,0.0,259.99999999999943,259.99999999999943,259.99999999999943,1003407.3065,0.00025915068522984095,1003891.0615,-483.75500000000466,-0.04818799753801819
2023-01-23,137.36,134.12,[],0,100,100,0.0,0.0,0.0,0.0,324.0000000000009,324.0000000000009,324.0000000000009,1003731.3065,0.00032284766056085273,1003891.0615,-159.75500000000466,-0.01591357928432005
2023-01-24,138.78,137.36,[],0,100,100,0.0,0.0,0.0,0.0,141.99999999999875,141.99999999999875,141.99999999999875,1003873.3065,0.00014146211790627442,1003891.0615,-17.755000000004657,-0.0017686181978227185
2023-01-25,138.11,138.78,[],0,100,100,0.0,0.0,0.0,0.0,-66.99999999999875,-66.99999999999875,-66.99999999999875,1003806.3065,-6.67437170662715e-05,1003891.0615,-84.75500000000466,-0.008442649133001037
2023-01-26,140.21,138.11,[],0,100,100,0.0,0.0,0.0,0.0,209.99999999999943,209.99999999999943,209.99999999999943,1004016.3065,0.00020918182652807468,1004016.3065,0.0,0.0
2023-01-27,142.18,140.21,[],0,100,100,0.0,0.0,0.0,0.0,196.9999999999999,196.9999999999999,196.9999999999999,1004213.3065,0.00019619270561150733,1004213.3065,0.0,0.0
2023-01-30,139.25,142.18,[],0,100,100,0.0,0.0,0.0,0.0,-293.0000000000007,-293.0000000000007,-293.0000000000007,1003920.3065,-0.00029181325404088596,1004213.3065,-293.0,-0.029177068069452035
2023-01-31,140.54,139.25,[],0,100,100,0.0,0.0,0.0,0.0,128.9999999999992,128.9999999999992,128.9999999999992,1004049.3065,0.00012848800035853965,1004213.3065,-164.0,-0.01633119168392537
2023-02-01,141.68,140.54,[],0,100,100,0.0,0.0,0.0,0.0,114.00000000000148,114.00000000000148,114.00000000000148,1004163.3065,0.00011353379555976109,1004213.3065,-50.0,-0.004979021854855296
2023-02-02,147.07,141.68,[],0,100,100,0.0,0.0,0.0,0.0,538.9999999999986,538.9999999999986,538.9999999999986,1004702.3065,0.000536621274660049,1004702.3065,0.0,0.0
2023-02-03,150.75,147.07,[],0,100,100,0.0,0.0,0.0,0.0,368.0000000000007,368.0000000000007,368.0000000000007,1005070.3065,0.0003662105869412836,1005070.3065,0.0,0.0
2023-02-06,147.98,150.75,[],0,100,100,0.0,0.0,0.0,0.0,-277.000000000001,-277.000000000001,-277.000000000001,1004793.3065,-0.00027564059567238637,1005070.3065,-277.0,-0.027560261029361134
2023-02-07,150.9,147.98,[],0,100,100,0.0,0.0,0.0,0.0,292.0000000000016,292.0000000000016,292.0000000000016,1005085.3065,0.0002905648133829328,1005085.3065,0.0,0.0
2023-02-08,148.17,150.9,[],0,100,100,0.0,0.0,0.0,0.0,-273.0000000000018,-273.0000000000018,-273.0000000000018,1004812.3065,-0.00027165563052879187,1005085.3065,-273.0,-0.027161873547894715
2023-02-09,147.12,148.17,[],0,100,100,0.0,0.0,0.0,0.0,-104.9999999999983,-104.9999999999983,-104.9999999999983,1004707.3065,-0.00010450258799794765,1005085.3065,-378.0,-0.037608747989392684
2023-02-10,147.49,147.12,[],0,100,100,0.0,0.0,0.0,0.0,37.000000000000455,37.000000000000455,37.000000000000455,1004744.3065,3.682596760711028e-05,1005085.3065,-341.0,-0.0339274684242934
2023-02-13,150.33,147.49,[],0,100,100,0.0,0.0,0.0,0.0,284.00000000000034,284.00000000000034,284.00000000000034,1005028.3065,0.00028261903864472925,1005085.3065,-57.0,-0.005671160411098896
2023-02-14,149.68,150.33,[],0,100,100,0.0,0.0,0.0,0.0,-65.00000000000057,-65.00000000000057,-65.00000000000057,1004963.3065,-6.467688681111598e-05,1005085.3065,-122.0,-0.012138273160597637
2023-02-15,151.81,149.68,[],0,100,100,0.0,0.0,0.0,0.0,212.99999999999955,212.99999999999955,212.99999999999955,1005176.3065,0.0002119255791187221,1005176.3065,0.0,0.0
2023-02-16,150.19,151.81,[],0,100,100,0.0,0.0,0.0,0.0,-162.00000000000045,-162.00000000000045,-162.00000000000045,1005014.3065,-0.00016117874524238535,1005176.3065,-162.0,-0.016116575664629436
2023-02-17,149.03,150.19,[],0,100,100,0.0,0.0,0.0,0.0,-115.99999999999966,-115.99999999999966,-115.99999999999966,1004898.3065,-0.00011542790405760843,1005176.3065,-278.0,-0.02765683972078385
2023-02-21,144.96,149.03,[],0,100,100,0.0,0.0,0.0,0.0,-406.9999999999993,-406.9999999999993,-406.9999999999993,1004491.3065,-0.000405098148146834,1005176.3065,-685.0,-0.06814724895229114
2023-02-22,145.39,144.96,[],0,100,100,0.0,0.0,0.0,0.0,42.99999999999784,42.99999999999784,42.99999999999784,1004534.3065,4.2806821106078526e-05,1005176.3065,-642.0,-0.06386939244871666
2023-02-23,145.88,145.39,[],0,100,100,0.0,0.0,0.0,0.0,49.00000000000091,49.00000000000091,49.00000000000091,1004583.3065,4.877763222277543e-05,1005176.3065,-593.0,-0.05899462573534109
2023-02-24,143.19,145.88,[],0,100,100,0.0,0.0,0.0,0.0,-268.9999999999998,-268.9999999999998,-268.9999999999998,1004314.3065,-0.0002678085730870668,1005176.3065,-862.0,-0.0857561001414233
2023-02-27,144.4,143.19,"[TradeData(gateway_name='BACKTESTING', extra=None, symbol='AAPL', exchange=<Exchange.NASDAQ: 'NASDAQ'>, orderid='16', tradeid='14', direction=<Direction.SHORT: 'Short'>, offset=<Offset.CLOSE: 'Close'>, price=144.19, volume=100, datetime=datetime.datetime(2023, 2, 27, 0, 0, tzinfo=zoneinfo.ZoneInfo(key='Asia/Shanghai'))), TradeData(gateway_name='BACKTESTING', extra=None, symbol='AAPL', exchange=<Exchange.NASDAQ: 'NASDAQ'>, orderid='17', tradeid='15', direction=<Direction.SHORT: 'Short'>, offset=<Offset.OPEN: 'Open'>, price=144.19, volume=100, datetime=datetime.datetime(2023, 2, 27, 0, 0, tzinfo=zoneinfo.ZoneInfo(key='Asia/Shanghai')))]",2,100,-100,28838.0,14.419,2.0,-42.00000000000159,121.0000000000008,78.9999999999992,62.58099999999921,1004376.8875,6.23102248938319e-05,1005176.3065,-799.4189999999944,-0.07953022716816241
2023-02-28,143.89,144.4,[],0,-100,-100,0.0,0.0,0.0,0.0,51.00000000000193,51.00000000000193,51.00000000000193,1004427.8875,5.0776462347818434e-05,1005176.3065,-748.4189999999944,-0.07445649038485315
2023-03-01,141.79,143.89,[],0,-100,-100,0.0,0.0,0.0,0.0,209.99999999999943,209.99999999999943,209.99999999999943,1004637.8875,0.00020905238980021285,1005176.3065,-538.4189999999944,-0.05356463304181498
2023-03-02,142.39,141.79,[],0,-100,-100,0.0,0.0,0.0,0.0,-59.99999999999943,-59.99999999999943,-59.99999999999943,1004577.8875,-5.9724794882065456e-05,1005176.3065,-598.4189999999944,-0.059533735139825884
2023-03-03,147.51,142.39,[],0,-100,-100,0.0,0.0,0.0,0.0,-512.0000000000005,-512.0000000000005,-512.0000000000005,1004065.8875,-0.0005097967269868547,1005176.3065,-1110.4189999999944,-0.11047007304285225
2023-03-06,150.31,147.51,[],0,-100,-100,0.0,0.0,0.0,0.0,-280.00000000000114,-280.00000000000114,-280.00000000000114,1003785.8875,-0.00027890505195793137,1005176.3065,-1390.4189999999944,-0.1383258828335698
2023-03-07,148.08,150.31,[],0,-100,-100,0.0,0.0,0.0,0.0,222.99999999999898,222.99999999999898,222.99999999999898,1004008.8875,0.0002221342576378427,1005176.3065,-1167.4189999999944,-0.11614072003596262
2023-03-08,149.35,148.08,[],0,-100,-100,0.0,0.0,0.0,0.0,-126.99999999999818,-126.99999999999818,-126.99999999999818,1003881.8875,-0.0001265009050797709,1005176.3065,-1294.4189999999944,-0.12877531947675236
2023-03-09,147.07,149.35,"[TradeData(gateway_name='BACKTESTING', extra=None, symbol='AAPL', exchange=<Exchange.NASDAQ: 'NASDAQ'>, orderid='18', tradeid='16', direction=<Direction.LONG: 'Long'>, offset=<Offset.CLOSE: 'Close'>, price=150.04, volume=100, datetime=datetime.datetime(2023, 3, 9, 0, 0, tzinfo=zoneinfo.ZoneInfo(key='Asia/Shanghai'))), TradeData(gateway_name='BACKTESTING', extra=None, symbol='AAPL', exchange=<Exchange.NASDAQ: 'NASDAQ'>, orderid='19', tradeid='17', direction=<Direction.LONG: 'Long'>, offset=<Offset.OPEN: 'Open'>, price=150.04, volume=100, datetime=datetime.datetime(2023, 3, 9, 0, 0, tzinfo=zoneinfo.ZoneInfo(key='Asia/Shanghai')))]",2,-100,100,30008.0,15.004,2.0,-593.9999999999998,228.0000000000001,-365.99999999999966,-383.0039999999997,1003498.8835,-0.00038159576915426245,1005176.3065,-1677.4229999999516,-0.1668784858091909
2023-03-10,144.98,147.07,[],0,100,100,0.0,0.0,0.0,0.0,-209.00000000000034,-209.00000000000034,-209.00000000000034,1003289.8835,-0.00020829297451976716,1005176.3065,-1886.4229999999516,-0.18767085811726222
2023-03-13,146.95,144.98,[],0,100,100,0.0,0.0,0.0,0.0,196.9999999999999,196.9999999999999,196.9999999999999,1003486.8835,0.00019633474322841771,1005176.3065,-1689.4229999999516,-0.16807230622879307
2023-03-14,149.07,146.95,[],0,100,100,0.0,0.0,0.0,0.0,212.00000000000045,212.00000000000045,212.00000000000045,1003698.8835,0.00021124103635437665,1005176.3065,-1477.4229999999516,-0.14698147881582121
2023-03-15,149.47,149.07,[],0,100,100,0.0,0.0,0.0,0.0,40.00000000000057,40.00000000000057,40.00000000000057,1003738.8835,3.9851795819428506e-05,1005176.3065,-1437.4229999999516,-0.14300207741714727
2023-03-16,152.33,149.47,[],0,100,100,0.0,0.0,0.0,0.0,286.00000000000136,286.00000000000136,286.00000000000136,1004024.8835,0.00028489407632027513,1005176.3065,-1151.4229999999516,-0.11454935741662864
2023-03-17,151.48,152.33,[],0,100,100,0.0,0.0,0.0,0.0,-85.00000000000227,-85.00000000000227,-85.00000000000227,1003939.8835,-8.466284015303595e-05,1005176.3065,-1236.4229999999516,-0.12300558538881076
2023-03-20,153.88,151.48,[],0,100,100,0.0,0.0,0.0,0.0,240.00000000000057,240.00000000000057,240.00000000000057,1004179.8835,0.00023902956893972918,1005176.3065,-996.4229999999516,-0.09912917699676715
2023-03-21,155.76,153.88,[],0,100,100,0.0,0.0,0.0,0.0,187.99999999999955,187.99999999999955,187.99999999999955,1004367.8835,0.00018719992985759252,1005176.3065,-808.4229999999516,-0.08042599042299965
2023-03-22,154.31,155.76,[],0,100,100,0.0,0.0,0.0,0.0,-144.99999999999886,-144.99999999999886,-144.99999999999886,1004222.8835,-0.00014437983349731515,1005176.3065,-953.4229999999516,-0.09485132049319267
2023-03-23,155.41,154.31,[],0,100,100,0.0,0.0,0.0,0.0,109.99999999999943,109.99999999999943,109.99999999999943,1004332.8835,0.00010953143738124605,1005176.3065,-843.4229999999516,-0.08390796664683935
2023-03-24,156.73,155.41,[],0,100,100,0.0,0.0,0.0,0.0,131.99999999999932,131.99999999999932,131.99999999999932,1004464.8835,0.00013142189060395837,1005176.3065,-711.4229999999516,-0.07077594203121536
2023-03-27,154.76,156.73,[],0,100,100,0.0,0.0,0.0,0.0,-196.9999999999999,-196.9999999999999,-196.9999999999999,1004267.8835,-0.00019614356261615735,1005176.3065,-908.4229999999516,-0.0903744939196845
2023-03-28,154.13,154.76,[],0,100,100,0.0,0.0,0.0,0.0,-62.999999999999545,-62.999999999999545,-62.999999999999545,1004204.8835,-6.27342337479608e-05,1005176.3065,-971.4229999999516,-0.09664205112259594
2023-03-29,157.25,154.13,[],0,100,100,0.0,0.0,0.0,0.0,312.00000000000045,312.00000000000045,312.00000000000045,1004516.8835,0.00031064531448267825,1005176.3065,-659.4229999999516,-0.06560272021293924
2023-03-30,158.84,157.25,[],0,100,100,0.0,0.0,0.0,0.0,159.00000000000034,159.00000000000034,159.00000000000034,1004675.8835,0.00015827251913648303,1005176.3065,-500.42299999995157,-0.049784599653210346
2023-03-31,161.38,158.84,[],0,100,100,0.0,0.0,0.0,0.0,253.9999999999992,253.9999999999992,253.9999999999992,1004929.8835,0.0002527859001237511,1005176.3065,-246.42299999995157,-0.02451540077163086
2023-04-03,162.65,161.38,[],0,100,100,0.0,0.0,0.0,0.0,127.00000000000102,127.00000000000102,127.00000000000102,1005056.8835,0.00012636899133275088,1005176.3065,-119.42299999995157,-0.011880801330841117
2023-04-04,162.11,162.65,[],0,100,100,0.0,0.0,0.0,0.0,-53.999999999999204,-53.999999999999204,-53.999999999999204,1005002.8835,-5.372974565186673e-05,1005176.3065,-173.42299999995157,-0.017252993219050928
2023-04-05,160.24,162.11,[],0,100,100,0.0,0.0,0.0,0.0,-187.00000000000045,-187.00000000000045,-187.00000000000045,1004815.8835,-0.0001860864308862857,1005176.3065,-360.42299999995157,-0.035856694757851575
2023-04-06,161.14,160.24,[],0,100,100,0.0,0.0,0.0,0.0,89.99999999999773,89.99999999999773,89.99999999999773,1004905.8835,8.956463679500197e-05,1005176.3065,-270.42299999995157,-0.026903041610835222
2023-04-10,158.51,161.14,[],0,100,100,0.0,0.0,0.0,0.0,-262.99999999999955,-262.99999999999955,-262.99999999999955,1004642.8835,-0.000261750305163446,1005176.3065,-533.4229999999516,-0.05306760580711634
2023-04-11,157.28,158.51,[],0,100,100,0.0,0.0,0.0,0.0,-122.99999999999898,-122.99999999999898,-122.99999999999898,1004519.8835,-0.0001224390598650857,1005176.3065,-656.4229999999516,-0.06530426510803869
2023-04-12,156.58,157.28,[],0,100,100,0.0,0.0,0.0,0.0,-69.99999999999886,-69.99999999999886,-69.99999999999886,1004449.8835,-6.968745988936505e-05,1005176.3065,-726.4229999999516,-0.07226821755571809
2023-04-13,162.04,156.58,[],0,100,100,0.0,0.0,0.0,0.0,545.999999999998,545.999999999998,545.999999999998,1004995.8835,0.0005434334406070726,1005176.3065,-180.42299999995157,-0.01794938846381887
2023-04-14,161.69,162.04,[],0,100,100,0.0,0.0,0.0,0.0,-34.99999999999943,-34.99999999999943,-34.99999999999943,1004960.8835,-3.482661973453398e-05,1005176.3065,-215.42299999995157,-0.02143136468765856
2023-04-17,161.71,161.69,[],0,100,100,0.0,0.0,0.0,0.0,2.000000000001023,2.000000000001023,2.000000000001023,1004962.8835,1.990125230504185e-06,1005176.3065,-213.42299999995157,-0.021232394617724863
2023-04-18,162.95,161.71,[],0,100,100,0.0,0.0,0.0,0.0,123.99999999999807,123.99999999999807,123.99999999999807,1005086.8835,0.0001233800298809511,1005176.3065,-89.42299999995157,-0.008896250281835664
2023-04-19,164.11,162.95,[],0,100,100,0.0,0.0,0.0,0.0,116.0000000000025,116.0000000000025,116.0000000000025,1005202.8835,0.00011540624842551127,1005202.8835,0.0,0.0
2023-04-20,163.13,164.11,[],0,100,100,0.0,0.0,0.0,0.0,-98.00000000000182,-98.00000000000182,-98.00000000000182,1005104.8835,-9.749750927327705e-05,1005202.8835,-98.0,-0.009749275654559937
2023-04-21,161.5,163.13,[],0,100,100,0.0,0.0,0.0,0.0,-162.99999999999955,-162.99999999999955,-162.99999999999955,1004941.8835,-0.00016218528149033142,1005202.8835,-261.0,-0.025964907610613715
2023-04-24,161.81,161.5,[],0,100,100,0.0,0.0,0.0,0.0,31.000000000000227,31.000000000000227,31.000000000000227,1004972.8835,3.084707920102511e-05,1005202.8835,-230.0,-0.022880953066824347
2023-04-25,160.25,161.81,[],0,100,100,0.0,0.0,0.0,0.0,-156.00000000000023,-156.00000000000023,-156.00000000000023,1004816.8835,-0.00015524011802106163,1005202.8835,-386.0,-0.038400208190409554
2023-04-26,160.24,160.25,[],0,100,100,0.0,0.0,0.0,0.0,-0.9999999999990905,-0.9999999999990905,-0.9999999999990905,1004815.8835,-9.952067028837152e-07,1005202.8835,-387.0,-0.038499690595047924
2023-04-27,164.89,160.24,[],0,100,100,0.0,0.0,0.0,0.0,464.9999999999977,464.9999999999977,464.9999999999977,1005280.8835,0.0004626643014692399,1005280.8835,0.0,0.0
2023-04-28,166.16,164.89,[],0,100,100,0.0,0.0,0.0,0.0,127.00000000000102,127.00000000000102,127.00000000000102,1005407.8835,0.00012632487160941263,1005407.8835,0.0,0.0
2023-05-01,166.07,166.16,[],0,100,100,0.0,0.0,0.0,0.0,-9.000000000000341,-9.000000000000341,-9.000000000000341,1005398.8835,-8.95163090530713e-06,1005407.8835,-9.0,-0.0008951590839599777
2023-05-02,165.02,166.07,[],0,100,100,0.0,0.0,0.0,0.0,-104.9999999999983,-104.9999999999983,-104.9999999999983,1005293.8835,-0.00010444161516744092,1005407.8835,-114.0,-0.011338681730159719
2023-05-03,163.93,165.02,[],0,100,100,0.0,0.0,0.0,0.0,-109.00000000000034,-109.00000000000034,-109.00000000000034,1005184.8835,-0.00010843188388345406,1005407.8835,-223.0,-0.02218005285811945
2023-05-04,162.27,163.93,[],0,100,100,0.0,0.0,0.0,0.0,-165.99999999999966,-165.99999999999966,-165.99999999999966,1005018.8835,-0.00016515738663157604,1005407.8835,-389.0,-0.038690764851159035
2023-05-05,170.05,162.27,[],0,100,100,0.0,0.0,0.0,0.0,778.0000000000001,778.0000000000001,778.0000000000001,1005796.8835,0.0007738153356359111,1005796.8835,0.0,0.0
2023-05-08,169.98,170.05,[],0,100,100,0.0,0.0,0.0,0.0,-7.00000000000216,-7.00000000000216,-7.00000000000216,1005789.8835,-6.959679905271725e-06,1005796.8835,-7.0,-0.0006959655686783603
2023-05-09,168.25,169.98,[],0,100,100,0.0,0.0,0.0,0.0,-172.99999999999898,-172.99999999999898,-172.99999999999898,1005616.8835,-0.00017201891061014539,1005796.8835,-180.0,-0.017896257480300694
2023-05-10,170.04,168.25,[],0,100,100,0.0,0.0,0.0,0.0,178.9999999999992,178.9999999999992,178.9999999999992,1005795.8835,0.00017798435349453321,1005796.8835,-1.0,-9.942365266833718e-05
2023-05-11,170.23,170.04,[],0,100,100,0.0,0.0,0.0,0.0,18.999999999999773,18.999999999999773,18.999999999999773,1005814.8835,1.8890334365204317e-05,1005814.8835,0.0,0.0
2023-05-12,169.29,170.23,[],0,100,100,0.0,0.0,0.0,0.0,-93.99999999999977,-93.99999999999977,-93.99999999999977,1005720.8835,-9.346092832208499e-05,1005814.8835,-94.0,-0.009345656098555833
2023-05-15,168.79,169.29,[],0,100,100,0.0,0.0,0.0,0.0,-50.0,-50.0,-50.0,1005670.8835,-4.9716818802421986e-05,1005814.8835,-144.0,-0.014316749768000426
2023-05-16,168.79,168.79,[],0,100,100,0.0,0.0,0.0,0.0,0.0,0.0,0.0,1005670.8835,0.0,1005814.8835,-144.0,-0.014316749768000426
2023-05-17,169.41,168.79,[],0,100,100,0.0,0.0,0.0,0.0,62.000000000000455,62.000000000000455,62.000000000000455,1005732.8835,6.164848752573283e-05,1005814.8835,-82.0,-0.008152593617889132
2023-05-18,171.77,169.41,[],0,100,100,0.0,0.0,0.0,0.0,236.00000000000136,236.00000000000136,236.00000000000136,1005968.8835,0.00023462722452600662,1005968.8835,0.0,0.0
2023-05-19,171.88,171.77,[],0,100,100,0.0,0.0,0.0,0.0,10.999999999998522,10.999999999998522,10.999999999998522,1005979.8835,1.0934672075790811e-05,1005979.8835,0.0,0.0
2023-05-22,170.92,171.88,[],0,100,100,0.0,0.0,0.0,0.0,-96.0000000000008,-96.0000000000008,-96.0000000000008,1005883.8835,-9.543389731200235e-05,1005979.8835,-96.0,-0.009542934364253616
2023-05-23,168.28,170.92,[],0,100,100,0.0,0.0,0.0,0.0,-263.99999999999864,-263.99999999999864,-263.99999999999864,1005619.8835,-0.0002624901885314621,1005979.8835,-360.0,-0.035786003865951065
2023-05-24,168.56,168.28,[],0,100,100,0.0,0.0,0.0,0.0,28.000000000000114,28.000000000000114,28.000000000000114,1005647.8835,2.784313502271651e-05,1005979.8835,-332.0,-0.03300264800971042
2023-05-25,169.71,168.56,[],0,100,100,0.0,0.0,0.0,0.0,115.00000000000057,115.00000000000057,115.00000000000057,1005762.8835,0.00011434760319665772,1005979.8835,-217.0,-0.021571007885864947
2023-05-26,172.15,169.71,[],0,100,100,0.0,0.0,0.0,0.0,243.99999999999977,243.99999999999977,243.99999999999977,1006006.8835,0.00024257249035049158,1006006.8835,0.0,0.0
2023-05-30,174.02,172.15,[],0,100,100,0.0,0.0,0.0,0.0,187.00000000000045,187.00000000000045,187.00000000000045,1006193.8835,0.00018586614576945426,1006193.8835,0.0,0.0
2023-05-31,173.97,174.02,[],0,100,100,0.0,0.0,0.0,0.0,-5.000000000001137,-5.000000000001137,-5.000000000001137,1006188.8835,-4.969233569237797e-06,1006193.8835,-5.0,-0.000496922122266111
2023-06-01,176.81,173.97,[],0,100,100,0.0,0.0,0.0,0.0,284.00000000000034,284.00000000000034,284.00000000000034,1006472.8835,0.0002822133420939384,1006472.8835,0.0,0.0
2023-06-02,177.67,176.81,[],0,100,100,0.0,0.0,0.0,0.0,85.99999999999852,85.99999999999852,85.99999999999852,1006558.8835,8.544326171310505e-05,1006558.8835,0.0,0.0
2023-06-05,176.3,177.67,[],0,100,100,0.0,0.0,0.0,0.0,-136.9999999999976,-136.9999999999976,-136.9999999999976,1006421.8835,-0.00013611655159099885,1006558.8835,-137.0,-0.013610728815350024
2023-06-06,175.93,176.3,[],0,100,100,0.0,0.0,0.0,0.0,-37.000000000000455,-37.000000000000455,-37.000000000000455,1006384.8835,-3.6764582284529806e-05,1006558.8835,-174.0,-0.01728661907934967
2023-06-07,174.54,175.93,[],0,100,100,0.0,0.0,0.0,0.0,-139.00000000000148,-139.00000000000148,-139.00000000000148,1006245.8835,-0.00013812767100661126,1006558.8835,-313.0,-0.031096044665726706
2023-06-08,177.29,174.54,[],0,100,100,0.0,0.0,0.0,0.0,275.0,275.0,275.0,1006520.8835,0.0002732557057477966,1006558.8835,-38.0,-0.0037752386495131457
2023-06-09,177.68,177.29,[],0,100,100,0.0,0.0,0.0,0.0,39.00000000000148,39.00000000000148,39.00000000000148,1006559.8835,3.874658249593144e-05,1006559.8835,0.0,0.0
2023-06-12,180.51,177.68,[],0,100,100,0.0,0.0,0.0,0.0,282.9999999999984,282.9999999999984,282.9999999999984,1006842.8835,0.00028111613483603446,1006842.8835,0.0,0.0
2023-06-13,180.03,180.51,[],0,100,100,0.0,0.0,0.0,0.0,-47.99999999999898,-47.99999999999898,-47.99999999999898,1006794.8835,-4.767491034959992e-05,1006842.8835,-48.0,-0.004767377391906649
2023-06-14,180.67,180.03,[],0,100,100,0.0,0.0,0.0,0.0,63.999999999998636,63.999999999998636,63.999999999998636,1006858.8835,6.356604205781067e-05,1006858.8835,0.0,0.0
2023-06-15,182.73,180.67,[],0,100,100,0.0,0.0,0.0,0.0,206.00000000000023,206.00000000000023,206.00000000000023,1007064.8835,0.00020457576805439574,1007064.8835,0.0,0.0
2023-06-16,181.64,182.73,[],0,100,100,0.0,0.0,0.0,0.0,-109.00000000000034,-109.00000000000034,-109.00000000000034,1006955.8835,-0.00010824118786894556,1007064.8835,-109.0,-0.010823533000294512
2023-06-20,181.73,181.64,[],0,100,100,0.0,0.0,0.0,0.0,9.000000000000341,9.000000000000341,9.000000000000341,1006964.8835,8.937789557018127e-06,1007064.8835,-100.0,-0.009929846789261022
2023-06-21,180.68,181.73,[],0,100,100,0.0,0.0,0.0,0.0,-104.9999999999983,-104.9999999999983,-104.9999999999983,1006859.8835,-0.00010427918239531796,1007064.8835,-205.0,-0.020356185917985097
2023-06-22,183.72,180.68,[],0,100,100,0.0,0.0,0.0,0.0,303.9999999999992,303.9999999999992,303.9999999999992,1007163.8835,0.0003018832322535696,1007163.8835,0.0,0.0
2023-06-23,183.4,183.72,[],0,100,100,0.0,0.0,0.0,0.0,-31.999999999999318,-31.999999999999318,-31.999999999999318,1007131.8835,-3.1772891078748074e-05,1007163.8835,-32.0,-0.0031772386325844655
2023-06-26,181.99,183.4,[],0,100,100,0.0,0.0,0.0,0.0,-140.99999999999966,-140.99999999999966,-140.99999999999966,1006990.8835,-0.00014001132655916477,1007163.8835,-173.0,-0.017176946357409767
2023-06-27,184.78,181.99,[],0,100,100,0.0,0.0,0.0,0.0,278.9999999999992,278.9999999999992,278.9999999999992,1007269.8835,0.00027702470936758617,1007269.8835,0.0,0.0
2023-06-28,185.97,184.78,[],0,100,100,0.0,0.0,0.0,0.0,118.99999999999977,118.99999999999977,118.99999999999977,1007388.8835,0.00011813414965120955,1007388.8835,0.0,0.0
2023-06-29,186.31,185.97,[],0,100,100,0.0,0.0,0.0,0.0,34.00000000000034,34.00000000000034,34.00000000000034,1007422.8835,3.375005105691515e-05,1007422.8835,0.0,0.0
2023-06-30,190.69,186.31,[],0,100,100,0.0,0.0,0.0,0.0,437.99999999999955,437.99999999999955,437.99999999999955,1007860.8835,0.0004346782463777565,1007860.8835,0.0,0.0
2023-07-03,189.18,190.69,[],0,100,100,0.0,0.0,0.0,0.0,-150.9999999999991,-150.9999999999991,-150.9999999999991,1007709.8835,-0.00014983348910862606,1007860.8835,-151.0,-0.014982226463202152
2023-07-05,188.05,189.18,[],0,100,100,0.0,0.0,0.0,0.0,-112.99999999999955,-112.99999999999955,-112.99999999999955,1007596.8835,-0.0001121417364033642,1007860.8835,-264.0,-0.026194091299903098
2023-07-06,188.53,188.05,[],0,100,100,0.0,0.0,0.0,0.0,47.99999999999898,47.99999999999898,47.99999999999898,1007644.8835,4.763696425430698e-05,1007860.8835,-216.0,-0.021431529245375263
2023-07-07,187.4,188.53,[],0,100,100,0.0,0.0,0.0,0.0,-112.99999999999955,-112.99999999999955,-112.99999999999955,1007531.8835,-0.00011214897071951982,1007860.8835,-329.0,-0.03264339408207621
2023-07-10,185.33,187.4,[],0,100,100,0.0,0.0,0.0,0.0,-206.99999999999932,-206.99999999999932,-206.99999999999932,1007324.8835,-0.00020547366355626163,1007860.8835,-536.0,-0.0531819429422275
2023-07-11,184.8,185.33,[],0,100,100,0.0,0.0,0.0,0.0,-53.000000000000114,-53.000000000000114,-53.000000000000114,1007271.8835,-5.261598835101552e-05,1007860.8835,-589.0,-0.05844060521076865
2023-07-12,186.49,184.8,[],0,100,100,0.0,0.0,0.0,0.0,168.99999999999977,168.99999999999977,168.99999999999977,1007440.8835,0.00016776585046216356,1007860.8835,-420.0,-0.04167241797711857
2023-07-13,187.26,186.49,[],0,100,100,0.0,0.0,0.0,0.0,76.99999999999818,76.99999999999818,76.99999999999818,1007517.8835,7.642836300029014e-05,1007860.8835,-343.0,-0.0340324746813135
2023-07-14,187.41,187.26,[],0,100,100,0.0,0.0,0.0,0.0,15.000000000000568,15.000000000000568,15.000000000000568,1007532.8835,1.4887962373786e-05,1007860.8835,-328.0,-0.032544174039273545
2023-07-17,190.71,187.41,[],0,100,100,0.0,0.0,0.0,0.0,330.00000000000114,330.00000000000114,330.00000000000114,1007862.8835,0.00032747910693520953,1007862.8835,0.0,0.0
2023-07-18,190.45,190.71,[],0,100,100,0.0,0.0,0.0,0.0,-26.000000000001933,-26.000000000001933,-26.000000000001933,1007836.8835,-2.579749268923324e-05,1007862.8835,-26.0,-0.0025797159936786183
2023-07-19,191.82,190.45,[],0,100,100,0.0,0.0,0.0,0.0,137.00000000000045,137.00000000000045,137.00000000000045,1007973.8835,0.00013592545734312673,1007973.8835,0.0,0.0
2023-07-20,189.85,191.82,[],0,100,100,0.0,0.0,0.0,0.0,-196.9999999999999,-196.9999999999999,-196.9999999999999,1007776.8835,-0.00019546067286917962,1007973.8835,-197.0,-0.01954415716763955
2023-07-21,188.66,189.85,[],0,100,100,0.0,0.0,0.0,0.0,-118.99999999999977,-118.99999999999977,-118.99999999999977,1007657.8835,-0.00011808866462634353,1007973.8835,-316.0,-0.031350018603929435
2023-07-24,189.47,188.66,[],0,100,100,0.0,0.0,0.0,0.0,81.00000000000023,81.00000000000023,81.00000000000023,1007738.8835,8.038119478010058e-05,1007973.8835,-235.0,-0.023314096113681702
2023-07-25,190.34,189.47,[],0,100,100,0.0,0.0,0.0,0.0,87.00000000000045,87.00000000000045,87.00000000000045,1007825.8835,8.632816119673385e-05,1007973.8835,-148.0,-0.014682920105637837
2023-07-26,191.22,190.34,[],0,100,100,0.0,0.0,0.0,0.0,87.99999999999955,87.99999999999955,87.99999999999955,1007913.8835,8.73128580350427e-05,1007973.8835,-60.0,-0.005952535177961285
2023-07-27,189.94,191.22,[],0,100,100,0.0,0.0,0.0,0.0,-128.0000000000001,-128.0000000000001,-128.0000000000001,1007785.8835,-0.00012700304109525588,1007973.8835,-188.0,-0.018651276890945357
2023-07-28,192.55,189.94,[],0,100,100,0.0,0.0,0.0,0.0,261.00000000000136,261.00000000000136,261.00000000000136,1008046.8835,0.00025895005352728523,1008046.8835,0.0,0.0
2023-07-31,193.17,192.55,[],0,100,100,0.0,0.0,0.0,0.0,61.99999999999761,61.99999999999761,61.99999999999761,1008108.8835,6.150318446052111e-05,1008108.8835,0.0,0.0
2023-08-01,192.33,193.17,[],0,100,100,0.0,0.0,0.0,0.0,-83.9999999999975,-83.9999999999975,-83.9999999999975,1008024.8835,-8.332780435848429e-05,1008108.8835,-84.0,-0.008332433269347338
2023-08-02,189.3,192.33,[],0,100,100,0.0,0.0,0.0,0.0,-303.0000000000001,-303.0000000000001,-303.0000000000001,1007721.8835,-0.00030063300335389867,1008108.8835,-387.0,-0.0383887104194931
2023-08-03,187.89,189.3,[],0,100,100,0.0,0.0,0.0,0.0,-141.0000000000025,-141.0000000000025,-141.0000000000025,1007580.8835,-0.00013992934713229915,1008108.8835,-528.0,-0.05237529483589756
2023-08-04,178.71,187.89,[],0,100,100,0.0,0.0,0.0,0.0,-917.9999999999978,-917.9999999999978,-917.9999999999978,1006662.8835,-0.0009115084068767388,1008108.8835,-1446.0,-0.1434368869937649
2023-08-07,175.57,178.71,"[TradeData(gateway_name='BACKTESTING', extra=None, symbol='AAPL', exchange=<Exchange.NASDAQ: 'NASDAQ'>, orderid='20', tradeid='18', direction=<Direction.SHORT: 'Short'>, offset=<Offset.CLOSE: 'Close'>, price=178.85, volume=100, datetime=datetime.datetime(2023, 8, 7, 0, 0, tzinfo=zoneinfo.ZoneInfo(key='Asia/Shanghai'))), TradeData(gateway_name='BACKTESTING', extra=None, symbol='AAPL', exchange=<Exchange.NASDAQ: 'NASDAQ'>, orderid='21', tradeid='19', direction=<Direction.SHORT: 'Short'>, offset=<Offset.OPEN: 'Open'>, price=178.85, volume=100, datetime=datetime.datetime(2023, 8, 7, 0, 0, tzinfo=zoneinfo.ZoneInfo(key='Asia/Shanghai')))]",2,100,-100,35770.0,17.885,2.0,656.0000000000002,-314.0000000000015,341.99999999999875,322.11499999999876,1006984.9985,0.0003199318069726981,1008108.8835,-1123.8850000000093,-0.11148448529667275
2023-08-08,176.52,175.57,[],0,-100,-100,0.0,0.0,0.0,0.0,-95.0000000000017,-95.0000000000017,-95.0000000000017,1006889.9985,-9.434547845518932e-05,1008108.8835,-1218.8850000000093,-0.12090807054176796
2023-08-09,174.91,176.52,[],0,-100,-100,0.0,0.0,0.0,0.0,161.00000000000136,161.00000000000136,161.00000000000136,1007050.9985,0.00015988551857556041,1008108.8835,-1057.8850000000093,-0.10493757344218556
2023-08-10,174.69,174.91,[],0,-100,-100,0.0,0.0,0.0,0.0,21.999999999999886,21.999999999999886,21.999999999999886,1007072.9985,2.1845725520077967e-05,1008108.8835,-1035.8850000000093,-0.10275526949068982
2023-08-11,174.75,174.69,[],0,-100,-100,0.0,0.0,0.0,0.0,-6.000000000000227,-6.000000000000227,-6.000000000000227,1007066.9985,-5.957877812861296e-06,1008108.8835,-1041.8850000000093,-0.10335044329564319
2023-08-14,176.42,174.75,[],0,-100,-100,0.0,0.0,0.0,0.0,-166.99999999999875,-166.99999999999875,-166.99999999999875,1006899.9985,-0.0001658418441131724,1008108.8835,-1208.8850000000093,-0.11991611420017899
2023-08-15,174.41,176.42,[],0,-100,-100,0.0,0.0,0.0,0.0,200.9999999999991,200.9999999999991,200.9999999999991,1007100.9985,0.0001996026823886085,1008108.8835,-1007.8850000000093,-0.09997779173424072
2023-08-16,173.53,174.41,[],0,-100,-100,0.0,0.0,0.0,0.0,87.99999999999955,87.99999999999955,87.99999999999955,1007188.9985,8.737570080488798e-05,1008108.8835,-919.8850000000093,-0.09124857592825779
2023-08-17,170.96,173.53,[],0,-100,-100,0.0,0.0,0.0,0.0,256.9999999999993,256.9999999999993,256.9999999999993,1007445.9985,0.0002551330655693669,1008108.8835,-662.8850000000093,-0.0657552979494213
2023-08-18,171.45,170.96,[],0,-100,-100,0.0,0.0,0.0,0.0,-48.99999999999807,-48.99999999999807,-48.99999999999807,1007396.9985,-4.863902555448982e-05,1008108.8835,-711.8850000000093,-0.07061588402320723
2023-08-21,172.8,171.45,[],0,-100,-100,0.0,0.0,0.0,0.0,-135.00000000000227,-135.00000000000227,-135.00000000000227,1007261.9985,-0.00013401771754233583,1008108.8835,-846.8850000000093,-0.08400729463465831
2023-08-22,174.19,172.8,[],0,-100,-100,0.0,0.0,0.0,0.0,-138.99999999999864,-138.99999999999864,-138.99999999999864,1007122.9985,-0.0001380073823302718,1008108.8835,-985.8850000000093,-0.097795487782745
2023-08-23,178.08,174.19,[],0,-100,-100,0.0,0.0,0.0,0.0,-389.0000000000015,-389.0000000000015,-389.0000000000015,1006733.9985,-0.00038632336399009305,1008108.8835,-1374.8850000000093,-0.13638258947055587
2023-08-24,173.34,178.08,[],0,-100,-100,0.0,0.0,0.0,0.0,474.0000000000009,474.0000000000009,474.0000000000009,1007207.9985,0.00047071862988945273,1008108.8835,-900.8850000000093,-0.08936385887923874
2023-08-25,175.57,173.34,[],0,-100,-100,0.0,0.0,0.0,0.0,-222.99999999999898,-222.99999999999898,-222.99999999999898,1006984.9985,-0.00022142863294954192,1008108.8835,-1123.8850000000093,-0.11148448529667275
2023-08-28,177.15,175.57,[],0,-100,-100,0.0,0.0,0.0,0.0,-158.00000000000125,-158.00000000000125,-158.00000000000125,1006826.9985,-0.00015691633634079013,1008108.8835,-1281.8850000000093,-0.12715739549377847
2023-08-29,181.08,177.15,[],0,-100,-100,0.0,0.0,0.0,0.0,-393.0000000000007,-393.0000000000007,-393.0000000000007,1006433.9985,-0.00039041138290301936,1008108.8835,-1674.8850000000093,-0.16614127971822493
2023-08-30,184.61,181.08,"[TradeData(gateway_name='BACKTESTING', extra=None, symbol='AAPL', exchange=<Exchange.NASDAQ: 'NASDAQ'>, orderid='22', tradeid='20', direction=<Direction.LONG: 'Long'>, offset=<Offset.CLOSE: 'Close'>, price=181.9, volume=100, datetime=datetime.datetime(2023, 8, 30, 0, 0, tzinfo=zoneinfo.ZoneInfo(key='Asia/Shanghai'))), TradeData(gateway_name='BACKTESTING', extra=None, symbol='AAPL', exchange=<Exchange.NASDAQ: 'NASDAQ'>, orderid='23', tradeid='21', direction=<Direction.LONG: 'Long'>, offset=<Offset.OPEN: 'Open'>, price=181.9, volume=100, datetime=datetime.datetime(2023, 8, 30, 0, 0, tzinfo=zoneinfo.ZoneInfo(key='Asia/Shanghai')))]",2,-100,100,36380.0,18.19,2.0,542.0000000000016,-353.0000000000001,189.00000000000148,168.81000000000148,1006602.8085,0.0001677167549136116,1008108.8835,-1506.0749999999534,-0.149396064715856
2023-08-31,184.83,184.61,[],0,100,100,0.0,0.0,0.0,0.0,21.999999999999886,21.999999999999886,21.999999999999886,1006624.8085,2.1855452225257136e-05,1008108.8835,-1484.0749999999534,-0.1472137607643603
2023-09-01,186.42,184.83,[],0,100,100,0.0,0.0,0.0,0.0,158.9999999999975,158.9999999999975,158.9999999999975,1006783.8085,0.00015794111437492762,1008108.8835,-1325.0749999999534,-0.13144165493309568
2023-09-05,186.66,186.42,[],0,100,100,0.0,0.0,0.0,0.0,24.00000000000091,24.00000000000091,24.00000000000091,1006807.8085,2.383800150782032e-05,1008108.8835,-1301.0749999999534,-0.12906095971328216
2023-09-06,179.87,186.66,[],0,100,100,0.0,0.0,0.0,0.0,-678.9999999999992,-678.9999999999992,-678.9999999999992,1006128.8085,-0.0006746362702318447,1008108.8835,-1980.0749999999534,-0.19641479530717312
2023-09-07,174.52,179.87,[],0,100,100,0.0,0.0,0.0,0.0,-534.9999999999994,-534.9999999999994,-534.9999999999994,1005593.8085,-0.0005318824852806374,1008108.8835,-2515.0749999999534,-0.249484459582183
2023-09-08,175.14,174.52,[],0,100,100,0.0,0.0,0.0,0.0,61.99999999999761,61.99999999999761,61.99999999999761,1005655.8085,6.165321250593222e-05,1008108.8835,-2453.0749999999534,-0.24333433026433138
2023-09-11,176.32,175.14,[],0,100,100,0.0,0.0,0.0,0.0,118.00000000000068,118.00000000000068,118.00000000000068,1005773.8085,0.00011732948459954817,1008108.8835,-2335.0749999999534,-0.23162924543358152
2023-09-12,173.26,176.32,[],0,100,100,0.0,0.0,0.0,0.0,-306.0000000000002,-306.0000000000002,-306.0000000000002,1005467.8085,-0.0003042896485182972,1008108.8835,-2641.0749999999534,-0.26198310948620396
2023-09-13,171.17,173.26,"[TradeData(gateway_name='BACKTESTING', extra=None, symbol='AAPL', exchange=<Exchange.NASDAQ: 'NASDAQ'>, orderid='24', tradeid='22', direction=<Direction.SHORT: 'Short'>, offset=<Offset.CLOSE: 'Close'>, price=173.47, volume=100, datetime=datetime.datetime(2023, 9, 13, 0, 0, tzinfo=zoneinfo.ZoneInfo(key='Asia/Shanghai'))), TradeData(gateway_name='BACKTESTING', extra=None, symbol='AAPL', exchange=<Exchange.NASDAQ: 'NASDAQ'>, orderid='25', tradeid='23', direction=<Direction.SHORT: 'Short'>, offset=<Offset.OPEN: 'Open'>, price=173.47, volume=100, datetime=datetime.datetime(2023, 9, 13, 0, 0, tzinfo=zoneinfo.ZoneInfo(key='Asia/Shanghai')))]",2,100,-100,34694.0,17.347,2.0,460.0000000000023,-209.00000000000034,251.00000000000193,231.65300000000192,1005699.4615,0.00023036671735845952,1008108.8835,-2409.4220000000205,-0.23900414324639968
2023-09-14,172.7,171.17,[],0,-100,-100,0.0,0.0,0.0,0.0,-153.0000000000001,-153.0000000000001,-153.0000000000001,1005546.4615,-0.00015214449764244204,1008108.8835,-2562.4220000000205,-0.25418107527271094
2023-09-15,171.97,172.7,[],0,-100,-100,0.0,0.0,0.0,0.0,72.99999999999898,72.99999999999898,72.99999999999898,1005619.4615,7.259470658008242e-05,1008108.8835,-2489.4220000000205,-0.24693979397911142
2023-09-18,174.93,171.97,[],0,-100,-100,0.0,0.0,0.0,0.0,-296.0000000000008,-296.0000000000008,-296.0000000000008,1005323.4615,-0.0002943892626212556,1008108.8835,-2785.4220000000205,-0.2763017016901449
2023-09-19,176.03,174.93,[],0,-100,-100,0.0,0.0,0.0,0.0,-109.99999999999943,-109.99999999999943,-109.99999999999943,1005213.4615,-0.00010942350657810161,1008108.8835,-2895.4220000000205,-0.28721322144762357
2023-09-20,172.45,176.03,[],0,-100,-100,0.0,0.0,0.0,0.0,358.00000000000125,358.00000000000125,358.00000000000125,1005571.4615,0.0003560798568635962,1008108.8835,-2537.4220000000205,-0.2517011844187385
2023-09-21,170.89,172.45,[],0,-100,-100,0.0,0.0,0.0,0.0,156.00000000000023,156.00000000000023,156.00000000000023,1005727.4615,0.00015512363530734258,1008108.8835,-2381.4220000000205,-0.23622666548995058
2023-09-22,171.75,170.89,[],0,-100,-100,0.0,0.0,0.0,0.0,-86.00000000000136,-86.00000000000136,-86.00000000000136,1005641.4615,-8.551389958251259e-05,1008108.8835,-2467.4220000000205,-0.2447574900276157
2023-09-25,173.04,171.75,[],0,-100,-100,0.0,0.0,0.0,0.0,-128.9999999999992,-128.9999999999992,-128.9999999999992,1005512.4615,-0.00012828456211295354,1008108.8835,-2596.4220000000205,-0.25755372683411343
2023-09-26,168.92,173.04,[],0,-100,-100,0.0,0.0,0.0,0.0,412.00000000000045,412.00000000000045,412.00000000000045,1005924.4615,0.00040965739571613137,1008108.8835,-2184.4220000000205,-0.21668512556064787
2023-09-27,167.39,168.92,[],0,-100,-100,0.0,0.0,0.0,0.0,153.0000000000001,153.0000000000001,153.0000000000001,1006077.4615,0.00015208733008237628,1008108.8835,-2031.4220000000205,-0.20150819353433666
2023-09-28,167.65,167.39,[],0,-100,-100,0.0,0.0,0.0,0.0,-26.000000000001933,-26.000000000001933,-26.000000000001933,1006051.4615,-2.584327445841985e-05,1008108.8835,-2057.4220000000205,-0.20408728002246798
2023-09-29,168.17,167.65,[],0,-100,-100,0.0,0.0,0.0,0.0,-51.99999999999818,-51.99999999999818,-51.99999999999818,1005999.4615,-5.168855262771189e-05,1008108.8835,-2109.4220000000205,-0.20924545299873062
2023-10-02,170.71,168.17,[],0,-100,-100,0.0,0.0,0.0,0.0,-254.00000000000205,-254.00000000000205,-254.00000000000205,1005745.4615,-0.00025251710437617823,1008108.8835,-2363.4220000000205,-0.23444114407509042
2023-10-03,169.36,170.71,[],0,-100,-100,0.0,0.0,0.0,0.0,134.99999999999943,134.99999999999943,134.99999999999943,1005880.4615,0.0001342197857554434,1008108.8835,-2228.4220000000205,-0.22104973346363932
2023-10-04,170.62,169.36,[],0,-100,-100,0.0,0.0,0.0,0.0,-125.99999999999909,-125.99999999999909,-125.99999999999909,1005754.4615,-0.00012527123955164205,1008108.8835,-2354.4220000000205,-0.23354838336766037
2023-10-05,171.87,170.62,[],0,-100,-100,0.0,0.0,0.0,0.0,-125.0,-125.0,-125.0,1005629.4615,-0.00012429253185492173,1008108.8835,-2479.4220000000205,-0.24594783763752245
2023-10-06,174.45,171.87,[],0,-100,-100,0.0,0.0,0.0,0.0,-257.9999999999984,-257.9999999999984,-257.9999999999984,1005371.4615,-0.000256588645449887,1008108.8835,-2737.4220000000205,-0.27154031125051786
2023-10-09,175.95,174.45,[],0,-100,-100,0.0,0.0,0.0,0.0,-150.0,-150.0,-150.0,1005221.4615,-0.00014920971675800635,1008108.8835,-2887.4220000000205,-0.2864196563743524
2023-10-10,175.35,175.95,"[TradeData(gateway_name='BACKTESTING', extra=None, symbol='AAPL', exchange=<Exchange.NASDAQ: 'NASDAQ'>, orderid='26', tradeid='24', direction=<Direction.LONG: 'Long'>, offset=<Offset.CLOSE: 'Close'>, price=175.06, volume=100, datetime=datetime.datetime(2023, 10, 10, 0, 0, tzinfo=zoneinfo.ZoneInfo(key='Asia/Shanghai'))), TradeData(gateway_name='BACKTESTING', extra=None, symbol='AAPL', exchange=<Exchange.NASDAQ: 'NASDAQ'>, orderid='27', tradeid='25', direction=<Direction.LONG: 'Long'>, offset=<Offset.OPEN: 'Open'>, price=175.06, volume=100, datetime=datetime.datetime(2023, 10, 10, 0, 0, tzinfo=zoneinfo.ZoneInfo(key='Asia/Shanghai')))]",2,-100,100,35012.0,17.506,2.0,57.99999999999841,59.99999999999943,117.99999999999784,98.49399999999784,1005319.9555,9.797758876899947e-05,1008108.8835,-2788.9279999999562,-0.2766494815834996
2023-10-11,176.76,175.35,[],0,100,100,0.0,0.0,0.0,0.0,140.99999999999966,140.99999999999966,140.99999999999966,1005460.9555,0.00014024402107644238,1008108.8835,-2647.9279999999562,-0.2626628971670952
2023-10-12,177.67,176.76,[],0,100,100,0.0,0.0,0.0,0.0,90.99999999999966,90.99999999999966,90.99999999999966,1005551.9555,9.050165671674185e-05,1008108.8835,-2556.9279999999562,-0.25363609445863555
2023-10-13,175.81,177.67,[],0,100,100,0.0,0.0,0.0,0.0,-185.99999999999852,-185.99999999999852,-185.99999999999852,1005365.9555,-0.00018499014754704292,1008108.8835,-2742.9279999999562,-0.2720864824121904
2023-10-16,175.68,175.81,[],0,100,100,0.0,0.0,0.0,0.0,-12.999999999999545,-12.999999999999545,-12.999999999999545,1005352.9555,-1.2930698497055526e-05,1008108.8835,-2755.9279999999562,-0.273376025656256
2023-10-17,174.11,175.68,[],0,100,100,0.0,0.0,0.0,0.0,-156.99999999999932,-156.99999999999932,-156.99999999999932,1005195.9555,-0.00015617625560870538,1008108.8835,-2912.9279999999562,-0.28894974021920283
2023-10-18,172.8,174.11,[],0,100,100,0.0,0.0,0.0,0.0,-131.00000000000023,-131.00000000000023,-131.00000000000023,1005064.9555,-0.0001303313410400073,1008108.8835,-3043.9279999999562,-0.30194436829401833
2023-10-19,172.42,172.8,[],0,100,100,0.0,0.0,0.0,0.0,-38.00000000000239,-38.00000000000239,-38.00000000000239,1005026.9555,-3.780921638113016e-05,1008108.8835,-3081.9279999999562,-0.3057138023920564
2023-10-20,169.84,172.42,[],0,100,100,0.0,0.0,0.0,0.0,-257.9999999999984,-257.9999999999984,-257.9999999999984,1004768.9555,-0.00025674248813533474,1008108.8835,-3339.9279999999562,-0.3313062760050518
2023-10-23,169.96,169.84,[],0,100,100,0.0,0.0,0.0,0.0,12.000000000000455,12.000000000000455,12.000000000000455,1004780.9555,1.1942972836277495e-05,1008108.8835,-3327.9279999999562,-0.33011592839514503
2023-10-24,170.4,169.96,"[TradeData(gateway_name='BACKTESTING', extra=None, symbol='AAPL', exchange=<Exchange.NASDAQ: 'NASDAQ'>, orderid='28', tradeid='26', direction=<Direction.SHORT: 'Short'>, offset=<Offset.CLOSE: 'Close'>, price=170.01, volume=100, datetime=datetime.datetime(2023, 10, 24, 0, 0, tzinfo=zoneinfo.ZoneInfo(key='Asia/Shanghai'))), TradeData(gateway_name='BACKTESTING', extra=None, symbol='AAPL', exchange=<Exchange.NASDAQ: 'NASDAQ'>, orderid='29', tradeid='27', direction=<Direction.SHORT: 'Short'>, offset=<Offset.OPEN: 'Open'>, price=170.01, volume=100, datetime=datetime.datetime(2023, 10, 24, 0, 0, tzinfo=zoneinfo.ZoneInfo(key='Asia/Shanghai')))]",2,100,-100,34002.0,17.001,2.0,-78.00000000000296,43.99999999999977,-34.00000000000318,-53.00100000000319,1004727.9545,-5.275020155280431e-05,1008108.8835,-3380.9290000000037,-0.33537339620120543
2023-10-25,168.06,170.4,[],0,-100,-100,0.0,0.0,0.0,0.0,234.00000000000034,234.00000000000034,234.00000000000034,1004961.9545,0.00023287174803380398,1008108.8835,-3146.9290000000037,-0.3121616178080236
2023-10-26,163.85,168.06,[],0,-100,-100,0.0,0.0,0.0,0.0,421.0000000000008,421.0000000000008,421.0000000000008,1005382.9545,0.0004188336083720805,1008108.8835,-2725.9290000000037,-0.270400255827128
2023-10-27,165.18,163.85,[],0,-100,-100,0.0,0.0,0.0,0.0,-133.00000000000125,-133.00000000000125,-133.00000000000125,1005249.9545,-0.0001322966510680292,1008108.8835,-2858.9290000000037,-0.2835932751702613
2023-10-30,167.25,165.18,[],0,-100,-100,0.0,0.0,0.0,0.0,-206.99999999999932,-206.99999999999932,-206.99999999999932,1005042.9545,-0.00020594013917563981,1008108.8835,-3065.9290000000037,-0.3041267714411529
2023-10-31,167.73,167.25,[],0,-100,-100,0.0,0.0,0.0,0.0,-47.99999999999898,-47.99999999999898,-47.99999999999898,1004994.9545,-4.776029327031917e-05,1008108.8835,-3113.9290000000037,-0.30888816188078
2023-11-01,170.93,167.73,[],0,-100,-100,0.0,0.0,0.0,0.0,-320.0000000000017,-320.0000000000017,-320.0000000000017,1004674.9545,-0.00031846026182847205,1008108.8835,-3433.9290000000037,-0.34063076481162696
2023-11-02,174.53,170.93,[],0,-100,-100,0.0,0.0,0.0,0.0,-359.99999999999943,-359.99999999999943,-359.99999999999943,1004314.9545,-0.0003583890613293394,1008108.8835,-3793.9290000000037,-0.3763411931088299
2023-11-03,173.61,174.53,[],0,-100,-100,0.0,0.0,0.0,0.0,91.99999999999875,91.99999999999875,91.99999999999875,1004406.9545,9.16005343019551e-05,1008108.8835,-3701.9290000000037,-0.36721519476621134
2023-11-06,176.19,173.61,[],0,-100,-100,0.0,0.0,0.0,0.0,-257.9999999999984,-257.9999999999984,-257.9999999999984,1004148.9545,-0.0002569009906698822,1008108.8835,-3959.9290000000037,-0.3928076683792067
2023-11-07,178.78,176.19,"[TradeData(gateway_name='BACKTESTING', extra=None, symbol='AAPL', exchange=<Exchange.NASDAQ: 'NASDAQ'>, orderid='30', tradeid='28', direction=<Direction.LONG: 'Long'>, offset=<Offset.CLOSE: 'Close'>, price=176.14, volume=100, datetime=datetime.datetime(2023, 11, 7, 0, 0, tzinfo=zoneinfo.ZoneInfo(key='Asia/Shanghai'))), TradeData(gateway_name='BACKTESTING', extra=None, symbol='AAPL', exchange=<Exchange.NASDAQ: 'NASDAQ'>, orderid='31', tradeid='29', direction=<Direction.LONG: 'Long'>, offset=<Offset.OPEN: 'Open'>, price=176.14, volume=100, datetime=datetime.datetime(2023, 11, 7, 0, 0, tzinfo=zoneinfo.ZoneInfo(key='Asia/Shanghai')))]",2,-100,100,35228.0,17.614,2.0,528.000000000003,-259.00000000000034,269.0000000000026,249.3860000000026,1004398.3405,0.0002483247488395182,1008108.8835,-3710.542999999947,-0.3680696659588505
2023-11-08,179.85,178.78,[],0,100,100,0.0,0.0,0.0,0.0,106.99999999999932,106.99999999999932,106.99999999999932,1004505.3405,0.00010652576438890699,1008108.8835,-3603.542999999947,-0.3574557331038485
2023-11-09,179.37,179.85,[],0,100,100,0.0,0.0,0.0,0.0,-47.99999999999898,-47.99999999999898,-47.99999999999898,1004457.3405,-4.7785855320365645e-05,1008108.8835,-3651.542999999947,-0.36221712354347557
2023-11-10,183.6,179.37,[],0,100,100,0.0,0.0,0.0,0.0,422.999999999999,422.999999999999,422.999999999999,1004880.3405,0.0004210342644231962,1008108.8835,-3228.542999999947,-0.32025737029426216
2023-11-13,182.0,183.6,[],0,100,100,0.0,0.0,0.0,0.0,-159.99999999999943,-159.99999999999943,-159.99999999999943,1004720.3405,-0.00015923561516553548,1008108.8835,-3388.542999999947,-0.3361286717596857
2023-11-14,184.64,182.0,[],0,100,100,0.0,0.0,0.0,0.0,263.99999999999864,263.99999999999864,263.99999999999864,1004984.3405,0.0002627251695379601,1008108.8835,-3124.542999999947,-0.30994102434173687
2023-11-15,185.21,184.64,[],0,100,100,0.0,0.0,0.0,0.0,57.00000000000216,57.00000000000216,57.00000000000216,1005041.3405,5.671569329101136e-05,1008108.8835,-3067.542999999947,-0.3042868731946798
2023-11-16,186.91,185.21,[],0,100,100,0.0,0.0,0.0,0.0,169.99999999999886,169.99999999999886,169.99999999999886,1005211.3405,0.00016913296722543395,1008108.8835,-2897.542999999947,-0.28742361538766725
2023-11-17,186.89,186.91,[],0,100,100,0.0,0.0,0.0,0.0,-2.000000000001023,-2.000000000001023,-2.000000000001023,1005209.3405,-1.9896333328796486e-06,1008108.8835,-2899.542999999947,-0.2876220066559851
2023-11-20,188.65,186.89,[],0,100,100,0.0,0.0,0.0,0.0,176.00000000000193,176.00000000000193,176.00000000000193,1005385.3405,0.00017507258137369413,1008108.8835,-2723.542999999947,-0.2701635750440192
2023-11-21,187.84,188.65,[],0,100,100,0.0,0.0,0.0,0.0,-81.00000000000023,-81.00000000000023,-81.00000000000023,1005304.3405,-8.056936961403844e-05,1008108.8835,-2804.542999999947,-0.2781984214108899
2023-11-22,188.51,187.84,[],0,100,100,0.0,0.0,0.0,0.0,66.99999999999875,66.99999999999875,66.99999999999875,1005371.3405,6.664426357568184e-05,1008108.8835,-2737.542999999947,-0.27155231392224377
2023-11-24,187.17,188.51,[],0,100,100,0.0,0.0,0.0,0.0,-134.00000000000034,-134.00000000000034,-134.00000000000034,1005237.3405,-0.00013329296890503026,1008108.8835,-2871.542999999947,-0.28484452889953593
2023-11-27,186.99,187.17,[],0,100,100,0.0,0.0,0.0,0.0,-17.99999999999784,-17.99999999999784,-17.99999999999784,1005219.3405,-1.7906379352112427e-05,1008108.8835,-2889.542999999947,-0.2866300503143961
2023-11-28,187.6,186.99,[],0,100,100,0.0,0.0,0.0,0.0,60.99999999999852,60.99999999999852,60.99999999999852,1005280.3405,6.068143217851462e-05,1008108.8835,-2828.542999999947,-0.2805791166307034
2023-11-29,186.57,187.6,[],0,100,100,0.0,0.0,0.0,0.0,-103.00000000000011,-103.00000000000011,-103.00000000000011,1005177.3405,-0.00010246423096939313,1008108.8835,-2931.542999999947,-0.2907962669490698
2023-11-30,187.15,186.57,[],0,100,100,0.0,0.0,0.0,0.0,58.00000000000125,58.00000000000125,58.00000000000125,1005235.3405,5.7699596271137e-05,1008108.8835,-2873.542999999947,-0.28504292016785376
2023-12-01,188.44,187.15,[],0,100,100,0.0,0.0,0.0,0.0,128.9999999999992,128.9999999999992,128.9999999999992,1005364.3405,0.0001283199250412849,1008108.8835,-2744.542999999947,-0.2722466833613561
2023-12-04,186.63,188.44,[],0,100,100,0.0,0.0,0.0,0.0,-181.00000000000023,-181.00000000000023,-181.00000000000023,1005183.3405,-0.0001800504431697906,1008108.8835,-2925.542999999947,-0.2902010931441164
2023-12-05,190.62,186.63,[],0,100,100,0.0,0.0,0.0,0.0,399.0000000000009,399.0000000000009,399.0000000000009,1005582.3405,0.00039686375096526736,1008108.8835,-2526.542999999947,-0.25062203511471653
2023-12-06,189.52,190.62,[],0,100,100,0.0,0.0,0.0,0.0,-109.99999999999943,-109.99999999999943,-109.99999999999943,1005472.3405,-0.00010939533484493886,1008108.8835,-2636.542999999947,-0.2615335548721952
2023-12-07,191.47,189.52,[],0,100,100,0.0,0.0,0.0,0.0,194.99999999999886,194.99999999999886,194.99999999999886,1005667.3405,0.00019391989771102606,1008108.8835,-2441.542999999947,-0.24219040621121032
2023-12-08,192.91,191.47,[],0,100,100,0.0,0.0,0.0,0.0,143.99999999999977,143.99999999999977,143.99999999999977,1005811.3405,0.00014317825150850347,1008108.8835,-2297.542999999947,-0.22790623489232914
2023-12-11,190.38,192.91,[],0,100,100,0.0,0.0,0.0,0.0,-253.0000000000001,-253.0000000000001,-253.0000000000001,1005558.3405,-0.00025156986676711396,1008108.8835,-2550.542999999947,-0.2530027303345301
2023-12-12,191.91,190.38,[],0,100,100,0.0,0.0,0.0,0.0,153.0000000000001,153.0000000000001,153.0000000000001,1005711.3405,0.00015214270044485145,1008108.8835,-2397.542999999947,-0.23782579830821884
2023-12-13,195.16,191.91,[],0,100,100,0.0,0.0,0.0,0.0,325.0,325.0,325.0,1006036.3405,0.00032310215231947775,1008108.8835,-2072.542999999947,-0.20558721720657738
2023-12-14,195.31,195.16,[],0,100,100,0.0,0.0,0.0,0.0,15.000000000000568,15.000000000000568,15.000000000000568,1006051.3405,1.4909887021188403e-05,1008108.8835,-2057.542999999947,-0.20409928269419392
2023-12-15,194.77,195.31,[],0,100,100,0.0,0.0,0.0,0.0,-53.999999999999204,-53.999999999999204,-53.999999999999204,1005997.3405,-5.367663369465913e-05,1008108.8835,-2111.542999999947,-0.20945584693877434
2023-12-18,193.09,194.77,[],0,100,100,0.0,0.0,0.0,0.0,-168.00000000000068,-168.00000000000068,-168.00000000000068,1005829.3405,-0.0001670123992063084,1008108.8835,-2279.542999999947,-0.226120713477469
2023-12-19,194.14,193.09,[],0,100,100,0.0,0.0,0.0,0.0,104.9999999999983,104.9999999999983,104.9999999999983,1005934.3405,0.00010438601818593605,1008108.8835,-2174.542999999947,-0.21570517189078484
2023-12-20,192.03,194.14,[],0,100,100,0.0,0.0,0.0,0.0,-210.99999999999852,-210.99999999999852,-210.99999999999852,1005723.3405,-0.0002097772426855882,1008108.8835,-2385.542999999947,-0.2366354506983121
2023-12-21,191.88,192.03,[],0,100,100,0.0,0.0,0.0,0.0,-15.000000000000568,-15.000000000000568,-15.000000000000568,1005708.3405,-1.491474967004362e-05,1008108.8835,-2400.542999999947,-0.23812338521069554
2023-12-22,190.8,191.88,[],0,100,100,0.0,0.0,0.0,0.0,-107.99999999999841,-107.99999999999841,-107.99999999999841,1005600.3405,-0.00010739276484413497,1008108.8835,-2508.542999999947,-0.2488365136998564
2023-12-26,190.25,190.8,[],0,100,100,0.0,0.0,0.0,0.0,-55.00000000000114,-55.00000000000114,-55.00000000000114,1005545.3405,-5.469519243020128e-05,1008108.8835,-2563.542999999947,-0.25429227357859574
2023-12-27,190.35,190.25,[],0,100,100,0.0,0.0,0.0,0.0,9.999999999999432,9.999999999999432,9.999999999999432,1005555.3405,9.944802957411981e-06,1008108.8835,-2553.542999999947,-0.25330031723700674
2023-12-28,190.78,190.35,"[TradeData(gateway_name='BACKTESTING', extra=None, symbol='AAPL', exchange=<Exchange.NASDAQ: 'NASDAQ'>, orderid='32', tradeid='30', direction=<Direction.SHORT: 'Short'>, offset=<Offset.CLOSE: 'Close'>, price=191.34, volume=100, datetime=datetime.datetime(2023, 12, 28, 0, 0, tzinfo=zoneinfo.ZoneInfo(key='Asia/Shanghai'))), TradeData(gateway_name='BACKTESTING', extra=None, symbol='AAPL', exchange=<Exchange.NASDAQ: 'NASDAQ'>, orderid='33', tradeid='31', direction=<Direction.SHORT: 'Short'>, offset=<Offset.OPEN: 'Open'>, price=191.34, volume=100, datetime=datetime.datetime(2023, 12, 28, 0, 0, tzinfo=zoneinfo.ZoneInfo(key='Asia/Shanghai')))]",2,100,-100,38268.0,19.134,2.0,112.00000000000045,43.00000000000068,155.00000000000114,133.86600000000112,1005689.2065,0.0001331175767732211,1008108.8835,-2419.677000000025,-0.24002139447469964
2023-12-29,189.73,190.78,[],0,-100,-100,0.0,0.0,0.0,0.0,105.00000000000114,105.00000000000114,105.00000000000114,1005794.2065,0.00010440056270588031,1008108.8835,-2314.677000000025,-0.22960585288801547
2024-01-02,182.84,189.73,[],0,-100,-100,0.0,0.0,0.0,0.0,688.9999999999986,688.9999999999986,688.9999999999986,1006483.2065,0.0006847962636505601,1008108.8835,-1625.6770000000251,-0.1612600609525355
2024-01-03,181.45,182.84,[],0,-100,-100,0.0,0.0,0.0,0.0,139.00000000000148,139.00000000000148,139.00000000000148,1006622.2065,0.00013809510353827414,1008108.8835,-1486.6770000000251,-0.14747186780444885
2024-01-04,179.11,181.45,[],0,-100,-100,0.0,0.0,0.0,0.0,233.9999999999975,233.9999999999975,233.9999999999975,1006856.2065,0.00023243358313908004,1008108.8835,-1252.6770000000251,-0.12426008941126697
2024-01-05,178.38,179.11,[],0,-100,-100,0.0,0.0,0.0,0.0,73.00000000000182,73.00000000000182,73.00000000000182,1006929.2065,7.250027690214808e-05,1008108.8835,-1179.6770000000251,-0.11701880811766749
2024-01-08,182.76,178.38,[],0,-100,-100,0.0,0.0,0.0,0.0,-437.99999999999955,-437.99999999999955,-437.99999999999955,1006491.2065,-0.00043508052673077555,1008108.8835,-1617.6770000000251,-0.16046649587926434
2024-01-09,182.34,182.76,[],0,-100,-100,0.0,0.0,0.0,0.0,41.99999999999875,41.99999999999875,41.99999999999875,1006533.2065,4.172825697974984e-05,1008108.8835,-1575.6770000000251,-0.15630027924459067
2024-01-10,183.39,182.34,[],0,-100,-100,0.0,0.0,0.0,0.0,-104.9999999999983,-104.9999999999983,-104.9999999999983,1006428.2065,-0.00010432390747001085,1008108.8835,-1680.6770000000251,-0.16671582083127484
2024-01-11,182.79,183.39,[],0,-100,-100,0.0,0.0,0.0,0.0,59.99999999999943,59.99999999999943,59.99999999999943,1006488.2065,5.9614994075609394e-05,1008108.8835,-1620.6770000000251,-0.160764082781741
2024-01-12,183.12,182.79,[],0,-100,-100,0.0,0.0,0.0,0.0,-33.00000000000125,-33.00000000000125,-33.00000000000125,1006455.2065,-3.278780693961679e-05,1008108.8835,-1653.6770000000251,-0.16403753870898463
2024-01-16,180.83,183.12,[],0,-100,-100,0.0,0.0,0.0,0.0,228.9999999999992,228.9999999999992,228.9999999999992,1006684.2065,0.00022750535756144966,1008108.8835,-1424.6770000000251,-0.14132173848659724
2024-01-17,179.88,180.83,[],0,-100,-100,0.0,0.0,0.0,0.0,95.0000000000017,95.0000000000017,95.0000000000017,1006779.2065,9.436476417419995e-05,1008108.8835,-1329.6770000000251,-0.13189815324150203
2024-01-18,185.83,179.88,[],0,-100,-100,0.0,0.0,0.0,0.0,-595.0000000000017,-595.0000000000017,-595.0000000000017,1006184.2065,-0.0005911682383155265,1008108.8835,-1924.6770000000251,-0.19091955556604567
2024-01-19,188.76,185.83,[],0,-100,-100,0.0,0.0,0.0,0.0,-292.99999999999784,-292.99999999999784,-292.99999999999784,1005891.2065,-0.0002912415709450582,1008108.8835,-2217.677000000025,-0.21998387637460248
2024-01-22,191.09,188.76,[],0,-100,-100,0.0,0.0,0.0,0.0,-233.00000000000125,-233.00000000000125,-233.00000000000125,1005658.2065,-0.00023166221971603193,1008108.8835,-2450.677000000025,-0.24309645913362546
2024-01-23,192.38,191.09,[],0,-100,-100,0.0,0.0,0.0,0.0,-128.9999999999992,-128.9999999999992,-128.9999999999992,1005529.2065,-0.00012828242593714625,1008108.8835,-2579.677000000025,-0.2558926959401231
2024-01-24,191.7,192.38,"[TradeData(gateway_name='BACKTESTING', extra=None, symbol='AAPL', exchange=<Exchange.NASDAQ: 'NASDAQ'>, orderid='34', tradeid='32', direction=<Direction.LONG: 'Long'>, offset=<Offset.CLOSE: 'Close'>, price=192.62, volume=100, datetime=datetime.datetime(2024, 1, 24, 0, 0, tzinfo=zoneinfo.ZoneInfo(key='Asia/Shanghai'))), TradeData(gateway_name='BACKTESTING', extra=None, symbol='AAPL', exchange=<Exchange.NASDAQ: 'NASDAQ'>, orderid='35', tradeid='33', direction=<Direction.LONG: 'Long'>, offset=<Offset.OPEN: 'Open'>, price=192.62, volume=100, datetime=datetime.datetime(2024, 1, 24, 0, 0, tzinfo=zoneinfo.ZoneInfo(key='Asia/Shanghai')))]",2,-100,100,38524.0,19.262,2.0,-184.00000000000318,68.00000000000068,-116.0000000000025,-137.2620000000025,1005391.9445,-0.00013651654133222207,1008108.8835,-2716.939000000013,-0.2695084870760404
2024-01-25,191.37,191.7,[],0,100,100,0.0,0.0,0.0,0.0,-32.99999999999841,-32.99999999999841,-32.99999999999841,1005358.9445,-3.282355878443959e-05,1008108.8835,-2749.939000000013,-0.272781943003284
2024-01-26,189.62,191.37,[],0,100,100,0.0,0.0,0.0,0.0,-175.0,-175.0,-175.0,1005183.9445,-0.00017408233507415152,1008108.8835,-2924.939000000013,-0.290141178981091
2024-01-29,188.93,189.62,[],0,100,100,0.0,0.0,0.0,0.0,-68.99999999999977,-68.99999999999977,-68.99999999999977,1005114.9445,-6.864650864071723e-05,1008108.8835,-2993.939000000013,-0.29698567773805484
2024-01-30,185.24,188.93,[],0,100,100,0.0,0.0,0.0,0.0,-368.9999999999998,-368.9999999999998,-368.9999999999998,1004745.9445,-0.0003671895962207856,1008108.8835,-3362.939000000013,-0.3335888667426878
2024-01-31,181.6,185.24,[],0,100,100,0.0,0.0,0.0,0.0,-364.0000000000015,-364.0000000000015,-364.0000000000015,1004381.9445,-0.000362346275690575,1008108.8835,-3726.939000000013,-0.3696960775765263
2024-02-01,184.06,181.6,[],0,100,100,0.0,0.0,0.0,0.0,246.0000000000008,246.0000000000008,246.0000000000008,1004627.9445,0.00024489675494016467,1008108.8835,-3480.939000000013,-0.3452939515734377
2024-02-02,183.05,184.06,[],0,100,100,0.0,0.0,0.0,0.0,-100.99999999999909,-100.99999999999909,-100.99999999999909,1004526.9445,-0.00010053978480015758,1008108.8835,-3581.939000000013,-0.35531271062348624
2024-02-05,184.88,183.05,"[TradeData(gateway_name='BACKTESTING', extra=None, symbol='AAPL', exchange=<Exchange.NASDAQ: 'NASDAQ'>, orderid='36', tradeid='34', direction=<Direction.SHORT: 'Short'>, offset=<Offset.CLOSE: 'Close'>, price=185.35, volume=100, datetime=datetime.datetime(2024, 2, 5, 0, 0, tzinfo=zoneinfo.ZoneInfo(key='Asia/Shanghai'))), TradeData(gateway_name='BACKTESTING', extra=None, symbol='AAPL', exchange=<Exchange.NASDAQ: 'NASDAQ'>, orderid='37', tradeid='35', direction=<Direction.SHORT: 'Short'>, offset=<Offset.OPEN: 'Open'>, price=185.35, volume=100, datetime=datetime.datetime(2024, 2, 5, 0, 0, tzinfo=zoneinfo.ZoneInfo(key='Asia/Shanghai')))]",2,100,-100,37070.0,18.535,2.0,93.99999999999977,182.9999999999984,276.9999999999982,256.46499999999816,1004783.4095,0.00025527664343365106,1008108.8835,-3325.4740000000456,-0.329872502308928
2024-02-06,186.5,184.88,[],0,-100,-100,0.0,0.0,0.0,0.0,-162.00000000000045,-162.00000000000045,-162.00000000000045,1004621.4095,-0.00016124177549405725,1008108.8835,-3487.4740000000456,-0.3459421950426693
2024-02-07,186.61,186.5,[],0,-100,-100,0.0,0.0,0.0,0.0,-11.000000000001364,-11.000000000001364,-11.000000000001364,1004610.4095,-1.0949458291548907e-05,1008108.8835,-3498.4740000000456,-0.34703334701841715
2024-02-08,185.52,186.61,[],0,-100,-100,0.0,0.0,0.0,0.0,109.00000000000034,109.00000000000034,109.00000000000034,1004719.4095,0.00010849388594758837,1008108.8835,-3389.4740000000456,-0.3362210228950974
2024-02-09,186.29,185.52,[],0,-100,-100,0.0,0.0,0.0,0.0,-76.99999999999818,-76.99999999999818,-76.99999999999818,1004642.4095,-7.664124928584681e-05,1008108.8835,-3466.4740000000456,-0.34385908672533244
2024-02-12,184.59,186.29,[],0,-100,-100,0.0,0.0,0.0,0.0,169.99999999999886,169.99999999999886,169.99999999999886,1004812.4095,0.0001692001221408706,1008108.8835,-3296.4740000000456,-0.32699582891831996
2024-02-13,182.48,184.59,[],0,-100,-100,0.0,0.0,0.0,0.0,211.00000000000136,211.00000000000136,211.00000000000136,1005023.4095,0.00020996740010346894,1008108.8835,-3085.4740000000456,-0.30606555011079273
2024-02-14,181.59,182.48,[],0,-100,-100,0.0,0.0,0.0,0.0,88.99999999999864,88.99999999999864,88.99999999999864,1005112.4095,8.855123043626471e-05,1008108.8835,-2996.4740000000456,-0.2972371386706509
2024-02-15,181.3,181.59,[],0,-100,-100,0.0,0.0,0.0,0.0,28.999999999999204,28.999999999999204,28.999999999999204,1005141.4095,2.8852078009249093e-05,1008108.8835,-2967.4740000000456,-0.2943604652800429
2024-02-16,179.75,181.3,[],0,-100,-100,0.0,0.0,0.0,0.0,155.00000000000114,155.00000000000114,155.00000000000114,1005296.4095,0.00015419526915218026,1008108.8835,-2812.4740000000456,-0.27898514198541385
2024-02-20,179.0,179.75,[],0,-100,-100,0.0,0.0,0.0,0.0,75.0,75.0,75.0,1005371.4095,7.46020792953294e-05,1008108.8835,-2737.4740000000456,-0.2715454694234966
2024-02-21,179.76,179.0,[],0,-100,-100,0.0,0.0,0.0,0.0,-75.99999999999909,-75.99999999999909,-75.99999999999909,1005295.4095,-7.559681128469817e-05,1008108.8835,-2813.4740000000456,-0.27908433761957274
2024-02-22,181.81,179.76,[],0,-100,-100,0.0,0.0,0.0,0.0,-205.00000000000114,-205.00000000000114,-205.00000000000114,1005090.4095,-0.00020394095379408752,1008108.8835,-3018.4740000000456,-0.29941944262214665
2024-02-23,179.96,181.81,[],0,-100,-100,0.0,0.0,0.0,0.0,184.99999999999943,184.99999999999943,184.99999999999943,1005275.4095,0.00018404610620984422,1008108.8835,-2833.4740000000456,-0.28106825030275073
2024-02-26,178.6,179.96,[],0,-100,-100,0.0,0.0,0.0,0.0,136.00000000000136,136.00000000000136,136.00000000000136,1005411.4095,0.0001352771589512198,1008108.8835,-2697.4740000000456,-0.26757764405714074
2024-02-27,180.07,178.6,[],0,-100,-100,0.0,0.0,0.0,0.0,-146.9999999999999,-146.9999999999999,-146.9999999999999,1005264.4095,-0.00014621949383668224,1008108.8835,-2844.4740000000456,-0.28215940227849856
2024-02-28,178.86,180.07,[],0,-100,-100,0.0,0.0,0.0,0.0,120.99999999999795,120.99999999999795,120.99999999999795,1005385.4095,0.0001203590988372454,1008108.8835,-2723.4740000000456,-0.27015673054527206
2024-02-29,178.19,178.86,[],0,-100,-100,0.0,0.0,0.0,0.0,67.00000000000159,67.00000000000159,67.00000000000159,1005452.4095,6.663888991124294e-05,1008108.8835,-2656.4740000000456,-0.263510623056626
2024-03-01,177.1,178.19,[],0,-100,-100,0.0,0.0,0.0,0.0,109.00000000000034,109.00000000000034,109.00000000000034,1005561.4095,0.00010840303440664602,1008108.8835,-2547.4740000000456,-0.2526982989333062
2024-03-04,172.53,177.1,[],0,-100,-100,0.0,0.0,0.0,0.0,456.9999999999993,456.9999999999993,456.9999999999993,1006018.4095,0.0004543692510193035,1008108.8835,-2090.4740000000456,-0.20736589412269033
2024-03-05,167.56,172.53,[],0,-100,-100,0.0,0.0,0.0,0.0,496.9999999999999,496.9999999999999,496.9999999999999,1006515.4095,0.0004939047537101636,1008108.8835,-1593.4740000000456,-0.15806566394571858
2024-03-06,166.56,167.56,[],0,-100,-100,0.0,0.0,0.0,0.0,100.0,100.0,100.0,1006615.4095,9.934774147656374e-05,1008108.8835,-1493.4740000000456,-0.1481461005298289
2024-03-07,166.44,166.56,[],0,-100,-100,0.0,0.0,0.0,0.0,12.000000000000455,12.000000000000455,12.000000000000455,1006627.4095,1.1921065742189683e-05,1008108.8835,-1481.4740000000456,-0.14695575291992213
2024-03-08,168.17,166.44,[],0,-100,-100,0.0,0.0,0.0,0.0,-172.99999999999898,-172.99999999999898,-172.99999999999898,1006454.4095,-0.00017187577652635373,1008108.8835,-1654.4740000000456,-0.16411659762941128
2024-03-11,170.19,168.17,[],0,-100,-100,0.0,0.0,0.0,0.0,-202.00000000000102,-202.00000000000102,-202.00000000000102,1006252.4095,-0.00020072471437102186,1008108.8835,-1856.4740000000456,-0.18415411572950846
2024-03-12,170.67,170.19,[],0,-100,-100,0.0,0.0,0.0,0.0,-47.99999999999898,-47.99999999999898,-47.99999999999898,1006204.4095,-4.7702886895219434e-05,1008108.8835,-1904.4740000000456,-0.18891550616913552
2024-03-13,168.57,170.67,[],0,-100,-100,0.0,0.0,0.0,0.0,209.99999999999943,209.99999999999943,209.99999999999943,1006414.4095,0.00020868333216375896,1008108.8835,-1694.4740000000456,-0.16808442299576717
2024-03-14,170.44,168.57,[],0,-100,-100,0.0,0.0,0.0,0.0,-187.00000000000045,-187.00000000000045,-187.00000000000045,1006227.4095,-0.00018582541490767788,1008108.8835,-1881.4740000000456,-0.1866340065834809
2024-03-15,170.06,170.44,[],0,-100,-100,0.0,0.0,0.0,0.0,37.999999999999545,37.999999999999545,37.999999999999545,1006265.4095,3.776410990959188e-05,1008108.8835,-1843.4740000000456,-0.1828645724854428
2024-03-18,171.16,170.06,[],0,-100,-100,0.0,0.0,0.0,0.0,-109.99999999999943,-109.99999999999943,-109.99999999999943,1006155.4095,-0.00010932107148867077,1008108.8835,-1953.4740000000456,-0.19377609224292144
2024-03-19,173.52,171.16,[],0,-100,-100,0.0,0.0,0.0,0.0,-236.00000000000136,-236.00000000000136,-236.00000000000136,1005919.4095,-0.0002345837230839355,1008108.8835,-2189.4740000000456,-0.21718626190442114
2024-03-20,176.11,173.52,[],0,-100,-100,0.0,0.0,0.0,0.0,-259.00000000000034,-259.00000000000034,-259.00000000000034,1005660.4095,-0.00025750904735164984,1008108.8835,-2448.4740000000456,-0.2428779311515754
2024-03-21,168.81,176.11,[],0,-100,-100,0.0,0.0,0.0,0.0,730.0000000000011,730.0000000000011,730.0000000000011,1006390.4095,0.0007256278272273082,1008108.8835,-1718.4740000000456,-0.1704651182155807
2024-03-22,169.72,168.81,[],0,-100,-100,0.0,0.0,0.0,0.0,-90.99999999999966,-90.99999999999966,-90.99999999999966,1006299.4095,-9.04262536660573e-05,1008108.8835,-1809.4740000000456,-0.17949192092404032
2024-03-25,168.29,169.72,[],0,-100,-100,0.0,0.0,0.0,0.0,143.00000000000068,143.00000000000068,143.00000000000068,1006442.4095,0.00014209472759062176,1008108.8835,-1666.4740000000456,-0.16530694523931805
2024-03-26,167.15,168.29,[],0,-100,-100,0.0,0.0,0.0,0.0,113.99999999999864,113.99999999999864,113.99999999999864,1006556.4095,0.00011326385196645886,1008108.8835,-1552.4740000000456,-0.1539986429452038
2024-03-27,170.75,167.15,[],0,-100,-100,0.0,0.0,0.0,0.0,-359.99999999999943,-359.99999999999943,-359.99999999999943,1006196.4095,-0.00035771904074914727,1008108.8835,-1912.4740000000456,-0.18970907124240668
2024-03-28,168.92,170.75,[],0,-100,-100,0.0,0.0,0.0,0.0,183.00000000000125,183.00000000000125,183.00000000000125,1006379.4095,0.0001818565032698243,1008108.8835,-1729.4740000000456,-0.17155627019132857
2024-04-01,167.47,168.92,[],0,-100,-100,0.0,0.0,0.0,0.0,144.99999999999886,144.99999999999886,144.99999999999886,1006524.4095,0.0001440704706127656,1008108.8835,-1584.4740000000456,-0.1571729032382885
2024-04-02,166.28,167.47,[],0,-100,-100,0.0,0.0,0.0,0.0,118.99999999999977,118.99999999999977,118.99999999999977,1006643.4095,0.00011822163956271388,1008108.8835,-1465.4740000000456,-0.14536862277337978
2024-04-03,167.09,166.28,[],0,-100,-100,0.0,0.0,0.0,0.0,-81.00000000000023,-81.00000000000023,-81.00000000000023,1006562.4095,-8.046867268040272e-05,1008108.8835,-1546.4740000000456,-0.15340346914025044
2024-04-04,166.26,167.09,[],0,-100,-100,0.0,0.0,0.0,0.0,83.00000000000125,83.00000000000125,83.00000000000125,1006645.4095,8.245547157496135e-05,1008108.8835,-1463.4740000000456,-0.145170231505062
2024-04-05,167.02,166.26,[],0,-100,-100,0.0,0.0,0.0,0.0,-76.00000000000193,-76.00000000000193,-76.00000000000193,1006569.4095,-7.550113313173613e-05,1008108.8835,-1539.4740000000456,-0.15270909970113816
2024-04-08,165.89,167.02,[],0,-100,-100,0.0,0.0,0.0,0.0,113.00000000000239,113.00000000000239,113.00000000000239,1006682.4095,0.0001122562006921227,1008108.8835,-1426.4740000000456,-0.1414999930411828
2024-04-09,167.11,165.89,[],0,-100,-100,0.0,0.0,0.0,0.0,-122.00000000000273,-122.00000000000273,-122.00000000000273,1006560.4095,-0.0001211975018591223,1008108.8835,-1548.4740000000456,-0.1536018604085682
2024-04-10,165.22,167.11,[],0,-100,-100,0.0,0.0,0.0,0.0,189.00000000000148,189.00000000000148,189.00000000000148,1006749.4095,0.0001877505377181933,1008108.8835,-1359.4740000000456,-0.13485388555253672
2024-04-11,172.48,165.22,[],0,-100,-100,0.0,0.0,0.0,0.0,-725.9999999999991,-725.9999999999991,-725.9999999999991,1006023.4095,-0.0007213929208815564,1008108.8835,-2085.4740000000456,-0.20686991595189586
2024-04-12,173.99,172.48,[],0,-100,-100,0.0,0.0,0.0,0.0,-151.00000000000193,-151.00000000000193,-151.00000000000193,1005872.4095,-0.0001501071763830826,1008108.8835,-2236.4740000000456,-0.22184845670988929
2024-04-15,170.13,173.99,[],0,-100,-100,0.0,0.0,0.0,0.0,386.00000000000136,386.00000000000136,386.00000000000136,1006258.4095,0.0003836728716543771,1008108.8835,-1850.4740000000456,-0.1835589419245551
2024-04-16,166.82,170.13,"[TradeData(gateway_name='BACKTESTING', extra=None, symbol='AAPL', exchange=<Exchange.NASDAQ: 'NASDAQ'>, orderid='38', tradeid='36', direction=<Direction.LONG: 'Long'>, offset=<Offset.CLOSE: 'Close'>, price=169.19, volume=100, datetime=datetime.datetime(2024, 4, 16, 0, 0, tzinfo=zoneinfo.ZoneInfo(key='Asia/Shanghai'))), TradeData(gateway_name='BACKTESTING', extra=None, symbol='AAPL', exchange=<Exchange.NASDAQ: 'NASDAQ'>, orderid='39', tradeid='37', direction=<Direction.LONG: 'Long'>, offset=<Offset.OPEN: 'Open'>, price=169.19, volume=100, datetime=datetime.datetime(2024, 4, 16, 0, 0, tzinfo=zoneinfo.ZoneInfo(key='Asia/Shanghai')))]",2,-100,100,33838.0,16.919,2.0,-474.0000000000009,331.0000000000002,-143.00000000000068,-161.9190000000007,1006096.4905,-0.00016092489485764218,1008108.8835,-2012.39300000004,-0.19962059981192895
2024-04-17,165.44,166.82,[],0,100,100,0.0,0.0,0.0,0.0,-137.99999999999955,-137.99999999999955,-137.99999999999955,1005958.4905,-0.00013717319011608898,1008108.8835,-2150.39300000004,-0.21330959732585672
2024-04-18,164.48,165.44,[],0,100,100,0.0,0.0,0.0,0.0,-96.0000000000008,-96.0000000000008,-96.0000000000008,1005862.4905,-9.543592693331579e-05,1008108.8835,-2246.39300000004,-0.22283237820511081
2024-04-19,162.44,164.48,[],0,100,100,0.0,0.0,0.0,0.0,-203.9999999999992,-203.9999999999992,-203.9999999999992,1005658.4905,-0.00020283159124496108,1008108.8835,-2450.39300000004,-0.24306828757352578
2024-04-22,163.28,162.44,"[TradeData(gateway_name='BACKTESTING', extra=None, symbol='AAPL', exchange=<Exchange.NASDAQ: 'NASDAQ'>, orderid='40', tradeid='38', direction=<Direction.SHORT: 'Short'>, offset=<Offset.CLOSE: 'Close'>, price=162.96, volume=100, datetime=datetime.datetime(2024, 4, 22, 0, 0, tzinfo=zoneinfo.ZoneInfo(key='Asia/Shanghai'))), TradeData(gateway_name='BACKTESTING', extra=None, symbol='AAPL', exchange=<Exchange.NASDAQ: 'NASDAQ'>, orderid='41', tradeid='39', direction=<Direction.SHORT: 'Short'>, offset=<Offset.OPEN: 'Open'>, price=162.96, volume=100, datetime=datetime.datetime(2024, 4, 22, 0, 0, tzinfo=zoneinfo.ZoneInfo(key='Asia/Shanghai')))]",2,100,-100,32592.0,16.296,2.0,-63.999999999998636,84.00000000000034,20.000000000001705,1.704000000001706,1005660.1945,1.6944107492681297e-06,1008108.8835,-2448.689000000013,-0.24289925821291636
2024-04-23,164.34,163.28,[],0,-100,-100,0.0,0.0,0.0,0.0,-106.00000000000023,-106.00000000000023,-106.00000000000023,1005554.1945,-0.0001054089516044151,1008108.8835,-2554.689000000013,-0.2534139954337594
2024-04-24,166.46,164.34,[],0,-100,-100,0.0,0.0,0.0,0.0,-212.00000000000045,-212.00000000000045,-212.00000000000045,1005342.1945,-0.00021085124220732515,1008108.8835,-2766.689000000013,-0.27444346987544554
2024-04-25,167.33,166.46,[],0,-100,-100,0.0,0.0,0.0,0.0,-87.00000000000045,-87.00000000000045,-87.00000000000045,1005255.1945,-8.654144338421991e-05,1008108.8835,-2853.689000000013,-0.28307349004726956
2024-04-26,166.74,167.33,[],0,-100,-100,0.0,0.0,0.0,0.0,59.00000000000034,59.00000000000034,59.00000000000034,1005314.1945,5.86898421309265e-05,1008108.8835,-2794.689000000013,-0.2772209476318947
2024-04-29,170.94,166.74,[],0,-100,-100,0.0,0.0,0.0,0.0,-419.99999999999886,-419.99999999999886,-419.99999999999886,1004894.1945,-0.0004178671309996896,1008108.8835,-3214.689000000013,-0.31888311397863134
2024-04-30,167.77,170.94,"[TradeData(gateway_name='BACKTESTING', extra=None, symbol='AAPL', exchange=<Exchange.NASDAQ: 'NASDAQ'>, orderid='42', tradeid='40', direction=<Direction.LONG: 'Long'>, offset=<Offset.CLOSE: 'Close'>, price=170.77, volume=100, datetime=datetime.datetime(2024, 4, 30, 0, 0, tzinfo=zoneinfo.ZoneInfo(key='Asia/Shanghai'))), TradeData(gateway_name='BACKTESTING', extra=None, symbol='AAPL', exchange=<Exchange.NASDAQ: 'NASDAQ'>, orderid='43', tradeid='41', direction=<Direction.LONG: 'Long'>, offset=<Offset.OPEN: 'Open'>, price=170.77, volume=100, datetime=datetime.datetime(2024, 4, 30, 0, 0, tzinfo=zoneinfo.ZoneInfo(key='Asia/Shanghai')))]",2,-100,100,34154.0,17.077,2.0,-600.0,316.99999999999875,-283.00000000000125,-302.07700000000125,1004592.1175,-0.00030065096783340946,1008108.8835,-3516.765999999945,-0.34884783355844173
2024-05-01,166.74,167.77,[],0,100,100,0.0,0.0,0.0,0.0,-103.00000000000011,-103.00000000000011,-103.00000000000011,1004489.1175,-0.000102534430460956,1008108.8835,-3619.765999999945,-0.35906498387680813
2024-05-02,170.47,166.74,[],0,100,100,0.0,0.0,0.0,0.0,372.999999999999,372.999999999999,372.999999999999,1004862.1175,0.00037126411528994784,1008108.8835,-3246.765999999945,-0.3220650123355396
2024-05-03,180.82,170.47,[],0,100,100,0.0,0.0,0.0,0.0,1034.9999999999995,1034.9999999999995,1034.9999999999995,1005897.1175,0.001029461979725441,1008108.8835,-2211.765999999945,-0.21939753098108128
2024-05-06,179.15,180.82,[],0,100,100,0.0,0.0,0.0,0.0,-166.99999999999875,-166.99999999999875,-166.99999999999875,1005730.1175,-0.00016603473792562245,1008108.8835,-2378.765999999945,-0.23596320188561704
2024-05-07,179.84,179.15,[],0,100,100,0.0,0.0,0.0,0.0,68.99999999999977,68.99999999999977,68.99999999999977,1005799.1175,6.860452120347991e-05,1008108.8835,-2309.765999999945,-0.22911870312865315
2024-05-08,180.18,179.84,[],0,100,100,0.0,0.0,0.0,0.0,34.00000000000034,34.00000000000034,34.00000000000034,1005833.1175,3.38033954831864e-05,1008108.8835,-2275.765999999945,-0.22574605156725067
2024-05-09,182.01,180.18,[],0,100,100,0.0,0.0,0.0,0.0,182.9999999999984,182.9999999999984,182.9999999999984,1006016.1175,0.00018192218116663714,1008108.8835,-2092.765999999945,-0.20759325051617253
2024-05-10,180.74,182.01,[],0,100,100,0.0,0.0,0.0,0.0,-126.99999999999818,-126.99999999999818,-126.99999999999818,1005889.1175,-0.0001262484911906413,1008108.8835,-2219.765999999945,-0.22019109605435244
2024-05-13,183.97,180.74,[],0,100,100,0.0,0.0,0.0,0.0,322.999999999999,322.999999999999,322.999999999999,1006212.1175,0.00032105740720803663,1008108.8835,-1896.765999999945,-0.18815090622102876
2024-05-14,185.12,183.97,[],0,100,100,0.0,0.0,0.0,0.0,115.00000000000057,115.00000000000057,115.00000000000057,1006327.1175,0.0001142834863790782,1008108.8835,-1781.765999999945,-0.17674340829275562
2024-05-15,187.41,185.12,[],0,100,100,0.0,0.0,0.0,0.0,228.9999999999992,228.9999999999992,228.9999999999992,1006556.1175,0.00022753431198214156,1008108.8835,-1552.765999999945,-0.15402760807036825
2024-05-16,187.53,187.41,[],0,100,100,0.0,0.0,0.0,0.0,12.000000000000455,12.000000000000455,12.000000000000455,1006568.1175,1.192176795809695e-05,1008108.8835,-1540.765999999945,-0.15283726046046148
2024-05-17,187.56,187.53,[],0,100,100,0.0,0.0,0.0,0.0,3.0000000000001137,3.0000000000001137,3.0000000000001137,1006571.1175,2.98041978196448e-06,1008108.8835,-1537.765999999945,-0.15253967355798478
2024-05-20,188.73,187.56,[],0,100,100,0.0,0.0,0.0,0.0,116.99999999999875,116.99999999999875,116.99999999999875,1006688.1175,0.00011622944337992361,1008108.8835,-1420.765999999945,-0.14093378436139384
2024-05-21,190.04,188.73,[],0,100,100,0.0,0.0,0.0,0.0,131.00000000000023,131.00000000000023,131.00000000000023,1006819.1175,0.00013012121129518602,1008108.8835,-1289.765999999945,-0.12793915628657834
2024-05-22,188.59,190.04,[],0,100,100,0.0,0.0,0.0,0.0,-144.99999999999886,-144.99999999999886,-144.99999999999886,1006674.1175,-0.00014402829642545144,1008108.8835,-1434.765999999945,-0.14232252323961841
2024-05-23,184.57,188.59,[],0,100,100,0.0,0.0,0.0,0.0,-402.000000000001,-402.000000000001,-402.000000000001,1006272.1175,-0.0003994145480436018,1008108.8835,-1836.765999999945,-0.18219916817149495
2024-05-24,187.67,184.57,[],0,100,100,0.0,0.0,0.0,0.0,309.99999999999943,309.99999999999943,309.99999999999943,1006582.1175,0.0003080203196641083,1008108.8835,-1526.765999999945,-0.15144852158223693
2024-05-28,187.68,187.67,[],0,100,100,0.0,0.0,0.0,0.0,1.0000000000019327,1.0000000000019327,1.0000000000019327,1006583.1175,9.934604300442807e-07,1008108.8835,-1525.765999999945,-0.151349325948078
2024-05-29,187.98,187.68,[],0,100,100,0.0,0.0,0.0,0.0,29.999999999998295,29.999999999998295,29.999999999998295,1006613.1175,2.9803353970885388e-05,1008108.8835,-1495.765999999945,-0.1483734569233111
2024-05-30,188.98,187.98,[],0,100,100,0.0,0.0,0.0,0.0,100.0,100.0,100.0,1006713.1175,9.933809865855704e-05,1008108.8835,-1395.765999999945,-0.13845389350742143
2024-05-31,189.94,188.98,[],0,100,100,0.0,0.0,0.0,0.0,96.0000000000008,96.0000000000008,96.0000000000008,1006809.1175,9.53552917410742e-05,1008108.8835,-1299.765999999945,-0.12893111262816734
2024-06-03,191.72,189.94,[],0,100,100,0.0,0.0,0.0,0.0,178.0000000000001,178.0000000000001,178.0000000000001,1006987.1175,0.0001767805474752695,1008108.8835,-1121.765999999945,-0.11127428974788368
2024-06-04,192.04,191.72,[],0,100,100,0.0,0.0,0.0,0.0,31.999999999999318,31.999999999999318,31.999999999999318,1007019.1175,3.177745872528229e-05,1008108.8835,-1089.765999999945,-0.10810002945479896
2024-06-05,193.56,192.04,[],0,100,100,0.0,0.0,0.0,0.0,152.00000000000102,152.00000000000102,152.00000000000102,1007171.1175,0.00015092914030391942,1008108.8835,-937.765999999945,-0.09302229306264664
2024-06-06,192.17,193.56,[],0,100,100,0.0,0.0,0.0,0.0,-139.00000000000148,-139.00000000000148,-139.00000000000148,1007032.1175,-0.00013801983613697535,1008108.8835,-1076.765999999945,-0.1068104862107333
2024-06-07,194.58,192.17,[],0,100,100,0.0,0.0,0.0,0.0,241.0000000000025,241.0000000000025,241.0000000000025,1007273.1175,0.00023928846230685202,1008108.8835,-835.765999999945,-0.08290433837843916
2024-06-10,190.81,194.58,[],0,100,100,0.0,0.0,0.0,0.0,-377.000000000001,-377.000000000001,-377.000000000001,1006896.1175,-0.0003743478927703687,1008108.8835,-1212.765999999945,-0.1203010924563433
2024-06-11,204.84,190.81,[],0,100,100,0.0,0.0,0.0,0.0,1403.0,1403.0,1403.0,1008299.1175,0.0013924211434356644,1008299.1175,0.0,0.0
2024-06-12,210.76,204.84,[],0,100,100,0.0,0.0,0.0,0.0,591.9999999999987,591.9999999999987,591.9999999999987,1008891.1175,0.0005869550692089858,1008891.1175,0.0,0.0
2024-06-13,211.93,210.76,[],0,100,100,0.0,0.0,0.0,0.0,117.00000000000159,117.00000000000159,117.00000000000159,1009008.1175,0.00011596218294924322,1009008.1175,0.0,0.0
2024-06-14,210.18,211.93,[],0,100,100,0.0,0.0,0.0,0.0,-175.0,-175.0,-175.0,1008833.1175,-0.0001734526952897822,1009008.1175,-175.0,-0.017343765324068366
2024-06-17,214.36,210.18,[],0,100,100,0.0,0.0,0.0,0.0,418.0000000000007,418.0000000000007,418.0000000000007,1009251.1175,0.00041425427019159514,1009251.1175,0.0,0.0
2024-06-18,211.98,214.36,[],0,100,100,0.0,0.0,0.0,0.0,-238.0000000000024,-238.0000000000024,-238.0000000000024,1009013.1175,-0.0002358462256585231,1009251.1175,-238.0,-0.023581841612377506
2024-06-20,207.37,211.98,[],0,100,100,0.0,0.0,0.0,0.0,-460.9999999999985,-460.9999999999985,-460.9999999999985,1008552.1175,-0.0004569864706484291,1009251.1175,-699.0,-0.06925927431534401
2024-06-21,205.18,207.37,[],0,100,100,0.0,0.0,0.0,0.0,-218.99999999999977,-218.99999999999977,-218.99999999999977,1008333.1175,-0.00021716654677245855,1009251.1175,-918.0,-0.0909585319334561
2024-06-24,205.83,205.18,[],0,100,100,0.0,0.0,0.0,0.0,65.00000000000057,65.00000000000057,65.00000000000057,1008398.1175,6.44607460771044e-05,1009251.1175,-853.0,-0.08451811300570593
2024-06-25,206.76,205.83,[],0,100,100,0.0,0.0,0.0,0.0,92.99999999999784,92.99999999999784,92.99999999999784,1008491.1175,9.222122707778765e-05,1009251.1175,-760.0,-0.07530335977061724
2024-06-26,210.94,206.76,[],0,100,100,0.0,0.0,0.0,0.0,418.0000000000007,418.0000000000007,418.0000000000007,1008909.1175,0.00041439472319841565,1009251.1175,-342.0,-0.03388651189677776
2024-06-27,211.79,210.94,[],0,100,100,0.0,0.0,0.0,0.0,84.99999999999943,84.99999999999943,84.99999999999943,1008994.1175,8.42458633058905e-05,1009251.1175,-257.0,-0.025464425606642933
2024-06-28,208.31,211.79,[],0,100,100,0.0,0.0,0.0,0.0,-347.999999999999,-347.999999999999,-347.999999999999,1008646.1175,-0.0003449574383124733,1009251.1175,-605.0,-0.0599454377121361
2024-07-01,214.44,208.31,[],0,100,100,0.0,0.0,0.0,0.0,612.9999999999995,612.9999999999995,612.9999999999995,1009259.1175,0.0006075607597661986,1009259.1175,0.0,0.0
2024-07-02,217.96,214.44,[],0,100,100,0.0,0.0,0.0,0.0,352.000000000001,352.000000000001,352.000000000001,1009611.1175,0.00034870988483016037,1009611.1175,0.0,0.0
2024-07-03,219.24,217.96,[],0,100,100,0.0,0.0,0.0,0.0,128.0000000000001,128.0000000000001,128.0000000000001,1009739.1175,0.00012677345212631848,1009739.1175,0.0,0.0
2024-07-05,224.03,219.24,[],0,100,100,0.0,0.0,0.0,0.0,478.9999999999992,478.9999999999992,478.9999999999992,1010218.1175,0.0004742674752502065,1010218.1175,0.0,0.0
2024-07-08,225.51,224.03,[],0,100,100,0.0,0.0,0.0,0.0,147.99999999999898,147.99999999999898,147.99999999999898,1010366.1175,0.00014649228446008433,1010366.1175,0.0,0.0
2024-07-09,226.37,225.51,[],0,100,100,0.0,0.0,0.0,0.0,86.00000000000136,86.00000000000136,86.00000000000136,1010452.1175,8.511403802908694e-05,1010452.1175,0.0,0.0
2024-07-10,230.67,226.37,[],0,100,100,0.0,0.0,0.0,0.0,429.9999999999983,429.9999999999983,429.9999999999983,1010882.1175,0.00042546155805493844,1010882.1175,0.0,0.0
2024-07-11,225.26,230.67,[],0,100,100,0.0,0.0,0.0,0.0,-540.9999999999997,-540.9999999999997,-540.9999999999997,1010341.1175,-0.0005353194081200918,1010882.1175,-541.0,-0.05351761502497841
2024-07-12,228.23,225.26,[],0,100,100,0.0,0.0,0.0,0.0,296.9999999999999,296.9999999999999,296.9999999999999,1010638.1175,0.00029391692600743216,1010882.1175,-244.0,-0.024137334687790637
2024-07-15,232.09,228.23,[],0,100,100,0.0,0.0,0.0,0.0,386.00000000000136,386.00000000000136,386.00000000000136,1011024.1175,0.0003818639909356384,1011024.1175,0.0,0.0
2024-07-16,232.51,232.09,[],0,100,100,0.0,0.0,0.0,0.0,41.99999999999875,41.99999999999875,41.99999999999875,1011066.1175,4.15411728706874e-05,1011066.1175,0.0,0.0
2024-07-17,226.57,232.51,[],0,100,100,0.0,0.0,0.0,0.0,-593.9999999999998,-593.9999999999998,-593.9999999999998,1010472.1175,-0.0005876713156456604,1011066.1175,-594.0,-0.05874986706791705
2024-07-18,221.87,226.57,[],0,100,100,0.0,0.0,0.0,0.0,-469.99999999999886,-469.99999999999886,-469.99999999999886,1010002.1175,-0.0004652373193736347,1011066.1175,-1064.0,-0.10523545212165611
2024-07-19,222.0,221.87,[],0,100,100,0.0,0.0,0.0,0.0,12.999999999999545,12.999999999999545,12.999999999999545,1010015.1175,1.2871177309751702e-05,1011066.1175,-1051.0,-0.10394968062016972
2024-07-22,221.65,222.0,[],0,100,100,0.0,0.0,0.0,0.0,-34.99999999999943,-34.99999999999943,-34.99999999999943,1009980.1175,-3.465354709460696e-05,1011066.1175,-1086.0,-0.10741137312417157
2024-07-23,222.7,221.65,[],0,100,100,0.0,0.0,0.0,0.0,104.9999999999983,104.9999999999983,104.9999999999983,1010085.1175,0.00010395703888691358,1011066.1175,-981.0,-0.09702629561216602
2024-07-24,216.23,222.7,[],0,100,100,0.0,0.0,0.0,0.0,-646.9999999999999,-646.9999999999999,-646.9999999999999,1009438.1175,-0.0006407453114900037,1011066.1175,-1628.0,-0.16101815418614301
2024-07-25,215.18,216.23,"[TradeData(gateway_name='BACKTESTING', extra=None, symbol='AAPL', exchange=<Exchange.NASDAQ: 'NASDAQ'>, orderid='44', tradeid='42', direction=<Direction.SHORT: 'Short'>, offset=<Offset.CLOSE: 'Close'>, price=216.62, volume=100, datetime=datetime.datetime(2024, 7, 25, 0, 0, tzinfo=zoneinfo.ZoneInfo(key='Asia/Shanghai'))), TradeData(gateway_name='BACKTESTING', extra=None, symbol='AAPL', exchange=<Exchange.NASDAQ: 'NASDAQ'>, orderid='45', tradeid='43', direction=<Direction.SHORT: 'Short'>, offset=<Offset.OPEN: 'Open'>, price=216.62, volume=100, datetime=datetime.datetime(2024, 7, 25, 0, 0, tzinfo=zoneinfo.ZoneInfo(key='Asia/Shanghai')))]",2,100,-100,43324.0,21.662,2.0,287.99999999999955,-104.9999999999983,183.00000000000125,159.33800000000124,1009597.4555,0.0001578357533285076,1011066.1175,-1468.6620000000112,-0.14525874960892568
2024-07-26,215.65,215.18,[],0,-100,-100,0.0,0.0,0.0,0.0,-46.999999999999886,-46.999999999999886,-46.999999999999886,1009550.4555,-4.655429129531826e-05,1011066.1175,-1515.6620000000112,-0.14990730811429956
2024-07-29,215.93,215.65,[],0,-100,-100,0.0,0.0,0.0,0.0,-28.000000000000114,-28.000000000000114,-28.000000000000114,1009522.4555,-2.773550162474159e-05,1011066.1175,-1543.6620000000112,-0.15267666211750106
2024-07-30,216.49,215.93,[],0,-100,-100,0.0,0.0,0.0,0.0,-56.00000000000023,-56.00000000000023,-56.00000000000023,1009466.4555,-5.547331113042105e-05,1011066.1175,-1599.6620000000112,-0.158215370123904
2024-07-31,219.77,216.49,[],0,-100,-100,0.0,0.0,0.0,0.0,-328.0000000000001,-328.0000000000001,-328.0000000000001,1009138.4555,-0.00032497691955396757,1011066.1175,-1927.6620000000112,-0.19065637416140702
2024-08-01,216.05,219.77,[],0,-100,-100,0.0,0.0,0.0,0.0,371.9999999999999,371.9999999999999,371.9999999999999,1009510.4555,0.0003685633516397904,1011066.1175,-1555.6620000000112,-0.1538635281188731
2024-08-02,217.55,216.05,[],0,-100,-100,0.0,0.0,0.0,0.0,-150.0,-150.0,-150.0,1009360.4555,-0.00014859791129657356,1011066.1175,-1705.6620000000112,-0.16869935313602388
2024-08-05,206.96,217.55,[],0,-100,-100,0.0,0.0,0.0,0.0,1059.0000000000005,1059.0000000000005,1059.0000000000005,1010419.4555,0.0010486292009087314,1011066.1175,-646.6620000000112,-0.06395842851493945
2024-08-06,204.92,206.96,[],0,-100,-100,0.0,0.0,0.0,0.0,204.00000000000205,204.00000000000205,204.00000000000205,1010623.4555,0.00020187597164068638,1011066.1175,-442.6620000000112,-0.0437817064916144
2024-08-07,207.51,204.92,[],0,-100,-100,0.0,0.0,0.0,0.0,-259.00000000000034,-259.00000000000034,-259.00000000000034,1010364.4555,-0.00025631029261306197,1011066.1175,-701.6620000000112,-0.06939823102122805
2024-08-08,211.0,207.51,[],0,-100,-100,0.0,0.0,0.0,0.0,-349.0000000000009,-349.0000000000009,-349.0000000000009,1010015.4555,-0.00034547958190552224,1011066.1175,-1050.6620000000112,-0.10391625056113218
2024-08-09,213.93,211.0,[],0,-100,-100,0.0,0.0,0.0,0.0,-293.0000000000007,-293.0000000000007,-293.0000000000007,1009722.4555,-0.00029013665630541136,1011066.1175,-1343.6620000000112,-0.13289556209463335
2024-08-12,215.47,213.93,[],0,-100,-100,0.0,0.0,0.0,0.0,-153.9999999999992,-153.9999999999992,-153.9999999999992,1009568.4555,-0.00015252879063602936,1011066.1175,-1497.6620000000112,-0.14812700911224147
2024-08-13,219.21,215.47,[],0,-100,-100,0.0,0.0,0.0,0.0,-374.0000000000009,-374.0000000000009,-374.0000000000009,1009194.4555,-0.00037052395032709316,1011066.1175,-1871.6620000000112,-0.18511766615500405
2024-08-14,219.66,219.21,[],0,-100,-100,0.0,0.0,0.0,0.0,-44.99999999999886,-44.99999999999886,-44.99999999999886,1009149.4555,-4.459101321855559e-05,1011066.1175,-1916.6620000000112,-0.1895684136601493
2024-08-15,222.66,219.66,[],0,-100,-100,0.0,0.0,0.0,0.0,-300.0,-300.0,-300.0,1008849.4555,-0.0002973242458901312,1011066.1175,-2216.662000000011,-0.21924006369445082
2024-08-16,223.99,222.66,"[TradeData(gateway_name='BACKTESTING', extra=None, symbol='AAPL', exchange=<Exchange.NASDAQ: 'NASDAQ'>, orderid='46', tradeid='44', direction=<Direction.LONG: 'Long'>, offset=<Offset.CLOSE: 'Close'>, price=221.86, volume=100, datetime=datetime.datetime(2024, 8, 16, 0, 0, tzinfo=zoneinfo.ZoneInfo(key='Asia/Shanghai'))), TradeData(gateway_name='BACKTESTING', extra=None, symbol='AAPL', exchange=<Exchange.NASDAQ: 'NASDAQ'>, orderid='47', tradeid='45', direction=<Direction.LONG: 'Long'>, offset=<Offset.OPEN: 'Open'>, price=221.86, volume=100, datetime=datetime.datetime(2024, 8, 16, 0, 0, tzinfo=zoneinfo.ZoneInfo(key='Asia/Shanghai')))]",2,-100,100,44372.0,22.186,2.0,425.9999999999991,-133.00000000000125,292.99999999999784,268.81399999999786,1009118.2695,0.00026642051630440246,1011066.1175,-1947.8479999999981,-0.19265288058671376
2024-08-19,223.83,223.99,[],0,100,100,0.0,0.0,0.0,0.0,-15.999999999999659,-15.999999999999659,-15.999999999999659,1009102.2695,-1.5855551651765436e-05,1011066.1175,-1963.8479999999981,-0.19423536858854318
2024-08-20,224.45,223.83,[],0,100,100,0.0,0.0,0.0,0.0,61.99999999999761,61.99999999999761,61.99999999999761,1009164.2695,6.143886233212906e-05,1011066.1175,-1901.8479999999981,-0.1881032275814542
2024-08-21,224.34,224.45,[],0,100,100,0.0,0.0,0.0,0.0,-10.999999999998522,-10.999999999998522,-10.999999999998522,1009153.2695,-1.0900167874995301e-05,1011066.1175,-1912.8479999999981,-0.1891911880827119
2024-08-22,222.47,224.34,[],0,100,100,0.0,0.0,0.0,0.0,-187.00000000000045,-187.00000000000045,-187.00000000000045,1008966.2695,-0.00018532103467756064,1011066.1175,-2099.847999999998,-0.2076865166040932
2024-08-23,224.78,222.47,[],0,100,100,0.0,0.0,0.0,0.0,231.00000000000023,231.00000000000023,231.00000000000023,1009197.2695,0.00022892099331379607,1011066.1175,-1868.8479999999981,-0.18483934607768102
2024-08-26,225.12,224.78,[],0,100,100,0.0,0.0,0.0,0.0,34.00000000000034,34.00000000000034,34.00000000000034,1009231.2695,3.368957517817796e-05,1011066.1175,-1834.8479999999981,-0.1814765590737935
2024-08-27,225.97,225.12,[],0,100,100,0.0,0.0,0.0,0.0,84.99999999999943,84.99999999999943,84.99999999999943,1009316.2695,8.421897270977461e-05,1011066.1175,-1749.8479999999981,-0.17306959156407475
2024-08-28,224.43,225.97,[],0,100,100,0.0,0.0,0.0,0.0,-153.9999999999992,-153.9999999999992,-153.9999999999992,1009162.2695,-0.00015259017851644384,1011066.1175,-1903.8479999999981,-0.18830103858168287
2024-08-29,227.73,224.43,[],0,100,100,0.0,0.0,0.0,0.0,329.9999999999983,329.9999999999983,329.9999999999983,1009492.2695,0.0003269504479980781,1011066.1175,-1573.8479999999981,-0.15566222354395118
2024-08-30,226.94,227.73,[],0,100,100,0.0,0.0,0.0,0.0,-78.9999999999992,-78.9999999999992,-78.9999999999992,1009413.2695,-7.826022418012284e-05,1011066.1175,-1652.8479999999981,-0.16347575805298392
2024-09-03,220.71,226.94,[],0,100,100,0.0,0.0,0.0,0.0,-622.999999999999,-622.999999999999,-622.999999999999,1008790.2695,-0.0006173807623955017,1011066.1175,-2275.847999999998,-0.22509388462421676
2024-09-04,218.79,220.71,[],0,100,100,0.0,0.0,0.0,0.0,-192.0000000000016,-192.0000000000016,-192.0000000000016,1008598.2695,-0.00019034508907731255,1011066.1175,-2467.847999999998,-0.24408374064616975
2024-09-05,220.32,218.79,[],0,100,100,0.0,0.0,0.0,0.0,153.0000000000001,153.0000000000001,153.0000000000001,1008751.2695,0.000151684175038171,1011066.1175,-2314.847999999998,-0.22895119912867598
2024-09-06,218.76,220.32,[],0,100,100,0.0,0.0,0.0,0.0,-156.00000000000023,-156.00000000000023,-156.00000000000023,1008595.2695,-0.00015465860455311854,1011066.1175,-2470.847999999998,-0.24438045714651277
2024-09-09,218.85,218.76,"[TradeData(gateway_name='BACKTESTING', extra=None, symbol='AAPL', exchange=<Exchange.NASDAQ: 'NASDAQ'>, orderid='48', tradeid='46', direction=<Direction.SHORT: 'Short'>, offset=<Offset.CLOSE: 'Close'>, price=218.76, volume=100, datetime=datetime.datetime(2024, 9, 9, 0, 0, tzinfo=zoneinfo.ZoneInfo(key='Asia/Shanghai'))), TradeData(gateway_name='BACKTESTING', extra=None, symbol='AAPL', exchange=<Exchange.NASDAQ: 'NASDAQ'>, orderid='49', tradeid='47', direction=<Direction.SHORT: 'Short'>, offset=<Offset.OPEN: 'Open'>, price=218.76, volume=100, datetime=datetime.datetime(2024, 9, 9, 0, 0, tzinfo=zoneinfo.ZoneInfo(key='Asia/Shanghai')))]",2,100,-100,43752.0,21.876,2.0,-18.000000000000682,9.000000000000341,-9.000000000000341,-32.876000000000346,1008562.3935,-3.259636131171659e-05,1011066.1175,-2503.7240000000456,-0.24763207436827647
2024-09-10,218.05,218.85,[],0,-100,-100,0.0,0.0,0.0,0.0,79.9999999999983,79.9999999999983,79.9999999999983,1008642.3935,7.931767816296505e-05,1011066.1175,-2423.7240000000456,-0.23971963435912938
2024-09-11,220.6,218.05,[],0,-100,-100,0.0,0.0,0.0,0.0,-254.9999999999983,-254.9999999999983,-254.9999999999983,1008387.3935,-0.0002528470357771632,1011066.1175,-2678.7240000000456,-0.2649405368882857
2024-09-12,220.71,220.6,[],0,-100,-100,0.0,0.0,0.0,0.0,-11.000000000001364,-11.000000000001364,-11.000000000001364,1008376.3935,-1.0908565565293802e-05,1011066.1175,-2689.7240000000456,-0.26602849738954343
2024-09-13,220.44,220.71,[],0,-100,-100,0.0,0.0,0.0,0.0,27.000000000001023,27.000000000001023,27.000000000001023,1008403.3935,2.6775357602820975e-05,1011066.1175,-2662.7240000000456,-0.2633580488864563
2024-09-16,214.26,220.44,[],0,-100,-100,0.0,0.0,0.0,0.0,618.0000000000007,618.0000000000007,618.0000000000007,1009021.3935,0.0006126622645991035,1011066.1175,-2044.7240000000456,-0.20223444981579514
2024-09-17,214.73,214.26,[],0,-100,-100,0.0,0.0,0.0,0.0,-46.999999999999886,-46.999999999999886,-46.999999999999886,1008974.3935,-4.6580870298442224e-05,1011066.1175,-2091.7240000000456,-0.20688300832116904
2024-09-18,218.63,214.73,[],0,-100,-100,0.0,0.0,0.0,0.0,-390.00000000000057,-390.00000000000057,-390.00000000000057,1008584.3935,-0.00038660584005829093,1011066.1175,-2481.7240000000456,-0.24545615336576104
2024-09-19,226.81,218.63,[],0,-100,-100,0.0,0.0,0.0,0.0,-818.0000000000007,-818.0000000000007,-818.0000000000007,1007766.3935,-0.0008113668019960962,1011066.1175,-3299.7240000000456,-0.3263608524592899
2024-09-20,226.14,226.81,[],0,-100,-100,0.0,0.0,0.0,0.0,67.00000000000159,67.00000000000159,67.00000000000159,1007833.3935,6.648145178099498e-05,1011066.1175,-3232.7240000000456,-0.3197341839516292
2024-09-23,224.41,226.14,[],0,-100,-100,0.0,0.0,0.0,0.0,172.99999999999898,172.99999999999898,172.99999999999898,1008006.3935,0.00017164062495469802,1011066.1175,-3059.7240000000456,-0.30262353243184864
2024-09-24,225.31,224.41,"[TradeData(gateway_name='BACKTESTING', extra=None, symbol='AAPL', exchange=<Exchange.NASDAQ: 'NASDAQ'>, orderid='50', tradeid='48', direction=<Direction.LONG: 'Long'>, offset=<Offset.CLOSE: 'Close'>, price=226.585, volume=100, datetime=datetime.datetime(2024, 9, 24, 0, 0, tzinfo=zoneinfo.ZoneInfo(key='Asia/Shanghai'))), TradeData(gateway_name='BACKTESTING', extra=None, symbol='AAPL', exchange=<Exchange.NASDAQ: 'NASDAQ'>, orderid='51', tradeid='49', direction=<Direction.LONG: 'Long'>, offset=<Offset.OPEN: 'Open'>, price=226.585, volume=100, datetime=datetime.datetime(2024, 9, 24, 0, 0, tzinfo=zoneinfo.ZoneInfo(key='Asia/Shanghai')))]",2,-100,100,45317.0,22.6585,2.0,-255.00000000000114,-90.00000000000057,-345.0000000000017,-369.6585000000017,1007636.735,-0.0003667896354444856,1011066.1175,-3429.382500000065,-0.33918479124586676
2024-09-25,224.31,225.31,[],0,100,100,0.0,0.0,0.0,0.0,-100.0,-100.0,-100.0,1007536.735,-9.924703909693841e-05,1011066.1175,-3529.382500000065,-0.3490753412573006
2024-09-26,225.46,224.31,[],0,100,100,0.0,0.0,0.0,0.0,115.00000000000057,115.00000000000057,115.00000000000057,1007651.735,0.00011413324543775787,1011066.1175,-3414.382500000065,-0.3377012087441517
2024-09-27,225.73,225.46,[],0,100,100,0.0,0.0,0.0,0.0,26.99999999999818,26.99999999999818,26.99999999999818,1007678.735,2.6794612996370147e-05,1011066.1175,-3387.382500000065,-0.33503076024106454
2024-09-30,230.94,225.73,[],0,100,100,0.0,0.0,0.0,0.0,521.0000000000008,521.0000000000008,521.0000000000008,1008199.735,0.0005168962507943825,1011066.1175,-2866.382500000065,-0.28350099468149426
2024-10-01,224.15,230.94,[],0,100,100,0.0,0.0,0.0,0.0,-678.9999999999992,-678.9999999999992,-678.9999999999992,1007520.735,-0.0006737045496014497,1011066.1175,-3545.382500000065,-0.35065782925913
2024-10-02,224.72,224.15,[],0,100,100,0.0,0.0,0.0,0.0,56.99999999999932,56.99999999999932,56.99999999999932,1007577.735,5.657291776439563e-05,1011066.1175,-3488.382500000065,-0.34502021575261277
2024-10-03,223.61,224.72,[],0,100,100,0.0,0.0,0.0,0.0,-110.99999999999852,-110.99999999999852,-110.99999999999852,1007466.735,-0.00011017126595948337,1011066.1175,-3599.382500000065,-0.3559987262653043
2024-10-04,224.74,223.61,[],0,100,100,0.0,0.0,0.0,0.0,112.99999999999955,112.99999999999955,112.99999999999955,1007579.735,0.00011215622249995306,1011066.1175,-3486.382500000065,-0.34482240475238407
2024-10-07,219.63,224.74,[],0,100,100,0.0,0.0,0.0,0.0,-511.00000000000136,-511.00000000000136,-511.00000000000136,1007068.735,-0.0005072845397771033,1011066.1175,-3997.382500000065,-0.39536311531081103
2024-10-08,223.71,219.63,[],0,100,100,0.0,0.0,0.0,0.0,408.00000000000125,408.00000000000125,408.00000000000125,1007476.735,0.00040505415405517076,1011066.1175,-3589.382500000065,-0.35500967126416094
2024-10-09,227.48,223.71,[],0,100,100,0.0,0.0,0.0,0.0,376.9999999999982,376.9999999999982,376.9999999999982,1007853.735,0.00037413219321554404,1011066.1175,-3212.382500000065,-0.3177222977210553
2024-10-10,226.98,227.48,[],0,100,100,0.0,0.0,0.0,0.0,-50.0,-50.0,-50.0,1007803.735,-4.9611603910269655e-05,1011066.1175,-3262.382500000065,-0.32266757272677227
2024-10-11,225.49,226.98,[],0,100,100,0.0,0.0,0.0,0.0,-148.99999999999807,-148.99999999999807,-148.99999999999807,1007654.735,-0.00014785717740083444,1011066.1175,-3411.382500000065,-0.3374044922438087
2024-10-14,229.24,225.49,[],0,100,100,0.0,0.0,0.0,0.0,375.0,375.0,375.0,1008029.735,0.00037208204945539684,1011066.1175,-3036.382500000065,-0.30031492970093177
2024-10-15,231.79,229.24,[],0,100,100,0.0,0.0,0.0,0.0,254.9999999999983,254.9999999999983,254.9999999999983,1008284.735,0.00025293673695597275,1011066.1175,-2781.382500000065,-0.27509402717177545
2024-10-16,229.72,231.79,[],0,100,100,0.0,0.0,0.0,0.0,-206.99999999999932,-206.99999999999932,-206.99999999999932,1008077.735,-0.00020532022769412887,1011066.1175,-2988.382500000065,-0.2955674656954435
2024-10-17,230.09,229.72,[],0,100,100,0.0,0.0,0.0,0.0,37.000000000000455,37.000000000000455,37.000000000000455,1008114.735,3.67028451446688e-05,1011066.1175,-2951.382500000065,-0.29190796219121296
2024-10-18,232.94,230.09,[],0,100,100,0.0,0.0,0.0,0.0,284.99999999999943,284.99999999999943,284.99999999999943,1008399.735,0.0002826659626177978,1011066.1175,-2666.382500000065,-0.26371989465862655
2024-10-21,234.42,232.94,[],0,100,100,0.0,0.0,0.0,0.0,147.99999999999898,147.99999999999898,147.99999999999898,1008547.735,0.0001467564252089577,1011066.1175,-2518.382500000065,-0.24908188064170445
2024-10-22,233.8,234.42,[],0,100,100,0.0,0.0,0.0,0.0,-61.99999999999761,-61.99999999999761,-61.99999999999761,1008485.735,-6.147642162771983e-05,1011066.1175,-2580.382500000065,-0.2552140216487934
2024-10-23,228.7,233.8,[],0,100,100,0.0,0.0,0.0,0.0,-510.0000000000023,-510.0000000000023,-510.0000000000023,1007975.735,-0.0005058366038349878,1011066.1175,-3090.382500000065,-0.305655826707106
2024-10-24,228.51,228.7,[],0,100,100,0.0,0.0,0.0,0.0,-18.999999999999773,-18.999999999999773,-18.999999999999773,1007956.735,-1.8849837763199455e-05,1011066.1175,-3109.382500000065,-0.30753503120927844
2024-10-25,229.35,228.51,[],0,100,100,0.0,0.0,0.0,0.0,84.00000000000034,84.00000000000034,84.00000000000034,1008040.735,8.333343796166152e-05,1011066.1175,-3025.382500000065,-0.29922696919967406
2024-10-28,231.34,229.35,[],0,100,100,0.0,0.0,0.0,0.0,199.0000000000009,199.0000000000009,199.0000000000009,1008239.735,0.00019739317382376785,1011066.1175,-2826.382500000065,-0.2795447746769207
2024-10-29,231.61,231.34,[],0,100,100,0.0,0.0,0.0,0.0,27.000000000001023,27.000000000001023,27.000000000001023,1008266.735,2.677898673100656e-05,1011066.1175,-2799.382500000065,-0.27687432617383356
2024-10-30,228.04,231.61,[],0,100,100,0.0,0.0,0.0,0.0,-357.00000000000216,-357.00000000000216,-357.00000000000216,1007909.735,-0.00035413567120049356,1011066.1175,-3156.382500000065,-0.3121835897146524
2024-10-31,223.85,228.04,[],0,100,100,0.0,0.0,0.0,0.0,-418.9999999999998,-418.9999999999998,-418.9999999999998,1007490.735,-0.000415798261708911,1011066.1175,-3575.382500000065,-0.35362499426256017
2024-11-01,220.85,223.85,[],0,100,100,0.0,0.0,0.0,0.0,-300.0,-300.0,-300.0,1007190.735,-0.0002978138298132844,1011066.1175,-3875.382500000065,-0.3832966442968617
2024-11-04,219.95,220.85,"[TradeData(gateway_name='BACKTESTING', extra=None, symbol='AAPL', exchange=<Exchange.NASDAQ: 'NASDAQ'>, orderid='52', tradeid='50', direction=<Direction.SHORT: 'Short'>, offset=<Offset.CLOSE: 'Close'>, price=218.93, volume=100, datetime=datetime.datetime(2024, 11, 4, 0, 0, tzinfo=zoneinfo.ZoneInfo(key='Asia/Shanghai'))), TradeData(gateway_name='BACKTESTING', extra=None, symbol='AAPL', exchange=<Exchange.NASDAQ: 'NASDAQ'>, orderid='53', tradeid='51', direction=<Direction.SHORT: 'Short'>, offset=<Offset.OPEN: 'Open'>, price=218.93, volume=100, datetime=datetime.datetime(2024, 11, 4, 0, 0, tzinfo=zoneinfo.ZoneInfo(key='Asia/Shanghai')))]",2,100,-100,43786.0,21.893,2.0,-203.99999999999636,-90.00000000000057,-293.99999999999693,-317.89299999999696,1006872.8420000001,-0.00031567325507500136,1011066.1175,-4193.275499999989,-0.41473801044470154
2024-11-05,221.39,219.95,[],0,-100,-100,0.0,0.0,0.0,0.0,-143.99999999999977,-143.99999999999977,-143.99999999999977,1006728.8420000001,-0.0001430272942158599,1011066.1175,-4337.275499999989,-0.4289804024611663
2024-11-06,220.66,221.39,[],0,-100,-100,0.0,0.0,0.0,0.0,72.99999999999898,72.99999999999898,72.99999999999898,1006801.8420000001,7.25094488124818e-05,1011066.1175,-4264.275499999989,-0.42176030095281963
2024-11-07,225.42,220.66,[],0,-100,-100,0.0,0.0,0.0,0.0,-475.9999999999991,-475.9999999999991,-475.9999999999991,1006325.8420000001,-0.00047289599428180547,1011066.1175,-4740.275499999989,-0.46883931900724474
2024-11-08,225.15,225.42,[],0,-100,-100,0.0,0.0,0.0,0.0,26.99999999999818,26.99999999999818,26.99999999999818,1006352.8420000001,2.6829915988243612e-05,1011066.1175,-4713.275499999989,-0.4661688705041575
2024-11-11,222.67,225.15,[],0,-100,-100,0.0,0.0,0.0,0.0,248.00000000000182,248.00000000000182,248.00000000000182,1006600.8420000001,0.00024640408095430666,1011066.1175,-4465.275499999989,-0.4416403064758016
2024-11-12,222.67,222.67,[],0,-100,-100,0.0,0.0,0.0,0.0,-0.0,0.0,0.0,1006600.8420000001,0.0,1011066.1175,-4465.275499999989,-0.4416403064758016
2024-11-13,223.56,222.67,[],0,-100,-100,0.0,0.0,0.0,0.0,-89.00000000000148,-89.00000000000148,-89.00000000000148,1006511.8420000001,-8.842028642046678e-05,1011066.1175,-4554.275499999989,-0.4504428959859777
2024-11-14,226.66,223.56,[],0,-100,-100,0.0,0.0,0.0,0.0,-309.99999999999943,-309.99999999999943,-309.99999999999943,1006201.8420000001,-0.00030804182921357243,1011066.1175,-4864.275499999989,-0.48110360102142263
2024-11-15,223.44,226.66,[],0,-100,-100,0.0,0.0,0.0,0.0,321.9999999999999,321.9999999999999,321.9999999999999,1006523.8420000001,0.0003199641215956409,1011066.1175,-4542.275499999989,-0.44925602998460573
2024-11-18,226.46,223.44,[],0,-100,-100,0.0,0.0,0.0,0.0,-302.000000000001,-302.000000000001,-302.000000000001,1006221.8420000001,-0.00030008759145974884,1011066.1175,-4844.275499999989,-0.4791254910191359
2024-11-19,226.72,226.46,[],0,-100,-100,0.0,0.0,0.0,0.0,-25.99999999999909,-25.99999999999909,-25.99999999999909,1006195.8420000001,-2.5839566217470582e-05,1011066.1175,-4870.275499999989,-0.48169703402210867
2024-11-20,227.44,226.72,"[TradeData(gateway_name='BACKTESTING', extra=None, symbol='AAPL', exchange=<Exchange.NASDAQ: 'NASDAQ'>, orderid='54', tradeid='52', direction=<Direction.LONG: 'Long'>, offset=<Offset.CLOSE: 'Close'>, price=226.5, volume=100, datetime=datetime.datetime(2024, 11, 20, 0, 0, tzinfo=zoneinfo.ZoneInfo(key='Asia/Shanghai'))), TradeData(gateway_name='BACKTESTING', extra=None, symbol='AAPL', exchange=<Exchange.NASDAQ: 'NASDAQ'>, orderid='55', tradeid='53', direction=<Direction.LONG: 'Long'>, offset=<Offset.OPEN: 'Open'>, price=226.5, volume=100, datetime=datetime.datetime(2024, 11, 20, 0, 0, tzinfo=zoneinfo.ZoneInfo(key='Asia/Shanghai')))]",2,-100,100,45300.0,22.650000000000002,2.0,187.99999999999955,-71.99999999999989,115.99999999999966,91.34999999999965,1006287.192,9.078337409012634e-05,1011066.1175,-4778.925500000012,-0.4726620165866662
2024-11-21,226.96,227.44,[],0,100,100,0.0,0.0,0.0,0.0,-47.99999999999898,-47.99999999999898,-47.99999999999898,1006239.192,-4.770123799692908e-05,1011066.1175,-4826.925500000012,-0.47740948059215443
2024-11-22,228.31,226.96,[],0,100,100,0.0,0.0,0.0,0.0,134.99999999999943,134.99999999999943,134.99999999999943,1006374.192,0.00013415393266851848,1011066.1175,-4691.925500000012,-0.4640572380767188
2024-11-25,231.31,228.31,[],0,100,100,0.0,0.0,0.0,0.0,300.0,300.0,300.0,1006674.192,0.00029805543136016106,1011066.1175,-4391.925500000012,-0.43438558804241717
2024-11-26,233.5,231.31,[],0,100,100,0.0,0.0,0.0,0.0,218.99999999999977,218.99999999999977,218.99999999999977,1006893.192,0.00021752438245054896,1011066.1175,-4172.925500000012,-0.4127252835173771
2024-11-27,233.37,233.5,[],0,100,100,0.0,0.0,0.0,0.0,-12.999999999999545,-12.999999999999545,-12.999999999999545,1006880.192,-1.2911085332120493e-05,1011066.1175,-4185.925500000012,-0.4140110550188635
2024-11-29,235.77,233.37,[],0,100,100,0.0,0.0,0.0,0.0,240.00000000000057,240.00000000000057,240.00000000000057,1007120.192,0.00023833163393885496,1011066.1175,-3945.925500000012,-0.39027373499142226
2024-12-02,238.03,235.77,[],0,100,100,0.0,0.0,0.0,0.0,225.9999999999991,225.9999999999991,225.9999999999991,1007346.192,0.00022437703874642815,1011066.1175,-3719.925500000012,-0.36792109196558176
2024-12-03,241.09,238.03,[],0,100,100,0.0,0.0,0.0,0.0,306.0000000000002,306.0000000000002,306.0000000000002,1007652.192,0.0003037223302829202,1011066.1175,-3413.925500000012,-0.33765600893059416
2024-12-04,241.45,241.09,[],0,100,100,0.0,0.0,0.0,0.0,35.99999999999852,35.99999999999852,35.99999999999852,1007688.192,3.5725974916789565e-05,1011066.1175,-3377.925500000012,-0.334095410926478
2024-12-05,241.48,241.45,[],0,100,100,0.0,0.0,0.0,0.0,3.0000000000001137,3.0000000000001137,3.0000000000001137,1007691.192,2.9771069644868132e-06,1011066.1175,-3374.925500000012,-0.33379869442613497
2024-12-06,241.28,241.48,[],0,100,100,0.0,0.0,0.0,0.0,-19.999999999998863,-19.999999999998863,-19.999999999998863,1007671.192,-1.9847547180021625e-05,1011066.1175,-3394.925500000012,-0.3357768044284217
2024-12-09,245.19,241.28,[],0,100,100,0.0,0.0,0.0,0.0,390.99999999999966,390.99999999999966,390.99999999999966,1008062.192,0.0003879481364028712,1011066.1175,-3003.925500000012,-0.29710475388371543
2024-12-10,246.21,245.19,[],0,100,100,0.0,0.0,0.0,0.0,102.00000000000102,102.00000000000102,102.00000000000102,1008164.192,0.00010117911450462624,1011066.1175,-2901.925500000012,-0.2870163928720529
2024-12-11,244.93,246.21,[],0,100,100,0.0,0.0,0.0,0.0,-128.0000000000001,-128.0000000000001,-128.0000000000001,1008036.192,-0.00012697150659004135,1011066.1175,-3029.925500000012,-0.29967629688668823
2024-12-12,246.4,244.93,[],0,100,100,0.0,0.0,0.0,0.0,146.9999999999999,146.9999999999999,146.9999999999999,1008183.192,0.00014581746552686954,1011066.1175,-2882.925500000012,-0.2851371883698805
2024-12-13,246.57,246.4,[],0,100,100,0.0,0.0,0.0,0.0,16.99999999999875,16.99999999999875,16.99999999999875,1008200.192,1.6861872732416876e-05,1011066.1175,-2865.925500000012,-0.2834557948679367
2024-12-16,249.48,246.57,[],0,100,100,0.0,0.0,0.0,0.0,290.99999999999966,290.99999999999966,290.99999999999966,1008491.192,0.00028859150619518255,1011066.1175,-2574.925500000012,-0.25467429433466426
2024-12-17,251.92,249.48,[],0,100,100,0.0,0.0,0.0,0.0,243.99999999999977,243.99999999999977,243.99999999999977,1008735.192,0.00024191632939688266,1011066.1175,-2330.925500000012,-0.23054135230676565
2024-12-18,246.49,251.92,[],0,100,100,0.0,0.0,0.0,0.0,-542.9999999999978,-542.9999999999978,-542.9999999999978,1008192.192,-0.0005384427991075975,1011066.1175,-2873.925500000012,-0.28424703886885144
2024-12-19,248.23,246.49,[],0,100,100,0.0,0.0,0.0,0.0,173.99999999999807,173.99999999999807,173.99999999999807,1008366.192,0.00017257124992001356,1011066.1175,-2699.925500000012,-0.26703748184895654
2024-12-20,252.93,248.23,[],0,100,100,0.0,0.0,0.0,0.0,470.0000000000017,470.0000000000017,470.0000000000017,1008836.192,0.0004659919225089412,1011066.1175,-2229.925500000012,-0.22055189679521747
2024-12-23,253.71,252.93,[],0,100,100,0.0,0.0,0.0,0.0,78.00000000000011,78.00000000000011,78.00000000000011,1008914.192,7.731382499784917e-05,1011066.1175,-2151.925500000012,-0.21283726778629905
2024-12-24,256.64,253.71,[],0,100,100,0.0,0.0,0.0,0.0,292.99999999999784,292.99999999999784,292.99999999999784,1009207.192,0.0002903690574627195,1011066.1175,-1858.925500000012,-0.18385795625279788
2024-12-26,257.46,256.64,[],0,100,100,0.0,0.0,0.0,0.0,81.99999999999932,81.99999999999932,81.99999999999932,1009289.192,8.124859741652247e-05,1011066.1175,-1776.925500000012,-0.17574770524342215
2024-12-27,254.03,257.46,[],0,100,100,0.0,0.0,0.0,0.0,-342.99999999999784,-342.99999999999784,-342.99999999999784,1008946.192,-0.00033990089166163577,1011066.1175,-2119.925500000012,-0.2096722917826402
2024-12-30,250.64,254.03,[],0,100,100,0.0,0.0,0.0,0.0,-339.0000000000015,-339.0000000000015,-339.0000000000015,1008607.192,-0.0003360505906596145,1011066.1175,-2458.925500000012,-0.24320125632140097
2024-12-31,248.86,250.64,[],0,100,100,0.0,0.0,0.0,0.0,-177.99999999999727,-177.99999999999727,-177.99999999999727,1008429.192,-0.0001764965688016336,1011066.1175,-2636.925500000012,-0.2608064353417532
2025-01-02,242.29,248.86,[],0,100,100,0.0,0.0,0.0,0.0,-657.0000000000022,-657.0000000000022,-657.0000000000022,1007772.192,-0.0006517206351193209,1011066.1175,-3293.925500000012,-0.32578734891687355
2025-01-03,241.8,242.29,[],0,100,100,0.0,0.0,0.0,0.0,-48.99999999999807,-48.99999999999807,-48.99999999999807,1007723.192,-4.862328179829358e-05,1011066.1175,-3342.925500000012,-0.3306337184224762
2025-01-06,243.44,241.8,"[TradeData(gateway_name='BACKTESTING', extra=None, symbol='AAPL', exchange=<Exchange.NASDAQ: 'NASDAQ'>, orderid='56', tradeid='54', direction=<Direction.SHORT: 'Short'>, offset=<Offset.CLOSE: 'Close'>, price=242.75, volume=100, datetime=datetime.datetime(2025, 1, 6, 0, 0, tzinfo=zoneinfo.ZoneInfo(key='Asia/Shanghai'))), TradeData(gateway_name='BACKTESTING', extra=None, symbol='AAPL', exchange=<Exchange.NASDAQ: 'NASDAQ'>, orderid='57', tradeid='55', direction=<Direction.SHORT: 'Short'>, offset=<Offset.OPEN: 'Open'>, price=242.75, volume=100, datetime=datetime.datetime(2025, 1, 6, 0, 0, tzinfo=zoneinfo.ZoneInfo(key='Asia/Shanghai')))]",2,100,-100,48550.0,24.275000000000002,2.0,-137.99999999999955,163.99999999999864,25.99999999999909,-0.2750000000009116,1007722.917,-2.7289243691267556e-07,1011066.1175,-3343.2005000000354,-0.3306609174350099
2025-01-07,240.65,243.44,[],0,-100,-100,0.0,0.0,0.0,0.0,278.9999999999992,278.9999999999992,278.9999999999992,1008001.917,0.0002768234999893362,1011066.1175,-3064.2005000000354,-0.30306628290310944
2025-01-08,241.14,240.65,[],0,-100,-100,0.0,0.0,0.0,0.0,-48.99999999999807,-48.99999999999807,-48.99999999999807,1007952.917,-4.861220021723928e-05,1011066.1175,-3113.2005000000354,-0.3079126524087121
2025-01-10,235.29,241.14,[],0,-100,-100,0.0,0.0,0.0,0.0,584.9999999999994,584.9999999999994,584.9999999999994,1008537.917,0.0005802158944122915,1011066.1175,-2528.2005000000354,-0.25005293484182406
2025-01-13,232.84,235.29,[],0,-100,-100,0.0,0.0,0.0,0.0,244.99999999999886,244.99999999999886,244.99999999999886,1008782.917,0.0002428964169458905,1011066.1175,-2283.2005000000354,-0.22582108731381115
2025-01-14,231.72,232.84,[],0,-100,-100,0.0,0.0,0.0,0.0,112.00000000000045,112.00000000000045,112.00000000000045,1008894.917,0.0001110187149084931,1011066.1175,-2171.2005000000354,-0.21474367130100525
2025-01-15,236.31,231.72,[],0,-100,-100,0.0,0.0,0.0,0.0,-459.00000000000034,-459.00000000000034,-459.00000000000034,1008435.917,-0.0004550567514109842,1011066.1175,-2630.2005000000354,-0.26014129585348655
2025-01-16,226.7,236.31,[],0,-100,-100,0.0,0.0,0.0,0.0,961.0000000000014,961.0000000000014,961.0000000000014,1009396.917,0.0009525071219623921,1011066.1175,-1669.2005000000354,-0.16509311024360732
2025-01-17,228.42,226.7,[],0,-100,-100,0.0,0.0,0.0,0.0,-171.9999999999999,-171.9999999999999,-171.9999999999999,1009224.917,-0.00017041329635811365,1011066.1175,-1841.2005000000354,-0.18210485626327352
2025-01-21,221.08,228.42,[],0,-100,-100,0.0,0.0,0.0,0.0,733.9999999999975,733.9999999999975,733.9999999999975,1009958.917,0.00072702645491825,1011066.1175,-1107.2005000000354,-0.10950821917934911
2025-01-22,222.27,221.08,[],0,-100,-100,0.0,0.0,0.0,0.0,-118.99999999999977,-118.99999999999977,-118.99999999999977,1009839.917,-0.00011783351701618103,1011066.1175,-1226.2005000000354,-0.12127797369295538
2025-01-23,222.1,222.27,[],0,-100,-100,0.0,0.0,0.0,0.0,17.00000000000159,17.00000000000159,17.00000000000159,1009856.917,1.6834209683676782e-05,1011066.1175,-1209.2005000000354,-0.11959658019101162
2025-01-24,221.22,222.1,[],0,-100,-100,0.0,0.0,0.0,0.0,87.99999999999955,87.99999999999955,87.99999999999955,1009944.917,8.713726126438898e-05,1011066.1175,-1121.2005000000354,-0.11089289618094984
2025-01-27,228.3,221.22,[],0,-100,-100,0.0,0.0,0.0,0.0,-708.0000000000013,-708.0000000000013,-708.0000000000013,1009236.917,-0.0007012741666883673,1011066.1175,-1829.2005000000354,-0.18091799026190147
2025-01-28,236.7,228.3,[],0,-100,-100,0.0,0.0,0.0,0.0,-839.9999999999977,-839.9999999999977,-839.9999999999977,1008396.917,-0.0008326585670573408,1011066.1175,-2669.2005000000354,-0.2639986103579458
2025-01-29,237.8,236.7,[],0,-100,-100,0.0,0.0,0.0,0.0,-110.00000000000227,-110.00000000000227,-110.00000000000227,1008286.917,-0.00010908998054585098,1011066.1175,-2779.2005000000354,-0.274878215370523
2025-01-30,236.03,237.8,[],0,-100,-100,0.0,0.0,0.0,0.0,177.00000000000102,177.00000000000102,177.00000000000102,1008463.917,0.00017552986464214036,1011066.1175,-2602.2005000000354,-0.2573719418502851
2025-01-31,234.44,236.03,[],0,-100,-100,0.0,0.0,0.0,0.0,159.00000000000034,159.00000000000034,159.00000000000034,1008622.917,0.00015765310411952241,1011066.1175,-2443.2005000000354,-0.24164596733210528
2025-02-03,226.45,234.44,"[TradeData(gateway_name='BACKTESTING', extra=None, symbol='AAPL', exchange=<Exchange.NASDAQ: 'NASDAQ'>, orderid='58', tradeid='56', direction=<Direction.LONG: 'Long'>, offset=<Offset.CLOSE: 'Close'>, price=228.43, volume=100, datetime=datetime.datetime(2025, 2, 3, 0, 0, tzinfo=zoneinfo.ZoneInfo(key='Asia/Shanghai'))), TradeData(gateway_name='BACKTESTING', extra=None, symbol='AAPL', exchange=<Exchange.NASDAQ: 'NASDAQ'>, orderid='59', tradeid='57', direction=<Direction.LONG: 'Long'>, offset=<Offset.OPEN: 'Open'>, price=228.43, volume=100, datetime=datetime.datetime(2025, 2, 3, 0, 0, tzinfo=zoneinfo.ZoneInfo(key='Asia/Shanghai')))]",2,-100,100,45686.0,22.843,2.0,-396.00000000000364,799.0000000000009,402.99999999999727,378.15699999999725,1009001.074,0.0003748537944779688,1011066.1175,-2065.043500000029,-0.20424416012536672
2025-02-04,231.24,226.45,[],0,100,100,0.0,0.0,0.0,0.0,479.00000000000205,479.00000000000205,479.00000000000205,1009480.074,0.00047461430042693224,1011066.1175,-1586.0435000000289,-0.15686842557059863
2025-02-05,230.91,231.24,[],0,100,100,0.0,0.0,0.0,0.0,-33.00000000000125,-33.00000000000125,-33.00000000000125,1009447.074,-3.2690629808611886e-05,1011066.1175,-1619.0435000000289,-0.1601323070743718
2025-02-06,231.66,230.91,[],0,100,100,0.0,0.0,0.0,0.0,75.0,75.0,75.0,1009522.074,7.42953403807177e-05,1011066.1175,-1544.0435000000289,-0.1527143945657964
2025-02-07,226.07,231.66,[],0,100,100,0.0,0.0,0.0,0.0,-559.0000000000003,-559.0000000000003,-559.0000000000003,1008963.074,-0.0005538807306508307,1011066.1175,-2103.043500000029,-0.2080025691297116
2025-02-10,226.34,226.07,"[TradeData(gateway_name='BACKTESTING', extra=None, symbol='AAPL', exchange=<Exchange.NASDAQ: 'NASDAQ'>, orderid='60', tradeid='58', direction=<Direction.SHORT: 'Short'>, offset=<Offset.CLOSE: 'Close'>, price=228.26, volume=100, datetime=datetime.datetime(2025, 2, 10, 0, 0, tzinfo=zoneinfo.ZoneInfo(key='Asia/Shanghai'))), TradeData(gateway_name='BACKTESTING', extra=None, symbol='AAPL', exchange=<Exchange.NASDAQ: 'NASDAQ'>, orderid='61', tradeid='59', direction=<Direction.SHORT: 'Short'>, offset=<Offset.OPEN: 'Open'>, price=228.26, volume=100, datetime=datetime.datetime(2025, 2, 10, 0, 0, tzinfo=zoneinfo.ZoneInfo(key='Asia/Shanghai')))]",2,100,-100,45652.0,22.826,2.0,383.9999999999975,27.000000000001023,410.9999999999985,386.1739999999985,1009349.248,0.00038267021461761745,1011066.1175,-1716.8695000000298,-0.1698078365285572
2025-02-11,231.31,226.34,[],0,-100,-100,0.0,0.0,0.0,0.0,-496.9999999999999,-496.9999999999999,-496.9999999999999,1008852.248,-0.000492517730297669,1011066.1175,-2213.86950000003,-0.2189638700853834
2025-02-12,235.56,231.31,[],0,-100,-100,0.0,0.0,0.0,0.0,-425.0,-425.0,-425.0,1008427.248,-0.0004213595658218841,1011066.1175,-2638.86950000003,-0.26099870763397726
2025-02-13,240.22,235.56,"[TradeData(gateway_name='BACKTESTING', extra=None, symbol='AAPL', exchange=<Exchange.NASDAQ: 'NASDAQ'>, orderid='62', tradeid='60', direction=<Direction.LONG: 'Long'>, offset=<Offset.CLOSE: 'Close'>, price=235.6, volume=100, datetime=datetime.datetime(2025, 2, 13, 0, 0, tzinfo=zoneinfo.ZoneInfo(key='Asia/Shanghai'))), TradeData(gateway_name='BACKTESTING', extra=None, symbol='AAPL', exchange=<Exchange.NASDAQ: 'NASDAQ'>, orderid='63', tradeid='61', direction=<Direction.LONG: 'Long'>, offset=<Offset.OPEN: 'Open'>, price=235.6, volume=100, datetime=datetime.datetime(2025, 2, 13, 0, 0, tzinfo=zoneinfo.ZoneInfo(key='Asia/Shanghai')))]",2,-100,100,47120.0,23.56,2.0,924.0000000000009,-465.99999999999966,458.00000000000125,432.44000000000125,1008859.688,0.0004287342558034034,1011066.1175,-2206.4295000000857,-0.21822801316453824
2025-02-14,243.29,240.22,[],0,100,100,0.0,0.0,0.0,0.0,306.9999999999993,306.9999999999993,306.9999999999993,1009166.688,0.0003042576707810916,1011066.1175,-1899.4295000000857,-0.18786402462943633
2025-02-18,243.16,243.29,[],0,100,100,0.0,0.0,0.0,0.0,-12.999999999999545,-12.999999999999545,-12.999999999999545,1009153.688,-1.2881998472337743e-05,1011066.1175,-1912.4295000000857,-0.18914979613092273
2025-02-19,243.56,243.16,[],0,100,100,0.0,0.0,0.0,0.0,40.00000000000057,40.00000000000057,40.00000000000057,1009193.688,3.9636388146819175e-05,1011066.1175,-1872.4295000000857,-0.18519357612634918
2025-02-20,244.52,243.56,[],0,100,100,0.0,0.0,0.0,0.0,96.0000000000008,96.0000000000008,96.0000000000008,1009289.688,9.512092218736335e-05,1011066.1175,-1776.4295000000857,-0.1756986481153727
2025-02-21,244.24,244.52,[],0,100,100,0.0,0.0,0.0,0.0,-28.000000000000114,-28.000000000000114,-28.000000000000114,1009261.688,-2.7742667672210633e-05,1011066.1175,-1804.4295000000857,-0.17846800211857416
2025-02-24,245.79,244.24,[],0,100,100,0.0,0.0,0.0,0.0,154.9999999999983,154.9999999999983,154.9999999999983,1009416.688,0.00015356582023895758,1011066.1175,-1649.4295000000857,-0.16313764960085173
2025-02-25,245.73,245.79,[],0,100,100,0.0,0.0,0.0,0.0,-6.000000000000227,-6.000000000000227,-6.000000000000227,1009410.688,-5.9440446185515235e-06,1011066.1175,-1655.4295000000857,-0.16373108260153774
2025-02-26,239.05,245.73,[],0,100,100,0.0,0.0,0.0,0.0,-667.9999999999978,-667.9999999999978,-667.9999999999978,1008742.688,-0.0006619913355831248,1011066.1175,-2323.4295000000857,-0.2297999566779158
2025-02-27,235.99,239.05,[],0,100,100,0.0,0.0,0.0,0.0,-306.0000000000002,-306.0000000000002,-306.0000000000002,1008436.688,-0.00030339394303542574,1011066.1175,-2629.4295000000857,-0.2600650397129034
2025-02-28,240.53,235.99,[],0,100,100,0.0,0.0,0.0,0.0,453.9999999999992,453.9999999999992,453.9999999999992,1008890.688,0.000450100477558387,1011066.1175,-2175.4295000000857,-0.21516194266099375
2025-03-03,236.72,240.53,[],0,100,100,0.0,0.0,0.0,0.0,-381.0000000000002,-381.0000000000002,-381.0000000000002,1008509.688,-0.0003777138232571919,1011066.1175,-2556.4295000000857,-0.25284493820455667
2025-03-04,234.62,236.72,[],0,100,100,0.0,0.0,0.0,0.0,-209.99999999999943,-209.99999999999943,-209.99999999999943,1008299.688,-0.00020824972677929108,1011066.1175,-2766.4295000000857,-0.27361509322856775
2025-03-05,234.43,234.62,"[TradeData(gateway_name='BACKTESTING', extra=None, symbol='AAPL', exchange=<Exchange.NASDAQ: 'NASDAQ'>, orderid='64', tradeid='62', direction=<Direction.SHORT: 'Short'>, offset=<Offset.CLOSE: 'Close'>, price=234.11, volume=100, datetime=datetime.datetime(2025, 3, 5, 0, 0, tzinfo=zoneinfo.ZoneInfo(key='Asia/Shanghai'))), TradeData(gateway_name='BACKTESTING', extra=None, symbol='AAPL', exchange=<Exchange.NASDAQ: 'NASDAQ'>, orderid='65', tradeid='63', direction=<Direction.SHORT: 'Short'>, offset=<Offset.OPEN: 'Open'>, price=234.11, volume=100, datetime=datetime.datetime(2025, 3, 5, 0, 0, tzinfo=zoneinfo.ZoneInfo(key='Asia/Shanghai')))]",2,100,-100,46822.0,23.411,2.0,-63.999999999998636,-18.999999999999773,-82.99999999999841,-108.41099999999841,1008191.277,-0.00010752440946779315,1011066.1175,-2874.8405000000494,-0.28433753740145973
2025-03-06,234.02,234.43,[],0,-100,-100,0.0,0.0,0.0,0.0,40.99999999999966,40.99999999999966,40.99999999999966,1008232.277,4.066605939440042e-05,1011066.1175,-2833.8405000000494,-0.28028241189677183
2025-03-07,237.76,234.02,[],0,-100,-100,0.0,0.0,0.0,0.0,-373.99999999999807,-373.99999999999807,-373.99999999999807,1007858.277,-0.00037101508515882605,1011066.1175,-3207.8405000000494,-0.3172730689395344
2025-03-10,226.17,237.76,[],0,-100,-100,0.0,0.0,0.0,0.0,1159.0000000000005,1159.0000000000005,1159.0000000000005,1009017.277,0.0011493025687954596,1011066.1175,-2048.8405000000494,-0.20264159430701617
2025-03-11,219.53,226.17,[],0,-100,-100,0.0,0.0,0.0,0.0,663.9999999999986,663.9999999999986,663.9999999999986,1009681.277,0.0006578496057578536,1011066.1175,-1384.8405000000494,-0.1369683422310954
2025-03-12,215.67,219.53,[],0,-100,-100,0.0,0.0,0.0,0.0,386.00000000000136,386.00000000000136,386.00000000000136,1010067.277,0.00038222580126121675,1011066.1175,-998.8405000000494,-0.09879081918696077
2025-03-13,208.37,215.67,[],0,-100,-100,0.0,0.0,0.0,0.0,729.9999999999983,729.9999999999983,729.9999999999983,1010797.277,0.000722463096606156,1011066.1175,-268.84050000004936,-0.026589804103493694
2025-03-14,212.18,208.37,[],0,-100,-100,0.0,0.0,0.0,0.0,-381.0000000000002,-381.0000000000002,-381.0000000000002,1010416.277,-0.00037700123646863115,1011066.1175,-649.8405000000494,-0.06427279964705665
2025-03-17,212.69,212.18,[],0,-100,-100,0.0,0.0,0.0,0.0,-50.99999999999909,-50.99999999999909,-50.99999999999909,1010365.277,-5.0475520137105255e-05,1011066.1175,-700.8405000000494,-0.06931698015288791
2025-03-18,211.38,212.69,[],0,-100,-100,0.0,0.0,0.0,0.0,131.00000000000023,131.00000000000023,131.00000000000023,1010496.277,0.00012964767420527696,1011066.1175,-569.8405000000494,-0.05636035963790957
2025-03-19,213.93,211.38,[],0,-100,-100,0.0,0.0,0.0,0.0,-255.00000000000114,-255.00000000000114,-255.00000000000114,1010241.277,-0.00025238309729907734,1011066.1175,-824.8405000000494,-0.08158126216706588
2025-03-20,212.79,213.93,[],0,-100,-100,0.0,0.0,0.0,0.0,114.00000000000148,114.00000000000148,114.00000000000148,1010355.277,0.00011283796351648806,1011066.1175,-710.8405000000494,-0.07030603515403129
2025-03-21,216.96,212.79,[],0,-100,-100,0.0,0.0,0.0,0.0,-417.0000000000016,-417.0000000000016,-417.0000000000016,1009938.277,-0.00041281130170038095,1011066.1175,-1127.8405000000494,-0.11154962870171042
2025-03-24,219.42,216.96,[],0,-100,-100,0.0,0.0,0.0,0.0,-245.99999999999795,-245.99999999999795,-245.99999999999795,1009692.277,-0.0002436089122630475,1011066.1175,-1373.8405000000494,-0.13588038172983768
2025-03-25,222.44,219.42,[],0,-100,-100,0.0,0.0,0.0,0.0,-302.000000000001,-302.000000000001,-302.000000000001,1009390.277,-0.0002991457696009528,1011066.1175,-1675.8405000000494,-0.1657498427643679
2025-03-26,220.22,222.44,[],0,-100,-100,0.0,0.0,0.0,0.0,221.9999999999999,221.9999999999999,221.9999999999999,1009612.277,0.00021991056965715237,1011066.1175,-1453.8405000000494,-0.14379282173898478
2025-03-27,222.54,220.22,[],0,-100,-100,0.0,0.0,0.0,0.0,-231.99999999999932,-231.99999999999932,-231.99999999999932,1009380.277,-0.00022981758953142243,1011066.1175,-1685.8405000000494,-0.1667388977655113
2025-03-28,216.59,222.54,[],0,-100,-100,0.0,0.0,0.0,0.0,594.9999999999989,594.9999999999989,594.9999999999989,1009975.277,0.0005892969329154063,1011066.1175,-1090.8405000000494,-0.10789012519747991
2025-03-31,220.82,216.59,[],0,-100,-100,0.0,0.0,0.0,0.0,-422.999999999999,-422.999999999999,-422.999999999999,1009552.277,-0.0004189098636936751,1011066.1175,-1513.8405000000494,-0.14972715174584508
2025-04-01,221.88,220.82,[],0,-100,-100,0.0,0.0,0.0,0.0,-106.00000000000023,-106.00000000000023,-106.00000000000023,1009446.277,-0.0001050025517724115,1011066.1175,-1619.8405000000494,-0.16021113475796495
2025-04-02,222.58,221.88,"[TradeData(gateway_name='BACKTESTING', extra=None, symbol='AAPL', exchange=<Exchange.NASDAQ: 'NASDAQ'>, orderid='66', tradeid='64', direction=<Direction.LONG: 'Long'>, offset=<Offset.CLOSE: 'Close'>, price=220.005, volume=100, datetime=datetime.datetime(2025, 4, 2, 0, 0, tzinfo=zoneinfo.ZoneInfo(key='Asia/Shanghai'))), TradeData(gateway_name='BACKTESTING', extra=None, symbol='AAPL', exchange=<Exchange.NASDAQ: 'NASDAQ'>, orderid='67', tradeid='65', direction=<Direction.LONG: 'Long'>, offset=<Offset.OPEN: 'Open'>, price=220.005, volume=100, datetime=datetime.datetime(2025, 4, 2, 0, 0, tzinfo=zoneinfo.ZoneInfo(key='Asia/Shanghai')))]",2,-100,100,44001.0,22.0005,2.0,515.0000000000034,-70.0000000000017,445.0000000000017,420.9995000000017,1009867.2765,0.00041697289197120197,1011066.1175,-1198.841000000015,-0.1185719686625751
2025-04-03,201.88,222.58,[],0,100,100,0.0,0.0,0.0,0.0,-2070.000000000002,-2070.000000000002,-2070.000000000002,1007797.2765,-0.00205187797266118,1011066.1175,-3268.841000000015,-0.3233063538992557
2025-04-04,187.07,201.88,[],0,100,100,0.0,0.0,0.0,0.0,-1481.0000000000002,-1481.0000000000002,-1481.0000000000002,1006316.2765,-0.0014706224132308879,1011066.1175,-4749.841000000015,-0.46978539956859094
2025-04-07,180.15,187.07,[],0,100,100,0.0,0.0,0.0,0.0,-691.9999999999987,-691.9999999999987,-691.9999999999987,1005624.2765,-0.000687893115187619,1011066.1175,-5441.841000000015,-0.5382280056477131
2025-04-08,171.11,180.15,[],0,100,100,0.0,0.0,0.0,0.0,-903.9999999999992,-903.9999999999992,-903.9999999999992,1004720.2765,-0.0008993483824279045,1011066.1175,-6345.841000000015,-0.6276385777510751
2025-04-09,197.54,171.11,[],0,100,100,0.0,0.0,0.0,0.0,2642.9999999999977,2642.9999999999977,2642.9999999999977,1007363.2765,0.0026271289939048203,1011066.1175,-3702.841000000015,-0.3662313409488786
2025-04-10,189.11,197.54,[],0,100,100,0.0,0.0,0.0,0.0,-842.9999999999978,-842.9999999999978,-842.9999999999978,1006520.2765,-0.0008371884739625219,1011066.1175,-4545.841000000015,-0.44960867754526596
2025-04-11,196.84,189.11,[],0,100,100,0.0,0.0,0.0,0.0,772.999999999999,772.999999999999,772.999999999999,1007293.2765,0.0007676977213833503,1011066.1175,-3772.841000000015,-0.3731547259568823
2025-04-14,201.21,196.84,[],0,100,100,0.0,0.0,0.0,0.0,437.00000000000045,437.00000000000045,437.00000000000045,1007730.2765,0.0004337418351268763,1011066.1175,-3335.841000000015,-0.3299330224069164
2025-04-15,200.83,201.21,[],0,100,100,0.0,0.0,0.0,0.0,-37.999999999999545,-37.999999999999545,-37.999999999999545,1007692.2765,-3.770921383003429e-05,1011066.1175,-3373.841000000015,-0.33369143141126123
2025-04-16,192.96,200.83,[],0,100,100,0.0,0.0,0.0,0.0,-787.0000000000005,-787.0000000000005,-787.0000000000005,1006905.2765,-0.0007812975240258382,1011066.1175,-4160.841000000015,-0.4115300600012456
2025-04-17,195.67,192.96,[],0,100,100,0.0,0.0,0.0,0.0,270.99999999999795,270.99999999999795,270.99999999999795,1007176.2765,0.0002691052914236189,1011066.1175,-3889.841000000015,-0.3847266694702599
2025-04-21,191.85,195.67,[],0,100,100,0.0,0.0,0.0,0.0,-381.9999999999993,-381.9999999999993,-381.9999999999993,1006794.2765,-0.00037935013896999364,1011066.1175,-4271.841000000015,-0.4225085705139372
2025-04-22,198.43,191.85,[],0,100,100,0.0,0.0,0.0,0.0,658.0000000000013,658.0000000000013,658.0000000000013,1007452.2765,0.0006533460587794056,1011066.1175,-3613.841000000015,-0.3574287514387025
2025-04-23,203.29,198.43,[],0,100,100,0.0,0.0,0.0,0.0,485.9999999999985,485.9999999999985,485.9999999999985,1007938.2765,0.0004822886647919656,1011066.1175,-3127.841000000015,-0.309360678383134
2025-04-24,207.06,203.29,[],0,100,100,0.0,0.0,0.0,0.0,377.000000000001,377.000000000001,377.000000000001,1008315.2765,0.00037396090767713246,1011066.1175,-2750.841000000015,-0.2720733048400284
2025-04-25,207.97,207.06,[],0,100,100,0.0,0.0,0.0,0.0,90.99999999999966,90.99999999999966,90.99999999999966,1008406.2765,9.024547779181612e-05,1011066.1175,-2659.841000000015,-0.2630729043296236
2025-04-28,208.83,207.97,[],0,100,100,0.0,0.0,0.0,0.0,86.00000000000136,86.00000000000136,86.00000000000136,1008492.2765,8.527945039597738e-05,1011066.1175,-2573.841000000015,-0.2545670313197905
2025-04-29,209.9,208.83,[],0,100,100,0.0,0.0,0.0,0.0,106.99999999999932,106.99999999999932,106.99999999999932,1008599.2765,0.00010609335004268359,1011066.1175,-2466.841000000015,-0.24398414280755626
2025-04-30,211.19,209.9,[],0,100,100,0.0,0.0,0.0,0.0,128.9999999999992,128.9999999999992,128.9999999999992,1008728.2765,0.00012789197270810028,1011066.1175,-2337.841000000015,-0.2312253332928066
2025-05-01,212.01,211.19,[],0,100,100,0.0,0.0,0.0,0.0,81.99999999999932,81.99999999999932,81.99999999999932,1008810.2765,8.128717037219673e-05,1011066.1175,-2255.841000000015,-0.22311508228343088
2025-05-02,204.04,212.01,[],0,100,100,0.0,0.0,0.0,0.0,-796.9999999999999,-796.9999999999999,-796.9999999999999,1008013.2765,-0.0007903517789664766,1011066.1175,-3052.841000000015,-0.3019427658745586
2025-05-05,197.58,204.04,[],0,100,100,0.0,0.0,0.0,0.0,-645.999999999998,-645.999999999998,-645.999999999998,1007367.2765,-0.0006410700164416733,1011066.1175,-3698.841000000015,-0.36583571894842126
2025-05-06,197.2,197.58,[],0,100,100,0.0,0.0,0.0,0.0,-38.00000000000239,-38.00000000000239,-38.00000000000239,1007329.2765,-3.7722802421971475e-05,1011066.1175,-3736.841000000015,-0.36959412795276614
2025-05-07,194.94,197.2,[],0,100,100,0.0,0.0,0.0,0.0,-225.9999999999991,-225.9999999999991,-225.9999999999991,1007103.2765,-0.00022438080700361464,1011066.1175,-3962.841000000015,-0.39194677097860664
2025-05-08,196.18,194.94,[],0,100,100,0.0,0.0,0.0,0.0,124.00000000000091,124.00000000000091,124.00000000000091,1007227.2765,0.0001231178268848287,1011066.1175,-3838.841000000015,-0.37968248896442863
2025-05-09,197.22,196.18,"[TradeData(gateway_name='BACKTESTING', extra=None, symbol='AAPL', exchange=<Exchange.NASDAQ: 'NASDAQ'>, orderid='70', tradeid='66', direction=<Direction.SHORT: 'Short'>, offset=<Offset.CLOSE: 'Close'>, price=197.69, volume=100, datetime=datetime.datetime(2025, 5, 9, 0, 0, tzinfo=zoneinfo.ZoneInfo(key='Asia/Shanghai'))), TradeData(gateway_name='BACKTESTING', extra=None, symbol='AAPL', exchange=<Exchange.NASDAQ: 'NASDAQ'>, orderid='71', tradeid='67', direction=<Direction.SHORT: 'Short'>, offset=<Offset.OPEN: 'Open'>, price=197.69, volume=100, datetime=datetime.datetime(2025, 5, 9, 0, 0, tzinfo=zoneinfo.ZoneInfo(key='Asia/Shanghai')))]",2,100,-100,39538.0,19.769000000000002,2.0,93.99999999999977,103.9999999999992,197.99999999999898,176.23099999999897,1007403.5075000001,0.00017495116410333456,1011066.1175,-3662.609999999986,-0.3622522737737758
2025-05-12,209.74,197.22,[],0,-100,-100,0.0,0.0,0.0,0.0,-1252.000000000001,-1252.000000000001,-1252.000000000001,1006151.5075,-0.0012435718438500443,1011066.1175,-4914.610000000102,-0.4860819599169391
2025-05-13,211.88,209.74,[],0,-100,-100,0.0,0.0,0.0,0.0,-213.99999999999864,-213.99999999999864,-213.99999999999864,1005937.5075000001,-0.00021271424793971972,1011066.1175,-5128.609999999986,-0.507247736941396
2025-05-14,211.28,211.88,[],0,-100,-100,0.0,0.0,0.0,0.0,59.99999999999943,59.99999999999943,59.99999999999943,1005997.5075,5.964407356143817e-05,1011066.1175,-5068.610000000102,-0.5013134069345472
2025-05-15,210.4,211.28,"[TradeData(gateway_name='BACKTESTING', extra=None, symbol='AAPL', exchange=<Exchange.NASDAQ: 'NASDAQ'>, orderid='72', tradeid='68', direction=<Direction.LONG: 'Long'>, offset=<Offset.CLOSE: 'Close'>, price=209.9, volume=100, datetime=datetime.datetime(2025, 5, 15, 0, 0, tzinfo=zoneinfo.ZoneInfo(key='Asia/Shanghai'))), TradeData(gateway_name='BACKTESTING', extra=None, symbol='AAPL', exchange=<Exchange.NASDAQ: 'NASDAQ'>, orderid='73', tradeid='69', direction=<Direction.LONG: 'Long'>, offset=<Offset.OPEN: 'Open'>, price=209.9, volume=100, datetime=datetime.datetime(2025, 5, 15, 0, 0, tzinfo=zoneinfo.ZoneInfo(key='Asia/Shanghai')))]",2,-100,100,41980.0,20.990000000000002,2.0,100.0,87.99999999999955,187.99999999999955,165.00999999999954,1006162.5175,0.00016401280049266478,1011066.1175,-4903.600000000093,-0.4849930103606793
2025-05-16,210.21,210.4,[],0,100,100,0.0,0.0,0.0,0.0,-18.999999999999773,-18.999999999999773,-18.999999999999773,1006143.5175,-1.888380760188431e-05,1011066.1175,-4922.600000000093,-0.4868722148628517
2025-05-19,207.73,210.21,[],0,100,100,0.0,0.0,0.0,0.0,-248.00000000000182,-248.00000000000182,-248.00000000000182,1005895.5175,-0.000246516093318203,1011066.1175,-5170.600000000093,-0.5114007788912076
2025-05-20,205.81,207.73,[],0,100,100,0.0,0.0,0.0,0.0,-191.99999999999875,-191.99999999999875,-191.99999999999875,1005703.5175,-0.00019089291378894475,1011066.1175,-5362.600000000093,-0.5303906349131606
2025-05-21,201.04,205.81,[],0,100,100,0.0,0.0,0.0,0.0,-477.000000000001,-477.000000000001,-477.000000000001,1005226.5175,-0.0004744073643976227,1011066.1175,-5839.600000000093,-0.5775685584677002
2025-05-22,200.31,201.04,[],0,100,100,0.0,0.0,0.0,0.0,-72.99999999999898,-72.99999999999898,-72.99999999999898,1005153.5175,-7.262308495025866e-05,1011066.1175,-5912.600000000093,-0.5847886599760468
2025-05-23,194.22,200.31,[],0,100,100,0.0,0.0,0.0,0.0,-609.0000000000003,-609.0000000000003,-609.0000000000003,1004544.5175,-0.000606061217192766,1011066.1175,-6521.600000000093,-0.645022109545679
2025-05-27,199.16,194.22,[],0,100,100,0.0,0.0,0.0,0.0,493.9999999999998,493.9999999999998,493.9999999999998,1005038.5175,0.000491644287741979,1011066.1175,-6027.600000000093,-0.5961627924891957
2025-05-28,199.37,199.16,[],0,100,100,0.0,0.0,0.0,0.0,21.000000000000796,21.000000000000796,21.000000000000796,1005059.5175,2.089450328796872e-05,1011066.1175,-6006.600000000093,-0.5940857769867947
2025-05-29,198.9,199.37,[],0,100,100,0.0,0.0,0.0,0.0,-46.999999999999886,-46.999999999999886,-46.999999999999886,1005012.5175,-4.6764493202375114e-05,1011066.1175,-6053.600000000093,-0.5987343354921685
2025-05-30,199.8,198.9,[],0,100,100,0.0,0.0,0.0,0.0,90.00000000000057,90.00000000000057,90.00000000000057,1005102.5175,8.954711396419145e-05,1011066.1175,-5963.600000000093,-0.589832840481878
2025-06-02,200.65,199.8,[],0,100,100,0.0,0.0,0.0,0.0,84.99999999999943,84.99999999999943,84.99999999999943,1005187.5175,8.456491209804924e-05,1011066.1175,-5878.600000000093,-0.5814258729721593
2025-06-03,202.22,200.65,[],0,100,100,0.0,0.0,0.0,0.0,156.99999999999932,156.99999999999932,156.99999999999932,1005344.5175,0.0001561775665206175,1011066.1175,-5721.600000000093,-0.5658977094542081
2025-06-04,201.77,202.22,[],0,100,100,0.0,0.0,0.0,0.0,-44.99999999999886,-44.99999999999886,-44.99999999999886,1005299.5175,-4.4761777046788846e-05,1011066.1175,-5766.600000000093,-0.5703484569593533
2025-06-05,199.58,201.77,[],0,100,100,0.0,0.0,0.0,0.0,-218.99999999999977,-218.99999999999977,-218.99999999999977,1005080.5175,-0.00021786925561695752,1011066.1175,-5985.600000000093,-0.5920087614843935
2025-06-06,202.87,199.58,[],0,100,100,0.0,0.0,0.0,0.0,328.9999999999992,328.9999999999992,328.9999999999992,1005409.5175,0.00032728339579826427,1011066.1175,-5656.600000000093,-0.5594688519467762
2025-06-09,200.4,202.87,[],0,100,100,0.0,0.0,0.0,0.0,-246.9999999999999,-246.9999999999999,-246.9999999999999,1005162.5175,-0.0002457012202923379,1011066.1175,-5903.600000000093,-0.5838985104750177
2025-06-10,201.62,200.4,[],0,100,100,0.0,0.0,0.0,0.0,121.99999999999989,121.99999999999989,121.99999999999989,1005284.5175,0.00012136604250273799,1011066.1175,-5781.600000000093,-0.5718320394610684
2025-06-11,197.73,201.62,[],0,100,100,0.0,0.0,0.0,0.0,-389.0000000000015,-389.0000000000015,-389.0000000000015,1004895.5175,-0.0003870300153048573,1011066.1175,-6170.600000000093,-0.6103062790055461
2025-06-12,198.15,197.73,[],0,100,100,0.0,0.0,0.0,0.0,42.00000000000159,42.00000000000159,42.00000000000159,1004937.5175,4.1794516534230834e-05,1011066.1175,-6128.600000000093,-0.6061522480007439
2025-06-13,195.4,198.15,[],0,100,100,0.0,0.0,0.0,0.0,-275.0,-275.0,-275.0,1004662.5175,-0.00027368630267416235,1011066.1175,-6403.600000000093,-0.633351260532187
2025-06-16,197.37,195.4,[],0,100,100,0.0,0.0,0.0,0.0,196.9999999999999,196.9999999999999,196.9999999999999,1004859.5175,0.00019606652447693782,1011066.1175,-6206.600000000093,-0.6138668770096624
2025-06-17,194.59,197.37,[],0,100,100,0.0,0.0,0.0,0.0,-278.0000000000001,-278.0000000000001,-278.0000000000001,1004581.5175,-0.00027669386354863646,1011066.1175,-6484.600000000093,-0.6413626060414483
2025-06-18,195.53,194.59,[],0,100,100,0.0,0.0,0.0,0.0,93.99999999999977,93.99999999999977,93.99999999999977,1004675.5175,9.356692392378347e-05,1011066.1175,-6390.600000000093,-0.6320654890307006
2025-06-20,199.95,195.53,[],0,100,100,0.0,0.0,0.0,0.0,441.99999999999875,441.99999999999875,441.99999999999875,1005117.5175,0.000439846292059597,1011066.1175,-5948.600000000093,-0.588349257980163
2025-06-23,200.45,199.95,[],0,100,100,0.0,0.0,0.0,0.0,50.0,50.0,50.0,1005167.5175,4.9744189644560076e-05,1011066.1175,-5898.600000000093,-0.5834039829744461
2025-06-24,199.25,200.45,[],0,100,100,0.0,0.0,0.0,0.0,-119.99999999999886,-119.99999999999886,-119.99999999999886,1005047.5175,-0.0001193902125426303,1011066.1175,-6018.600000000093,-0.5952726429881667
2025-06-25,200.51,199.25,[],0,100,100,0.0,0.0,0.0,0.0,125.99999999999909,125.99999999999909,125.99999999999909,1005173.5175,0.00012535934901800112,1011066.1175,-5892.600000000093,-0.58281054997376
2025-06-26,199.95,200.51,[],0,100,100,0.0,0.0,0.0,0.0,-56.00000000000023,-56.00000000000023,-56.00000000000023,1005117.5175,-5.571332611994743e-05,1011066.1175,-5948.600000000093,-0.588349257980163
2025-06-27,200.03,199.95,[],0,100,100,0.0,0.0,0.0,0.0,8.00000000000125,8.00000000000125,8.00000000000125,1005125.5175,7.95923663029428e-06,1011066.1175,-5940.600000000093,-0.5875580139792483
2025-06-30,204.12,200.03,[],0,100,100,0.0,0.0,0.0,0.0,409.00000000000034,409.00000000000034,409.00000000000034,1005534.5175,0.00040683158616745796,1011066.1175,-5531.600000000093,-0.5471056644324839
2025-07-01,206.77,204.12,[],0,100,100,0.0,0.0,0.0,0.0,265.00000000000057,265.00000000000057,265.00000000000057,1005799.5175,0.00026350670442802323,1011066.1175,-5266.600000000093,-0.5208957069021841
2025-07-02,211.39,206.77,[],0,100,100,0.0,0.0,0.0,0.0,461.9999999999976,461.9999999999976,461.9999999999976,1006261.5175,0.00045923060988988174,1011066.1175,-4804.600000000093,-0.47520136584935974
2025-07-03,212.5,211.39,[],0,100,100,0.0,0.0,0.0,0.0,111.00000000000136,111.00000000000136,111.00000000000136,1006372.5175,0.00011030321278703923,1011066.1175,-4693.600000000093,-0.46422285533666824
2025-07-07,208.9,212.5,[],0,100,100,0.0,0.0,0.0,0.0,-359.99999999999943,-359.99999999999943,-359.99999999999943,1006012.5175,-0.0003577844175732959,1011066.1175,-5053.600000000093,-0.49982883537783007
2025-07-08,208.96,208.9,[],0,100,100,0.0,0.0,0.0,0.0,6.000000000000227,6.000000000000227,6.000000000000227,1006018.5175,5.964122715387388e-06,1011066.1175,-5047.600000000093,-0.49923540237714403
2025-07-09,210.09,208.96,[],0,100,100,0.0,0.0,0.0,0.0,112.99999999999955,112.99999999999955,112.99999999999955,1006131.5175,0.00011231766831830261,1011066.1175,-4934.600000000093,-0.4880590808642238
2025-07-10,211.36,210.09,[],0,100,100,0.0,0.0,0.0,0.0,127.00000000000102,127.00000000000102,127.00000000000102,1006258.5175,0.00012621807697303373,1011066.1175,-4807.600000000093,-0.4754980823497028
2025-07-11,210.11,211.36,[],0,100,100,0.0,0.0,0.0,0.0,-125.0,-125.0,-125.0,1006133.5175,-0.00012423026725087648,1011066.1175,-4932.600000000093,-0.48786126986399514
2025-07-14,207.57,210.11,[],0,100,100,0.0,0.0,0.0,0.0,-254.00000000000205,-254.00000000000205,-254.00000000000205,1005879.5175,-0.0002524834550581055,1011066.1175,-5186.600000000093,-0.5129832668930371
2025-07-15,208.06,207.57,[],0,100,100,0.0,0.0,0.0,0.0,49.00000000000091,49.00000000000091,49.00000000000091,1005928.5175,4.871240114099496e-05,1011066.1175,-5137.600000000093,-0.5081368973874345
2025-07-16,209.11,208.06,[],0,100,100,0.0,0.0,0.0,0.0,105.00000000000114,105.00000000000114,105.00000000000114,1006033.5175,0.0001043757270453322,1011066.1175,-5032.600000000093,-0.49775181987542894
2025-07-17,208.97,209.11,[],0,100,100,0.0,0.0,0.0,0.0,-14.000000000001478,-14.000000000001478,-14.000000000001478,1006019.5175,-1.3916134174075708e-05,1011066.1175,-5046.600000000093,-0.4991364968770297
2025-07-18,210.13,208.97,[],0,100,100,0.0,0.0,0.0,0.0,115.99999999999966,115.99999999999966,115.99999999999966,1006135.5175,0.00011529926681670253,1011066.1175,-4930.600000000093,-0.4876634588637664
2025-07-21,211.43,210.13,[],0,100,100,0.0,0.0,0.0,0.0,130.00000000000114,130.00000000000114,130.00000000000114,1006265.5175,0.00012919890013962743,1011066.1175,-4800.600000000093,-0.47480574384890245
2025-07-22,213.35,211.43,[],0,100,100,0.0,0.0,0.0,0.0,191.99999999999875,191.99999999999875,191.99999999999875,1006457.5175,0.00019078631013174846,1011066.1175,-4608.600000000093,-0.45581588782694943
2025-07-23,213.1,213.35,[],0,100,100,0.0,0.0,0.0,0.0,-25.0,-25.0,-25.0,1006432.5175,-2.4839906370067196e-05,1011066.1175,-4633.600000000093,-0.4582885253298079
2025-07-24,212.71,213.1,[],0,100,100,0.0,0.0,0.0,0.0,-38.999999999998636,-38.999999999998636,-38.999999999998636,1006393.5175,-3.875148604666661e-05,1011066.1175,-4672.600000000093,-0.46214583983426716
2025-07-25,212.83,212.71,[],0,100,100,0.0,0.0,0.0,0.0,12.000000000000455,12.000000000000455,12.000000000000455,1006405.5175,1.1923694111017269e-05,1011066.1175,-4660.600000000093,-0.4609589738328951
2025-07-28,213.0,212.83,[],0,100,100,0.0,0.0,0.0,0.0,16.99999999999875,16.99999999999875,16.99999999999875,1006422.5175,1.6891656619156255e-05,1011066.1175,-4643.600000000093,-0.4592775803309513
2025-07-29,210.22,213.0,[],0,100,100,0.0,0.0,0.0,0.0,-278.0000000000001,-278.0000000000001,-278.0000000000001,1006144.5175,-0.00027626409151446573,1011066.1175,-4921.600000000093,-0.4867733093627374
2025-07-30,208.0,210.22,[],0,100,100,0.0,0.0,0.0,0.0,-221.9999999999999,-221.9999999999999,-221.9999999999999,1005922.5175,-0.00022066859308282106,1011066.1175,-5143.600000000093,-0.5087303303881205
2025-07-31,206.52,208.0,[],0,100,100,0.0,0.0,0.0,0.0,-147.99999999999898,-147.99999999999898,-147.99999999999898,1005774.5175,-0.00014713945260350647,1011066.1175,-5291.600000000093,-0.5233683444050427
2025-08-01,201.33,206.52,"[TradeData(gateway_name='BACKTESTING', extra=None, symbol='AAPL', exchange=<Exchange.NASDAQ: 'NASDAQ'>, orderid='76', tradeid='70', direction=<Direction.SHORT: 'Short'>, offset=<Offset.CLOSE: 'Close'>, price=209.815, volume=100, datetime=datetime.datetime(2025, 8, 1, 0, 0, tzinfo=zoneinfo.ZoneInfo(key='Asia/Shanghai'))), TradeData(gateway_name='BACKTESTING', extra=None, symbol='AAPL', exchange=<Exchange.NASDAQ: 'NASDAQ'>, orderid='77', tradeid='71', direction=<Direction.SHORT: 'Short'>, offset=<Offset.OPEN: 'Open'>, price=209.815, volume=100, datetime=datetime.datetime(2025, 8, 1, 0, 0, tzinfo=zoneinfo.ZoneInfo(key='Asia/Shanghai')))]",2,100,-100,41963.0,20.9815,2.0,1696.999999999997,-518.9999999999998,1177.9999999999973,1155.0184999999972,1006929.536,0.0011477282263943442,1011066.1175,-4136.5815000000875,-0.40913066202122905
2025-08-04,202.3,201.33,[],0,-100,-100,0.0,0.0,0.0,0.0,-96.99999999999989,-96.99999999999989,-96.99999999999989,1006832.536,-9.633710101475676e-05,1011066.1175,-4233.5815000000875,-0.4187244955323199
2025-08-05,201.87,202.3,[],0,-100,-100,0.0,0.0,0.0,0.0,43.00000000000068,43.00000000000068,43.00000000000068,1006875.536,4.270728275309161e-05,1011066.1175,-4190.5815000000875,-0.4144715590274033
2025-08-06,212.2,201.87,[],0,-100,-100,0.0,0.0,0.0,0.0,-1032.9999999999984,-1032.9999999999984,-1032.9999999999984,1005842.536,-0.0010264727137615994,1011066.1175,-5223.5815000000875,-0.5166409406455149
2025-08-07,218.98,212.2,[],0,-100,-100,0.0,0.0,0.0,0.0,-678.0000000000001,-678.0000000000001,-678.0000000000001,1005164.536,-0.0006742890516185732,1011066.1175,-5901.5815000000875,-0.5836988697230364
2025-08-08,228.3,218.98,[],0,-100,-100,0.0,0.0,0.0,0.0,-932.0000000000022,-932.0000000000022,-932.0000000000022,1004232.536,-0.0009276415098047086,1011066.1175,-6833.5815000000875,-0.6758787958295999
2025-08-11,226.39,228.3,"[TradeData(gateway_name='BACKTESTING', extra=None, symbol='AAPL', exchange=<Exchange.NASDAQ: 'NASDAQ'>, orderid='78', tradeid='72', direction=<Direction.LONG: 'Long'>, offset=<Offset.CLOSE: 'Close'>, price=227.13, volume=100, datetime=datetime.datetime(2025, 8, 11, 0, 0, tzinfo=zoneinfo.ZoneInfo(key='Asia/Shanghai'))), TradeData(gateway_name='BACKTESTING', extra=None, symbol='AAPL', exchange=<Exchange.NASDAQ: 'NASDAQ'>, orderid='79', tradeid='73', direction=<Direction.LONG: 'Long'>, offset=<Offset.OPEN: 'Open'>, price=227.13, volume=100, datetime=datetime.datetime(2025, 8, 11, 0, 0, tzinfo=zoneinfo.ZoneInfo(key='Asia/Shanghai')))]",2,-100,100,45426.0,22.713,2.0,-148.00000000000182,191.0000000000025,43.00000000000068,18.28700000000068,1004250.823,1.8209760034770062e-05,1011066.1175,-6815.294500000076,-0.6740701109490078
2025-08-12,228.86,226.39,[],0,100,100,0.0,0.0,0.0,0.0,247.00000000000273,247.00000000000273,247.00000000000273,1004497.823,0.0002459242491455632,1011066.1175,-6568.294500000076,-0.6496404524207663
2025-08-13,232.54,228.86,[],0,100,100,0.0,0.0,0.0,0.0,367.99999999999784,367.99999999999784,367.99999999999784,1004865.823,0.00036628512200559014,1011066.1175,-6200.294500000076,-0.6132432283786897
2025-08-14,231.99,232.54,[],0,100,100,0.0,0.0,0.0,0.0,-54.999999999998295,-54.999999999998295,-54.999999999998295,1004810.823,-5.473517356453624e-05,1011066.1175,-6255.294500000076,-0.6186830308849783
2025-08-15,230.8,231.99,[],0,100,100,0.0,0.0,0.0,0.0,-118.99999999999977,-118.99999999999977,-118.99999999999977,1004691.823,-0.00011843726643109885,1011066.1175,-6374.294500000076,-0.6304527853985845
2025-08-18,230.1,230.8,[],0,100,100,0.0,0.0,0.0,0.0,-70.0000000000017,-70.0000000000017,-70.0000000000017,1004621.823,-6.967553340187615e-05,1011066.1175,-6444.294500000076,-0.6373761704065882
2025-08-19,229.77,230.1,[],0,100,100,0.0,0.0,0.0,0.0,-32.99999999999841,-32.99999999999841,-32.99999999999841,1004588.823,-3.2848721032492076e-05,1011066.1175,-6477.294500000076,-0.6406400519103614
2025-08-20,225.22,229.77,[],0,100,100,0.0,0.0,0.0,0.0,-455.00000000000114,-455.00000000000114,-455.00000000000114,1004133.823,-0.00045302422281916156,1011066.1175,-6932.294500000076,-0.6856420544623854
2025-08-21,224.11,225.22,[],0,100,100,0.0,0.0,0.0,0.0,-110.99999999999852,-110.99999999999852,-110.99999999999852,1004022.823,-0.00011054914499241147,1011066.1175,-7043.294500000076,-0.696620564975077
2025-08-22,226.97,224.11,[],0,100,100,0.0,0.0,0.0,0.0,285.9999999999985,285.9999999999985,285.9999999999985,1004308.823,0.0002848135192241253,1011066.1175,-6757.294500000076,-0.6683335919423762
2025-08-25,226.37,226.97,[],0,100,100,0.0,0.0,0.0,0.0,-59.99999999999943,-59.99999999999943,-59.99999999999943,1004248.823,-5.97443644571286e-05,1011066.1175,-6817.294500000076,-0.6742679219492365
2025-08-26,228.52,226.37,[],0,100,100,0.0,0.0,0.0,0.0,215.00000000000057,215.00000000000057,215.00000000000057,1004463.823,0.00021406745384821676,1011066.1175,-6602.294500000076,-0.6530032394246538
2025-08-27,229.7,228.52,[],0,100,100,0.0,0.0,0.0,0.0,117.99999999999784,117.99999999999784,117.99999999999784,1004581.823,0.00011746870995249566,1011066.1175,-6484.294500000076,-0.6413323904111619
2025-08-28,231.77,229.7,[],0,100,100,0.0,0.0,0.0,0.0,207.00000000000216,207.00000000000216,207.00000000000216,1004788.823,0.00020603466179246676,1011066.1175,-6277.294500000076,-0.6208589518874937
2025-08-29,231.35,231.77,[],0,100,100,0.0,0.0,0.0,0.0,-42.00000000000159,-42.00000000000159,-42.00000000000159,1004746.823,-4.180070165937206e-05,1011066.1175,-6319.294500000076,-0.625012982892296
2025-09-02,228.93,231.35,[],0,100,100,0.0,0.0,0.0,0.0,-241.99999999999875,-241.99999999999875,-241.99999999999875,1004504.823,-0.0002408857065285836,1011066.1175,-6561.294500000076,-0.6489481139199659
2025-09-03,237.68,228.93,[],0,100,100,0.0,0.0,0.0,0.0,875.0,875.0,875.0,1005379.823,0.0008706967905052329,1011066.1175,-5686.294500000076,-0.5624058013199197
2025-09-04,238.99,237.68,[],0,100,100,0.0,0.0,0.0,0.0,131.00000000000023,131.00000000000023,131.00000000000023,1005510.823,0.00013029052618642963,1011066.1175,-5555.294500000076,-0.5494491808049413
2025-09-05,238.9,238.99,[],0,100,100,0.0,0.0,0.0,0.0,-9.000000000000341,-9.000000000000341,-9.000000000000341,1005501.823,-8.950714475054683e-06,1011066.1175,-5564.294500000076,-0.5503393303059705
2025-09-08,237.09,238.9,[],0,100,100,0.0,0.0,0.0,0.0,-181.00000000000023,-181.00000000000023,-181.00000000000023,1005320.823,-0.00018002582261429986,1011066.1175,-5745.294500000076,-0.5682412258266657
2025-09-09,233.56,237.09,[],0,100,100,0.0,0.0,0.0,0.0,-353.0000000000001,-353.0000000000001,-353.0000000000001,1004967.823,-0.000351193351592114,1011066.1175,-6098.294500000076,-0.6031548673670272
2025-09-10,226.0,233.56,[],0,100,100,0.0,0.0,0.0,0.0,-756.0000000000002,-756.0000000000002,-756.0000000000002,1004211.823,-0.0007525459828180228,1011066.1175,-6854.294500000076,-0.6779274254534671
2025-09-11,229.24,226.0,[],0,100,100,0.0,0.0,0.0,0.0,324.0000000000009,324.0000000000009,324.0000000000009,1004535.823,0.0003225890553797932,1011066.1175,-6530.294500000076,-0.6458820434164214
2025-09-12,233.28,229.24,[],0,100,100,0.0,0.0,0.0,0.0,403.9999999999992,403.9999999999992,403.9999999999992,1004939.823,0.000402094950737348,1011066.1175,-6126.294500000076,-0.6059242213702286
2025-09-15,235.91,233.28,[],0,100,100,0.0,0.0,0.0,0.0,262.99999999999955,262.99999999999955,262.99999999999955,1005202.823,0.00026167297333266025,1011066.1175,-5863.294500000076,-0.5799120748401576
2025-09-16,237.36,235.91,[],0,100,100,0.0,0.0,0.0,0.0,145.0000000000017,145.0000000000017,145.0000000000017,1005347.823,0.00014423909244952864,1011066.1175,-5718.294500000076,-0.5655707773235785
2025-09-17,238.2,237.36,[],0,100,100,0.0,0.0,0.0,0.0,83.9999999999975,83.9999999999975,83.9999999999975,1005431.823,8.354968205092103e-05,1011066.1175,-5634.294500000076,-0.5572627153139742
2025-09-18,237.09,238.2,[],0,100,100,0.0,0.0,0.0,0.0,-110.99999999999852,-110.99999999999852,-110.99999999999852,1005320.823,-0.0001104064195399997,1011066.1175,-5745.294500000076,-0.5682412258266657
2025-09-19,244.71,237.09,[],0,100,100,0.0,0.0,0.0,0.0,762.0000000000005,762.0000000000005,762.0000000000005,1006082.823,0.0007576798798881676,1011066.1175,-4983.294500000076,-0.49287523473953976
2025-09-22,255.29,244.71,[],0,100,100,0.0,0.0,0.0,0.0,1057.9999999999984,1057.9999999999984,1057.9999999999984,1007140.823,0.0010510507359682323,1011066.1175,-3925.2945000000764,-0.38823321561856966
2025-09-23,253.64,255.29,[],0,100,100,0.0,0.0,0.0,0.0,-165.00000000000057,-165.00000000000057,-165.00000000000057,1006975.823,-0.0001638435397441078,1011066.1175,-4090.2945000000764,-0.4045526231374355
2025-09-24,251.52,253.64,[],0,100,100,0.0,0.0,0.0,0.0,-211.9999999999976,-211.9999999999976,-211.9999999999976,1006763.823,-0.00021055353526387786,1011066.1175,-4302.294500000076,-0.42552058916167534
2025-09-25,256.08,251.52,[],0,100,100,0.0,0.0,0.0,0.0,455.9999999999974,455.9999999999974,455.9999999999974,1007219.823,0.00045283387350036165,1011066.1175,-3846.2945000000764,-0.38041968110953694
2025-09-26,254.67,256.08,[],0,100,100,0.0,0.0,0.0,0.0,-140.99999999999966,-140.99999999999966,-140.99999999999966,1007078.823,-0.00013999910143442181,1011066.1175,-3987.2945000000764,-0.3943653566256587
2025-09-29,253.64,254.67,[],0,100,100,0.0,0.0,0.0,0.0,-103.00000000000011,-103.00000000000011,-103.00000000000011,1006975.823,-0.00010228123680193507,1011066.1175,-4090.2945000000764,-0.4045526231374355
2025-09-30,253.84,253.64,[],0,100,100,0.0,0.0,0.0,0.0,20.000000000001705,20.000000000001705,20.000000000001705,1006995.823,1.9861252803972395e-05,1011066.1175,-4070.2945000000764,-0.40257451313514875
2025-10-01,254.66,253.84,[],0,100,100,0.0,0.0,0.0,0.0,81.99999999999932,81.99999999999932,81.99999999999932,1007077.823,8.142701257041065e-05,1011066.1175,-3988.2945000000764,-0.394464262125773
2025-10-02,256.34,254.66,[],0,100,100,0.0,0.0,0.0,0.0,167.99999999999784,167.99999999999784,167.99999999999784,1007245.823,0.00016680536985523212,1011066.1175,-3820.2945000000764,-0.37784813810656415
2025-10-03,257.23,256.34,[],0,100,100,0.0,0.0,0.0,0.0,89.00000000000432,89.00000000000432,89.00000000000432,1007334.823,8.835585731905801e-05,1011066.1175,-3731.2945000000764,-0.36904554859638805
2025-10-06,255.9,257.23,[],0,100,100,0.0,0.0,0.0,0.0,-133.00000000000125,-133.00000000000125,-133.00000000000125,1007201.823,-0.0001320402887257932,1011066.1175,-3864.2945000000764,-0.38219998011159506
2025-10-07,255.69,255.9,[],0,100,100,0.0,0.0,0.0,0.0,-21.000000000000796,-21.000000000000796,-21.000000000000796,1007180.823,-2.085006048123012e-05,1011066.1175,-3885.2945000000764,-0.3842769956139962
2025-10-08,257.27,255.69,[],0,100,100,0.0,0.0,0.0,0.0,157.9999999999984,157.9999999999984,157.9999999999984,1007338.823,0.00015686121566270222,1011066.1175,-3727.2945000000764,-0.3686499265959307
2025-10-09,253.25,257.27,[],0,100,100,0.0,0.0,0.0,0.0,-401.9999999999982,-401.9999999999982,-401.9999999999982,1006936.823,-0.0003991509366014811,1011066.1175,-4129.294500000076,-0.4084099376418947
2025-10-10,244.48,253.25,[],0,100,100,0.0,0.0,0.0,0.0,-877.000000000001,-877.000000000001,-877.000000000001,1006059.823,-0.0008713378208848254,1011066.1175,-5006.294500000076,-0.4951500612421696
2025-10-13,246.87,244.48,[],0,100,100,0.0,0.0,0.0,0.0,239.00000000000148,239.00000000000148,239.00000000000148,1006298.823,0.00023753221285767226,1011066.1175,-4767.294500000076,-0.4715116467148427
2025-10-14,246.98,246.87,[],0,100,100,0.0,0.0,0.0,0.0,10.999999999998522,10.999999999998522,10.999999999998522,1006309.823,1.09310868975311e-05,1011066.1175,-4756.294500000076,-0.47042368621358494
2025-10-15,248.55,246.98,"[TradeData(gateway_name='BACKTESTING', extra=None, symbol='AAPL', exchange=<Exchange.NASDAQ: 'NASDAQ'>, orderid='80', tradeid='74', direction=<Direction.SHORT: 'Short'>, offset=<Offset.CLOSE: 'Close'>, price=248.695, volume=100, datetime=datetime.datetime(2025, 10, 15, 0, 0, tzinfo=zoneinfo.ZoneInfo(key='Asia/Shanghai'))), TradeData(gateway_name='BACKTESTING', extra=None, symbol='AAPL', exchange=<Exchange.NASDAQ: 'NASDAQ'>, orderid='81', tradeid='75', direction=<Direction.SHORT: 'Short'>, offset=<Offset.OPEN: 'Open'>, price=248.695, volume=100, datetime=datetime.datetime(2025, 10, 15, 0, 0, tzinfo=zoneinfo.ZoneInfo(key='Asia/Shanghai')))]",2,100,-100,49739.0,24.869500000000002,2.0,28.999999999996362,157.00000000000216,185.99999999999852,159.1304999999985,1006468.9535,0.00015812020892658595,1011066.1175,-4597.164000000106,-0.4546848045276432
2025-10-16,246.66,248.55,[],0,-100,-100,0.0,0.0,0.0,0.0,189.00000000000148,189.00000000000148,189.00000000000148,1006657.9535000001,0.00018776759666594585,1011066.1175,-4408.16399999999,-0.43599166500602166
2025-10-17,251.5,246.66,[],0,-100,-100,0.0,0.0,0.0,0.0,-484.00000000000034,-484.00000000000034,-484.00000000000034,1006173.9535000001,-0.0004809144843591248,1011066.1175,-4892.16399999999,-0.48386192706136144
2025-10-20,261.45,251.5,[],0,-100,-100,0.0,0.0,0.0,0.0,-994.9999999999989,-994.9999999999989,-994.9999999999989,1005178.9535000001,-0.0009893838895230099,1011066.1175,-5887.16399999999,-0.5822728996751282
2025-10-21,261.98,261.45,[],0,-100,-100,0.0,0.0,0.0,0.0,-53.000000000002956,-53.000000000002956,-53.000000000002956,1005125.9535,-5.2728319796477095e-05,1011066.1175,-5940.164000000106,-0.5875148911811997
2025-10-22,257.66,261.98,"[TradeData(gateway_name='BACKTESTING', extra=None, symbol='AAPL', exchange=<Exchange.NASDAQ: 'NASDAQ'>, orderid='82', tradeid='76', direction=<Direction.LONG: 'Long'>, offset=<Offset.CLOSE: 'Close'>, price=261.86, volume=100, datetime=datetime.datetime(2025, 10, 22, 0, 0, tzinfo=zoneinfo.ZoneInfo(key='Asia/Shanghai'))), TradeData(gateway_name='BACKTESTING', extra=None, symbol='AAPL', exchange=<Exchange.NASDAQ: 'NASDAQ'>, orderid='83', tradeid='77', direction=<Direction.LONG: 'Long'>, offset=<Offset.OPEN: 'Open'>, price=261.86, volume=100, datetime=datetime.datetime(2025, 10, 22, 0, 0, tzinfo=zoneinfo.ZoneInfo(key='Asia/Shanghai')))]",2,-100,100,52372.0,26.186,2.0,-839.9999999999977,431.9999999999993,-407.9999999999984,-436.1859999999984,1004689.7675,-0.0004340557219158499,1011066.1175,-6376.350000000093,-0.6306560856540713
2025-10-23,258.79,257.66,[],0,100,100,0.0,0.0,0.0,0.0,112.99999999999955,112.99999999999955,112.99999999999955,1004802.7675,0.00011246620542336353,1011066.1175,-6263.350000000093,-0.619479764141151
2025-10-24,262.03,258.79,[],0,100,100,0.0,0.0,0.0,0.0,323.9999999999952,323.9999999999952,323.9999999999952,1005126.7675,0.00032239936491756065,1011066.1175,-5939.350000000093,-0.5874343821041054
2025-10-27,268.02,262.03,[],0,100,100,0.0,0.0,0.0,0.0,599.0000000000009,599.0000000000009,599.0000000000009,1005725.7675,0.0005957672253847221,1011066.1175,-5340.350000000093,-0.5281899875356166
2025-10-28,268.21,268.02,[],0,100,100,0.0,0.0,0.0,0.0,18.999999999999773,18.999999999999773,18.999999999999773,1005744.7675,1.889165132662317e-05,1011066.1175,-5321.350000000093,-0.5263107830334443
2025-10-29,268.91,268.21,[],0,100,100,0.0,0.0,0.0,0.0,70.00000000000455,70.00000000000455,70.00000000000455,1005814.7675,6.959774126532757e-05,1011066.1175,-5251.350000000093,-0.5193873980254405
2025-10-30,270.61,268.91,[],0,100,100,0.0,0.0,0.0,0.0,169.99999999999886,169.99999999999886,169.99999999999886,1005984.7675,0.00016900292245521998,1011066.1175,-5081.350000000093,-0.502573463006003
2025-10-31,269.58,270.61,[],0,100,100,0.0,0.0,0.0,0.0,-103.00000000000296,-103.00000000000296,-103.00000000000296,1005881.7675,-0.00010239247812725291,1011066.1175,-5184.350000000093,-0.5127607295177798
2025-11-03,268.26,269.58,[],0,100,100,0.0,0.0,0.0,0.0,-131.99999999999932,-131.99999999999932,-131.99999999999932,1005749.7675,-0.0001312367577191148,1011066.1175,-5316.350000000093,-0.5258162555328725
2025-11-04,269.25,268.26,[],0,100,100,0.0,0.0,0.0,0.0,99.00000000000091,99.00000000000091,99.00000000000091,1005848.7675,9.842918291845729e-05,1011066.1175,-5217.350000000093,-0.516024611021553
2025-11-05,269.35,269.25,[],0,100,100,0.0,0.0,0.0,0.0,10.000000000002274,10.000000000002274,10.000000000002274,1005858.7675,9.941802996763389e-06,1011066.1175,-5207.350000000093,-0.5150355560204096
2025-11-06,268.98,269.35,[],0,100,100,0.0,0.0,0.0,0.0,-37.000000000000455,-37.000000000000455,-37.000000000000455,1005821.7675,-3.678516480173142e-05,1011066.1175,-5244.350000000093,-0.5186950595246401
2025-11-07,267.68,268.98,[],0,100,100,0.0,0.0,0.0,0.0,-130.00000000000114,-130.00000000000114,-130.00000000000114,1005691.7675,-0.00012925590399368584,1011066.1175,-5374.350000000093,-0.5315527745395041
2025-11-10,268.9,267.68,[],0,100,100,0.0,0.0,0.0,0.0,121.99999999999704,121.99999999999704,121.99999999999704,1005813.7675,0.00012130217692853946,1011066.1175,-5252.350000000093,-0.5194863035255548
2025-11-11,274.72,268.9,[],0,100,100,0.0,0.0,0.0,0.0,582.000000000005,582.000000000005,582.000000000005,1006395.7675,0.0005784685999208649,1011066.1175,-4670.350000000093,-0.46192330245900987
2025-11-12,272.94,274.72,[],0,100,100,0.0,0.0,0.0,0.0,-178.00000000000296,-178.00000000000296,-178.00000000000296,1006217.7675,-0.00017688443148035292,1011066.1175,-4848.350000000093,-0.4795284814793621
2025-11-13,272.42,272.94,[],0,100,100,0.0,0.0,0.0,0.0,-51.99999999999818,-51.99999999999818,-51.99999999999818,1006165.7675,-5.168000940890982e-05,1011066.1175,-4900.350000000093,-0.48467156748530765
2025-11-14,271.88,272.42,[],0,100,100,0.0,0.0,0.0,0.0,-54.000000000002046,-54.000000000002046,-54.000000000002046,1006111.7675,-5.367052911313303e-05,1011066.1175,-4954.350000000093,-0.490012464491482
2025-11-17,266.93,271.88,[],0,100,100,0.0,0.0,0.0,0.0,-494.99999999999886,-494.99999999999886,-494.99999999999886,1005616.7675,-0.0004921141211429095,1011066.1175,-5449.350000000093,-0.5389706870480795
2025-11-18,266.91,266.93,[],0,100,100,0.0,0.0,0.0,0.0,-1.999999999998181,-1.999999999998181,-1.999999999998181,1005614.7675,-1.988831186488963e-06,1011066.1175,-5451.350000000093,-0.5391684980483081
2025-11-19,268.03,266.91,[],0,100,100,0.0,0.0,0.0,0.0,111.99999999999477,111.99999999999477,111.99999999999477,1005726.7675,0.00011136845549768962,1011066.1175,-5339.350000000093,-0.5280910820355023
2025-11-20,265.72,268.03,[],0,100,100,0.0,0.0,0.0,0.0,-230.99999999999454,-230.99999999999454,-230.99999999999454,1005495.7675,-0.00022971103097332166,1011066.1175,-5570.350000000093,-0.5509382525619144
2025-11-21,270.96,265.72,"[TradeData(gateway_name='BACKTESTING', extra=None, symbol='AAPL', exchange=<Exchange.NASDAQ: 'NASDAQ'>, orderid='84', tradeid='78', direction=<Direction.SHORT: 'Short'>, offset=<Offset.CLOSE: 'Close'>, price=265.42, volume=100, datetime=datetime.datetime(2025, 11, 21, 0, 0, tzinfo=zoneinfo.ZoneInfo(key='Asia/Shanghai'))), TradeData(gateway_name='BACKTESTING', extra=None, symbol='AAPL', exchange=<Exchange.NASDAQ: 'NASDAQ'>, orderid='85', tradeid='79', direction=<Direction.SHORT: 'Short'>, offset=<Offset.OPEN: 'Open'>, price=265.42, volume=100, datetime=datetime.datetime(2025, 11, 21, 0, 0, tzinfo=zoneinfo.ZoneInfo(key='Asia/Shanghai')))]",2,100,-100,53084.0,26.542,2.0,-1107.9999999999927,523.9999999999952,-583.9999999999975,-612.5419999999975,1004883.2255000001,-0.0006093796454180692,1011066.1175,-6182.891999999993,-0.6115220254129416
2025-11-24,275.39,270.96,[],0,-100,-100,0.0,0.0,0.0,0.0,-443.0000000000007,-443.0000000000007,-443.0000000000007,1004440.2255000001,-0.000440944445213415,1011066.1175,-6625.891999999993,-0.6553371619635936
2025-11-25,276.44,275.39,[],0,-100,-100,0.0,0.0,0.0,0.0,-105.00000000000114,-105.00000000000114,-105.00000000000114,1004335.2255000001,-0.00010454130156096727,1011066.1175,-6730.891999999993,-0.665722239475599
2025-11-26,277.02,276.44,"[TradeData(gateway_name='BACKTESTING', extra=None, symbol='AAPL', exchange=<Exchange.NASDAQ: 'NASDAQ'>, orderid='86', tradeid='80', direction=<Direction.LONG: 'Long'>, offset=<Offset.CLOSE: 'Close'>, price=276.43, volume=100, datetime=datetime.datetime(2025, 11, 26, 0, 0, tzinfo=zoneinfo.ZoneInfo(key='Asia/Shanghai'))), TradeData(gateway_name='BACKTESTING', extra=None, symbol='AAPL', exchange=<Exchange.NASDAQ: 'NASDAQ'>, orderid='87', tradeid='81', direction=<Direction.LONG: 'Long'>, offset=<Offset.OPEN: 'Open'>, price=276.43, volume=100, datetime=datetime.datetime(2025, 11, 26, 0, 0, tzinfo=zoneinfo.ZoneInfo(key='Asia/Shanghai')))]",2,-100,100,55286.0,27.643,2.0,117.999999999995,-57.99999999999841,59.99999999999659,30.35699999999659,1004365.5825,3.022550683632424e-05,1011066.1175,-6700.535000000033,-0.6627197652086321
2025-11-28,278.32,277.02,[],0,100,100,0.0,0.0,0.0,0.0,130.00000000000114,130.00000000000114,130.00000000000114,1004495.5825,0.00012942656510707193,1011066.1175,-6570.535000000033,-0.6498620501937681
2025-12-01,282.57,278.32,[],0,100,100,0.0,0.0,0.0,0.0,425.0,425.0,425.0,1004920.5825,0.00042300844766750186,1011066.1175,-6145.535000000033,-0.6078272126451743
2025-12-02,285.66,282.57,[],0,100,100,0.0,0.0,0.0,0.0,309.0000000000032,309.0000000000032,309.0000000000032,1005229.5825,0.0003074397204887132,1011066.1175,-5836.535000000033,-0.5772654131098436
2025-12-03,283.62,285.66,[],0,100,100,0.0,0.0,0.0,0.0,-204.00000000000205,-204.00000000000205,-204.00000000000205,1005025.5825,-0.00020295931009357387,1011066.1175,-6040.535000000033,-0.5974421351331688
2025-12-04,280.17,283.62,[],0,100,100,0.0,0.0,0.0,0.0,-344.99999999999886,-344.99999999999886,-344.99999999999886,1004680.5825,-0.00034333377624786056,1011066.1175,-6385.535000000033,-0.6315645326726155
2025-12-05,278.25,280.17,[],0,100,100,0.0,0.0,0.0,0.0,-192.0000000000016,-192.0000000000016,-192.0000000000016,1004488.5825,-0.00019112377785716374,1011066.1175,-6577.535000000033,-0.6505543886945684
2025-12-08,277.36,278.25,[],0,100,100,0.0,0.0,0.0,0.0,-88.99999999999864,-88.99999999999864,-88.99999999999864,1004399.5825,-8.860622667682817e-05,1011066.1175,-6666.535000000033,-0.6593569782047446
2025-12-09,276.65,277.36,[],0,100,100,0.0,0.0,0.0,0.0,-71.00000000000364,-71.00000000000364,-71.00000000000364,1004328.5825,-7.069149650680429e-05,1011066.1175,-6737.535000000033,-0.6663792687128627
2025-12-10,278.25,276.65,[],0,100,100,0.0,0.0,0.0,0.0,160.00000000000227,160.00000000000227,160.00000000000227,1004488.5825,0.00015929772318361648,1011066.1175,-6577.535000000033,-0.6505543886945684
2025-12-11,277.5,278.25,[],0,100,100,0.0,0.0,0.0,0.0,-75.0,-75.0,-75.0,1004413.5825,-7.466764817271062e-05,1011066.1175,-6652.535000000033,-0.6579723012031439
2025-12-12,277.75,277.5,[],0,100,100,0.0,0.0,0.0,0.0,25.0,25.0,25.0,1004438.5825,2.4889835535864057e-05,1011066.1175,-6627.535000000033,-0.6554996637002853
2025-12-15,273.58,277.75,[],0,100,100,0.0,0.0,0.0,0.0,-417.0000000000016,-417.0000000000016,-417.0000000000016,1004021.5825,-0.00041524349176407416,1011066.1175,-7044.535000000033,-0.6967432572479645
2025-12-16,274.08,273.58,[],0,100,100,0.0,0.0,0.0,0.0,50.0,50.0,50.0,1004071.5825,4.9798486327062646e-05,1011066.1175,-6994.535000000033,-0.6917979822422476
2025-12-17,271.31,274.08,[],0,100,100,0.0,0.0,0.0,0.0,-276.9999999999982,-276.9999999999982,-276.9999999999982,1003794.5825,-0.0002759148060620589,1011066.1175,-7271.535000000033,-0.7191948057739194
2025-12-18,271.66,271.31,"[TradeData(gateway_name='BACKTESTING', extra=None, symbol='AAPL', exchange=<Exchange.NASDAQ: 'NASDAQ'>, orderid='88', tradeid='82', direction=<Direction.SHORT: 'Short'>, offset=<Offset.CLOSE: 'Close'>, price=273.075, volume=100, datetime=datetime.datetime(2025, 12, 18, 0, 0, tzinfo=zoneinfo.ZoneInfo(key='Asia/Shanghai'))), TradeData(gateway_name='BACKTESTING', extra=None, symbol='AAPL', exchange=<Exchange.NASDAQ: 'NASDAQ'>, orderid='89', tradeid='83', direction=<Direction.SHORT: 'Short'>, offset=<Offset.OPEN: 'Open'>, price=273.075, volume=100, datetime=datetime.datetime(2025, 12, 18, 0, 0, tzinfo=zoneinfo.ZoneInfo(key='Asia/Shanghai')))]",2,100,-100,54615.0,27.3075,2.0,282.9999999999927,35.000000000002274,317.999999999995,288.692499999995,1004083.275,0.0002875598243300462,1011066.1175,-6982.842500000028,-0.6906415296821602
2025-12-19,273.14,271.66,[],0,-100,-100,0.0,0.0,0.0,0.0,-147.99999999999613,-147.99999999999613,-147.99999999999613,1003935.275,-0.00014740899706126254,1011066.1175,-7130.842500000028,-0.7052795436990823
2025-12-22,270.44,273.14,[],0,-100,-100,0.0,0.0,0.0,0.0,269.99999999999886,269.99999999999886,269.99999999999886,1004205.275,0.00026890548236470943,1011066.1175,-6860.842500000028,-0.6785750586682109
2025-12-23,271.83,270.44,[],0,-100,-100,0.0,0.0,0.0,0.0,-138.99999999999864,-138.99999999999864,-138.99999999999864,1004066.275,-0.0001384274952477568,1011066.1175,-6999.842500000028,-0.6923229231841039
2025-12-24,273.28,271.83,[],0,-100,-100,0.0,0.0,0.0,0.0,-144.99999999999886,-144.99999999999886,-144.99999999999886,1003921.275,-0.00014442320646065976,1011066.1175,-7144.842500000028,-0.706664220700683
2025-12-26,272.87,273.28,[],0,-100,-100,0.0,0.0,0.0,0.0,40.99999999999682,40.99999999999682,40.99999999999682,1003962.275,4.083902177060576e-05,1011066.1175,-7103.842500000028,-0.7026090951959952
2025-12-29,273.23,272.87,[],0,-100,-100,0.0,0.0,0.0,0.0,-36.000000000001364,-36.000000000001364,-36.000000000001364,1003926.275,-3.585856396649094e-05,1011066.1175,-7139.842500000028,-0.7061696932001114
2025-12-30,272.55,273.23,[],0,-100,-100,0.0,0.0,0.0,0.0,68.00000000000068,68.00000000000068,68.00000000000068,1003994.275,6.773176361583016e-05,1011066.1175,-7071.842500000028,-0.6994441191923363
2025-12-31,271.33,272.55,[],0,-100,-100,0.0,0.0,0.0,0.0,122.00000000000273,122.00000000000273,122.00000000000273,1004116.275,0.00012150725481724788,1011066.1175,-6949.842500000028,-0.6873776481783871
2026-01-02,270.48,271.33,[],0,-100,-100,0.0,0.0,0.0,0.0,84.99999999999659,84.99999999999659,84.99999999999659,1004201.275,8.464796819682614e-05,1011066.1175,-6864.842500000028,-0.6789706806686683
2026-01-05,266.73,270.48,[],0,-100,-100,0.0,0.0,0.0,0.0,375.0,375.0,375.0,1004576.275,0.0003733614051553935,1011066.1175,-6489.842500000028,-0.6418811181257914
2026-01-06,261.83,266.73,[],0,-100,-100,0.0,0.0,0.0,0.0,490.0000000000034,490.0000000000034,490.0000000000034,1005066.275,0.00048764892016256445,1011066.1175,-5999.842500000028,-0.5934174230697655
2026-01-07,259.8,261.83,[],0,-100,-100,0.0,0.0,0.0,0.0,202.99999999999727,202.99999999999727,202.99999999999727,1005269.275,0.00020195633578680734,1011066.1175,-5796.842500000028,-0.5733396065465548
2026-01-08,258.51,259.8,[],0,-100,-100,0.0,0.0,0.0,0.0,129.00000000000205,129.00000000000205,129.00000000000205,1005398.275,0.0001283155936714052,1011066.1175,-5667.842500000028,-0.5605807970318052
2026-01-09,258.84,258.51,[],0,-100,-100,0.0,0.0,0.0,0.0,-32.99999999999841,-32.99999999999841,-32.99999999999841,1005365.275,-3.282335210719732e-05,1011066.1175,-5700.842500000028,-0.5638446785355783
2026-01-12,259.72,258.84,[],0,-100,-100,0.0,0.0,0.0,0.0,-88.00000000000523,-88.00000000000523,-88.00000000000523,1005277.275,-8.753420647169734e-05,1011066.1175,-5788.842500000028,-0.5725483625456401
2026-01-13,260.52,259.72,[],0,-100,-100,0.0,0.0,0.0,0.0,-79.99999999999545,-79.99999999999545,-79.99999999999545,1005197.275,-7.958320093359278e-05,1011066.1175,-5868.842500000028,-0.5804608025547873
2026-01-14,259.43,260.52,[],0,-100,-100,0.0,0.0,0.0,0.0,108.9999999999975,108.9999999999975,108.9999999999975,1005306.275,0.00010843054726945208,1011066.1175,-5759.842500000028,-0.5696801030423243
2026-01-15,257.68,259.43,[],0,-100,-100,0.0,0.0,0.0,0.0,175.0,175.0,175.0,1005481.275,0.0001740611537422366,1011066.1175,-5584.842500000028,-0.552371640522315
2026-01-16,255.0,257.68,[],0,-100,-100,0.0,0.0,0.0,0.0,268.0000000000007,268.0000000000007,268.0000000000007,1005749.275,0.00026650351108296823,1011066.1175,-5316.842500000028,-0.5258649664916724
2026-01-20,246.17,255.0,[],0,-100,-100,0.0,0.0,0.0,0.0,883.0000000000013,883.0000000000013,883.0000000000013,1006632.275,0.0008775672353668881,1011066.1175,-4433.842500000028,-0.4385314098907115
2026-01-21,247.12,246.17,[],0,-100,-100,0.0,0.0,0.0,0.0,-95.0000000000017,-95.0000000000017,-95.0000000000017,1006537.275,-9.437853862887162e-05,1011066.1175,-4528.842500000028,-0.4479274324015736
2026-01-22,247.82,247.12,[],0,-100,-100,0.0,0.0,0.0,0.0,-69.99999999999886,-69.99999999999886,-69.99999999999886,1006467.275,-6.954778122896913e-05,1011066.1175,-4598.842500000028,-0.45485081740957733
2026-01-23,247.51,247.82,[],0,-100,-100,0.0,0.0,0.0,0.0,31.000000000000227,31.000000000000227,31.000000000000227,1006498.275,3.080032840355504e-05,1011066.1175,-4567.842500000028,-0.4517847469060328
2026-01-26,254.88,247.51,[],0,-100,-100,0.0,0.0,0.0,0.0,-737.0000000000005,-737.0000000000005,-737.0000000000005,1005761.275,-0.000732509912008518,1011066.1175,-5304.842500000028,-0.5246781004903003
2026-01-27,257.74,254.88,[],0,-100,-100,0.0,0.0,0.0,0.0,-286.00000000000136,-286.00000000000136,-286.00000000000136,1005475.275,-0.000284402152424863,1011066.1175,-5590.842500000028,-0.5529650735230011
2026-01-28,255.91,257.74,[],0,-100,-100,0.0,0.0,0.0,0.0,183.00000000000125,183.00000000000125,183.00000000000125,1005658.275,0.0001819869202670928,1011066.1175,-5407.842500000028,-0.5348653670020772
2026-01-29,257.75,255.91,[],0,-100,-100,0.0,0.0,0.0,0.0,-184.00000000000034,-184.00000000000034,-184.00000000000034,1005474.275,-0.00018298147530193694,1011066.1175,-5591.842500000028,-0.5530639790231154
2026-01-30,258.95,257.75,[],0,-100,-100,0.0,0.0,0.0,0.0,-119.99999999999886,-119.99999999999886,-119.99999999999886,1005354.275,-0.00011935378592315034,1011066.1175,-5711.842500000028,-0.5649326390368361
2026-02-02,269.48,258.95,[],0,-100,-100,0.0,0.0,0.0,0.0,-1053.000000000003,-1053.000000000003,-1053.000000000003,1004301.275,-0.0010479408736142283,1011066.1175,-6764.842500000028,-0.6690801306572345
2026-02-03,268.95,269.48,"[TradeData(gateway_name='BACKTESTING', extra=None, symbol='AAPL', exchange=<Exchange.NASDAQ: 'NASDAQ'>, orderid='90', tradeid='84', direction=<Direction.LONG: 'Long'>, offset=<Offset.CLOSE: 'Close'>, price=268.67, volume=100, datetime=datetime.datetime(2026, 2, 3, 0, 0, tzinfo=zoneinfo.ZoneInfo(key='Asia/Shanghai'))), TradeData(gateway_name='BACKTESTING', extra=None, symbol='AAPL', exchange=<Exchange.NASDAQ: 'NASDAQ'>, orderid='91', tradeid='85', direction=<Direction.LONG: 'Long'>, offset=<Offset.OPEN: 'Open'>, price=268.67, volume=100, datetime=datetime.datetime(2026, 2, 3, 0, 0, tzinfo=zoneinfo.ZoneInfo(key='Asia/Shanghai')))]",2,-100,100,53734.0,26.867,2.0,55.99999999999454,53.000000000002956,108.9999999999975,80.1329999999975,1004381.408,7.978661908203283e-05,1011066.1175,-6684.709499999997,-0.6611545362165692
2026-02-04,275.96,268.95,[],0,100,100,0.0,0.0,0.0,0.0,700.9999999999991,700.9999999999991,700.9999999999991,1005082.4079999999,0.000697698582929914,1011066.1175,-5983.709500000114,-0.5918217806364294
2026-02-05,275.38,275.96,[],0,100,100,0.0,0.0,0.0,0.0,-57.99999999999841,-57.99999999999841,-57.99999999999841,1005024.408,-5.770837604681421e-05,1011066.1175,-6041.709499999997,-0.5975582996430495
2026-02-06,277.59,275.38,[],0,100,100,0.0,0.0,0.0,0.0,220.99999999999795,220.99999999999795,220.99999999999795,1005245.4079999999,0.00021987098361745422,1011066.1175,-5820.709500000114,-0.5757001841177922
2026-02-09,274.35,277.59,[],0,100,100,0.0,0.0,0.0,0.0,-323.9999999999952,-323.9999999999952,-323.9999999999952,1004921.408,-0.00032236130874982216,1011066.1175,-6144.709499999997,-0.6077455661548264
2026-02-10,273.41,274.35,[],0,100,100,0.0,0.0,0.0,0.0,-93.99999999999977,-93.99999999999977,-93.99999999999977,1004827.408,-9.354402830855026e-05,1011066.1175,-6238.709499999997,-0.6170426831655741
2026-02-11,275.23,273.41,[],0,100,100,0.0,0.0,0.0,0.0,181.99999999999932,181.99999999999932,181.99999999999932,1005009.408,0.00018110923140483268,1011066.1175,-6056.709499999997,-0.5990418821447646
2026-02-12,261.46,275.23,[],0,100,100,0.0,0.0,0.0,0.0,-1377.0000000000039,-1377.0000000000039,-1377.0000000000039,1003632.4079999999,-0.0013710759227894209,1011066.1175,-7433.709500000114,-0.7352347558022202
2026-02-13,255.51,261.46,[],0,100,100,0.0,0.0,0.0,0.0,-594.9999999999989,-594.9999999999989,-594.9999999999989,1003037.408,-0.0005930223424830251,1011066.1175,-8028.709499999997,-0.79408352837024
2026-02-17,263.61,255.51,[],0,100,100,0.0,0.0,0.0,0.0,810.0000000000023,810.0000000000023,810.0000000000023,1003847.408,0.0008072212590634879,1011066.1175,-7218.709499999997,-0.7139700732776258
2026-02-18,264.08,263.61,[],0,100,100,0.0,0.0,0.0,0.0,46.999999999997044,46.999999999997044,46.999999999997044,1003894.4079999999,4.6818768861426624e-05,1011066.1175,-7171.709500000114,-0.7093215147722635
2026-02-19,260.31,264.08,[],0,100,100,0.0,0.0,0.0,0.0,-376.9999999999982,-376.9999999999982,-376.9999999999982,1003517.408,-0.00037560803560812635,1011066.1175,-7548.709499999997,-0.7466088883153575
2026-02-20,264.31,260.31,"[TradeData(gateway_name='BACKTESTING', extra=None, symbol='AAPL', exchange=<Exchange.NASDAQ: 'NASDAQ'>, orderid='92', tradeid='86', direction=<Direction.SHORT: 'Short'>, offset=<Offset.CLOSE: 'Close'>, price=258.7, volume=100, datetime=datetime.datetime(2026, 2, 20, 0, 0, tzinfo=zoneinfo.ZoneInfo(key='Asia/Shanghai'))), TradeData(gateway_name='BACKTESTING', extra=None, symbol='AAPL', exchange=<Exchange.NASDAQ: 'NASDAQ'>, orderid='93', tradeid='87', direction=<Direction.SHORT: 'Short'>, offset=<Offset.OPEN: 'Open'>, price=258.7, volume=100, datetime=datetime.datetime(2026, 2, 20, 0, 0, tzinfo=zoneinfo.ZoneInfo(key='Asia/Shanghai')))]",2,100,-100,51740.0,25.87,2.0,-1122.0000000000027,400.0,-722.0000000000027,-749.8700000000027,1002767.538,-0.0007475209704516798,1011066.1175,-8298.579500000109,-0.8207751556861076
2026-02-23,265.91,264.31,[],0,-100,-100,0.0,0.0,0.0,0.0,-160.00000000000227,-160.00000000000227,-160.00000000000227,1002607.538,-0.0001595711468187279,1011066.1175,-8458.579500000109,-0.8366000357044018
2026-02-24,271.87,265.91,[],0,-100,-100,0.0,0.0,0.0,0.0,-595.999999999998,-595.999999999998,-595.999999999998,1002011.538,-0.0005946267045911352,1011066.1175,-9054.579500000109,-0.8955477137725475
2026-02-25,273.96,271.87,[],0,-100,-100,0.0,0.0,0.0,0.0,-208.9999999999975,-208.9999999999975,-208.9999999999975,1001802.538,-0.00020860218845762194,1011066.1175,-9263.579500000109,-0.9162189632964443
2026-02-26,272.68,273.96,"[TradeData(gateway_name='BACKTESTING', extra=None, symbol='AAPL', exchange=<Exchange.NASDAQ: 'NASDAQ'>, orderid='94', tradeid='88', direction=<Direction.LONG: 'Long'>, offset=<Offset.CLOSE: 'Close'>, price=274.675, volume=100, datetime=datetime.datetime(2026, 2, 26, 0, 0, tzinfo=zoneinfo.ZoneInfo(key='Asia/Shanghai'))), TradeData(gateway_name='BACKTESTING', extra=None, symbol='AAPL', exchange=<Exchange.NASDAQ: 'NASDAQ'>, orderid='95', tradeid='89', direction=<Direction.LONG: 'Long'>, offset=<Offset.OPEN: 'Open'>, price=274.675, volume=100, datetime=datetime.datetime(2026, 2, 26, 0, 0, tzinfo=zoneinfo.ZoneInfo(key='Asia/Shanghai')))]",2,-100,100,54935.0,27.4675,2.0,-399.0000000000009,127.99999999999727,-271.00000000000364,-300.4675000000036,1001502.0705,-0.0002999718574780416,1011066.1175,-9564.04700000002,-0.9459368516520403
2026-02-27,263.91,272.68,[],0,100,100,0.0,0.0,0.0,0.0,-876.9999999999982,-876.9999999999982,-876.9999999999982,1000625.0705,-0.0008760682956958616,1011066.1175,-10441.04700000002,-1.0326769752523153
2026-03-02,264.45,263.91,[],0,100,100,0.0,0.0,0.0,0.0,53.99999999999636,53.99999999999636,53.99999999999636,1000679.0705,5.3964811151657074e-05,1011066.1175,-10387.04700000002,-1.0273360782461411
2026-03-03,263.48,264.45,[],0,100,100,0.0,0.0,0.0,0.0,-96.99999999999704,-96.99999999999704,-96.99999999999704,1000582.0705,-9.693887328220713e-05,1011066.1175,-10484.04700000002,-1.036929911757232
2026-03-04,262.25,263.48,"[TradeData(gateway_name='BACKTESTING', extra=None, symbol='AAPL', exchange=<Exchange.NASDAQ: 'NASDAQ'>, orderid='96', tradeid='90', direction=<Direction.SHORT: 'Short'>, offset=<Offset.CLOSE: 'Close'>, price=264.38, volume=100, datetime=datetime.datetime(2026, 3, 4, 0, 0, tzinfo=zoneinfo.ZoneInfo(key='Asia/Shanghai'))), TradeData(gateway_name='BACKTESTING', extra=None, symbol='AAPL', exchange=<Exchange.NASDAQ: 'NASDAQ'>, orderid='97', tradeid='91', direction=<Direction.SHORT: 'Short'>, offset=<Offset.OPEN: 'Open'>, price=264.38, volume=100, datetime=datetime.datetime(2026, 3, 4, 0, 0, tzinfo=zoneinfo.ZoneInfo(key='Asia/Shanghai')))]",2,100,-100,52876.0,26.438,2.0,425.9999999999991,-123.00000000000182,302.99999999999727,274.5619999999973,1000856.6325,0.00027436463710891324,1011066.1175,-10209.485000000102,-1.009774219834847
2026-03-05,260.02,262.25,[],0,-100,-100,0.0,0.0,0.0,0.0,223.00000000000182,223.00000000000182,223.00000000000182,1001079.6325,0.0002227843161852743,1011066.1175,-9986.485000000102,-0.9877182933093495
2026-03-06,257.19,260.02,[],0,-100,-100,0.0,0.0,0.0,0.0,282.9999999999984,282.9999999999984,282.9999999999984,1001362.6325,0.00028265484286919184,1011066.1175,-9703.485000000102,-0.9597280367769917
2026-03-09,259.61,257.19,[],0,-100,-100,0.0,0.0,0.0,0.0,-242.0000000000016,-242.0000000000016,-242.0000000000016,1001120.6325,-0.00024169989872861568,1011066.1175,-9945.485000000102,-0.9836631678046616
2026-03-10,260.56,259.61,[],0,-100,-100,0.0,0.0,0.0,0.0,-94.99999999999886,-94.99999999999886,-94.99999999999886,1001025.6325,-9.489816176967212e-05,1011066.1175,-10040.485000000102,-0.9930591903155237
2026-03-11,260.54,260.56,[],0,-100,-100,0.0,0.0,0.0,0.0,1.999999999998181,1.999999999998181,1.999999999998181,1001027.6325,1.997948840872895e-06,1011066.1175,-10038.485000000102,-0.9928613793152951
2026-03-12,255.49,260.54,[],0,-100,-100,0.0,0.0,0.0,0.0,505.00000000000114,505.00000000000114,505.00000000000114,1001532.6325,0.0005043543702838893,1011066.1175,-9533.485000000102,-0.9429141017575542
2026-03-13,249.85,255.49,[],0,-100,-100,0.0,0.0,0.0,0.0,564.0000000000015,564.0000000000015,564.0000000000015,1002096.6325,0.0005629784159659825,1011066.1175,-8969.485000000102,-0.8871313996930672
2026-03-16,252.55,249.85,[],0,-100,-100,0.0,0.0,0.0,0.0,-270.0000000000017,-270.0000000000017,-270.0000000000017,1001826.6325,-0.0002694713977821523,1011066.1175,-9239.485000000102,-0.9138358847239387
2026-03-17,253.96,252.55,[],0,-100,-100,0.0,0.0,0.0,0.0,-140.99999999999966,-140.99999999999966,-140.99999999999966,1001685.6325,-0.00014075281963172863,1011066.1175,-9380.485000000102,-0.9277815602400603
2026-03-18,249.67,253.96,[],0,-100,-100,0.0,0.0,0.0,0.0,429.00000000000205,429.00000000000205,429.00000000000205,1002114.6325,0.00042818639566813746,1011066.1175,-8951.485000000102,-0.8853511006910092
2026-03-19,248.69,249.67,[],0,-100,-100,0.0,0.0,0.0,0.0,97.99999999999898,97.99999999999898,97.99999999999898,1002212.6325,9.778842187035265e-05,1011066.1175,-8853.485000000102,-0.8756583616798039
2026-03-20,247.72,248.69,[],0,-100,-100,0.0,0.0,0.0,0.0,96.99999999999989,96.99999999999989,96.99999999999989,1002309.6325,9.678116503811664e-05,1011066.1175,-8756.485000000102,-0.8660645281687132
2026-03-23,251.22,247.72,[],0,-100,-100,0.0,0.0,0.0,0.0,-350.0,-350.0,-350.0,1001959.6325,-0.00034925447360755114,1011066.1175,-9106.485000000102,-0.9006814532087317
2026-03-24,251.37,251.22,[],0,-100,-100,0.0,0.0,0.0,0.0,-15.000000000000568,-15.000000000000568,-15.000000000000568,1001944.6325,-1.4970775063761026e-05,1011066.1175,-9121.485000000102,-0.9021650357104467
2026-03-25,252.35,251.37,[],0,-100,-100,0.0,0.0,0.0,0.0,-97.99999999999898,-97.99999999999898,-97.99999999999898,1001846.6325,-9.781457958215084e-05,1011066.1175,-9219.485000000102,-0.9118577747216519
2026-03-26,252.62,252.35,[],0,-100,-100,0.0,0.0,0.0,0.0,-27.000000000001023,-27.000000000001023,-27.000000000001023,1001819.6325,-2.695059598822397e-05,1011066.1175,-9246.485000000102,-0.914528223224739
2026-03-27,248.53,252.62,[],0,-100,-100,0.0,0.0,0.0,0.0,409.00000000000034,409.00000000000034,409.00000000000034,1002228.6325,0.00040817380780839256,1011066.1175,-8837.485000000102,-0.8740758736779746
2026-03-30,246.36,248.53,[],0,-100,-100,0.0,0.0,0.0,0.0,216.99999999999875,216.99999999999875,216.99999999999875,1002445.6325,0.00021649402562430147,1011066.1175,-8620.485000000102,-0.8526133801531631
2026-03-31,253.52,246.36,[],0,-100,-100,0.0,0.0,0.0,0.0,-715.9999999999997,-715.9999999999997,-715.9999999999997,1001729.6325,-0.0007145083995047842,1011066.1175,-9336.485000000102,-0.9234297182350295
2026-04-01,255.36,253.52,[],0,-100,-100,0.0,0.0,0.0,0.0,-184.00000000000034,-184.00000000000034,-184.00000000000034,1001545.6325,-0.00018369916878836065,1011066.1175,-9520.485000000102,-0.9416283302560677
2026-04-02,255.65,255.36,[],0,-100,-100,0.0,0.0,0.0,0.0,-28.999999999999204,-28.999999999999204,-28.999999999999204,1001516.6325,-2.8955665042242213e-05,1011066.1175,-9549.485000000102,-0.9444965897593836
2026-04-06,258.59,255.65,[],0,-100,-100,0.0,0.0,0.0,0.0,-293.99999999999693,-293.99999999999693,-293.99999999999693,1001222.6325,-0.00029359788091229297,1011066.1175,-9843.485000000102,-0.973574806792999
2026-04-07,253.23,258.59,"[TradeData(gateway_name='BACKTESTING', extra=None, symbol='AAPL', exchange=<Exchange.NASDAQ: 'NASDAQ'>, orderid='98', tradeid='92', direction=<Direction.LONG: 'Long'>, offset=<Offset.CLOSE: 'Close'>, price=255.885, volume=100, datetime=datetime.datetime(2026, 4, 7, 0, 0, tzinfo=zoneinfo.ZoneInfo(key='Asia/Shanghai'))), TradeData(gateway_name='BACKTESTING', extra=None, symbol='AAPL', exchange=<Exchange.NASDAQ: 'NASDAQ'>, orderid='99', tradeid='93', direction=<Direction.LONG: 'Long'>, offset=<Offset.OPEN: 'Open'>, price=255.885, volume=100, datetime=datetime.datetime(2026, 4, 7, 0, 0, tzinfo=zoneinfo.ZoneInfo(key='Asia/Shanghai')))]",2,-100,100,51177.0,25.5885,2.0,-531.0000000000002,535.9999999999985,4.999999999998295,-22.588500000001705,1001200.044,-2.2561170791792523e-05,1011066.1175,-9866.073500000057,-0.9758089336823274
2026-04-08,258.63,253.23,[],0,100,100,0.0,0.0,0.0,0.0,540.0000000000006,540.0000000000006,540.0000000000006,1001740.044,0.0005392073545471823,1011066.1175,-9326.073500000057,-0.9223999636205845
2026-04-09,260.22,258.63,[],0,100,100,0.0,0.0,0.0,0.0,159.00000000000318,159.00000000000318,159.00000000000318,1001899.044,0.00015871121828877344,1011066.1175,-9167.073500000057,-0.9066739891024047
2026-04-10,260.21,260.22,[],0,100,100,0.0,0.0,0.0,0.0,-1.0000000000047748,-1.0000000000047748,-1.0000000000047748,1001898.044,-9.981050536673915e-07,1011066.1175,-9168.073500000057,-0.9067728946025191
2026-04-13,258.93,260.21,[],0,100,100,0.0,0.0,0.0,0.0,-127.99999999999727,-127.99999999999727,-127.99999999999727,1001770.044,-0.00012776567230946177,1011066.1175,-9296.073500000057,-0.9194327986171544
2026-04-14,258.56,258.93,[],0,100,100,0.0,0.0,0.0,0.0,-37.000000000000455,-37.000000000000455,-37.000000000000455,1001733.044,-3.6935306190291733e-05,1011066.1175,-9333.073500000057,-0.9230923021213848
2026-04-15,266.16,258.56,[],0,100,100,0.0,0.0,0.0,0.0,760.0000000000023,760.0000000000023,760.0000000000023,1002493.044,0.0007583975091210423,1011066.1175,-8573.073500000057,-0.8479241220344876
2026-04-16,263.13,266.16,[],0,100,100,0.0,0.0,0.0,0.0,-303.00000000000296,-303.00000000000296,-303.00000000000296,1002190.044,-0.00030229217188602376,1011066.1175,-8876.073500000057,-0.8778924885691323
2026-04-17,269.96,263.13,[],0,100,100,0.0,0.0,0.0,0.0,682.9999999999984,682.9999999999984,682.9999999999984,1002873.044,0.0006812753478976989,1011066.1175,-8193.073500000057,-0.810340031991039
2026-04-20,272.78,269.96,[],0,100,100,0.0,0.0,0.0,0.0,281.9999999999993,281.9999999999993,281.9999999999993,1003155.044,0.0002811525955637996,1011066.1175,-7911.073500000057,-0.7824486809587956
2026-04-21,265.9,272.78,[],0,100,100,0.0,0.0,0.0,0.0,-687.9999999999995,-687.9999999999995,-687.9999999999995,1002467.044,-0.0006860714499534924,1011066.1175,-8599.073500000057,-0.8504956650374604
2026-04-22,272.9,265.9,[],0,100,100,0.0,0.0,0.0,0.0,700.0,700.0,700.0,1003167.044,0.0006980336369542124,1011066.1175,-7899.073500000057,-0.7812618149574235
2026-04-23,273.16,272.9,[],0,100,100,0.0,0.0,0.0,0.0,26.000000000004775,26.000000000004775,26.000000000004775,1003193.044,2.5917580953539286e-05,1011066.1175,-7873.073500000057,-0.7786902719544507
2026-04-24,270.79,273.16,[],0,100,100,0.0,0.0,0.0,0.0,-237.00000000000045,-237.00000000000045,-237.00000000000045,1002956.044,-0.00023627356762286175,1011066.1175,-8110.073500000057,-0.8021308754815489
2026-04-27,267.34,270.79,[],0,100,100,0.0,0.0,0.0,0.0,-345.00000000000455,-345.00000000000455,-345.00000000000455,1002611.044,-0.00034404234639399744,1011066.1175,-8455.073500000057,-0.8362532730209957
2026-04-28,270.44,267.34,[],0,100,100,0.0,0.0,0.0,0.0,310.0000000000023,310.0000000000023,310.0000000000023,1002921.044,0.00030914489408951165,1011066.1175,-8145.073500000057,-0.8055925679855507
2026-04-29,269.9,270.44,[],0,100,100,0.0,0.0,0.0,0.0,-54.000000000002046,-54.000000000002046,-54.000000000002046,1002867.044,-5.384417260832359e-05,1011066.1175,-8199.073500000057,-0.8109334649917251
2026-04-30,271.08,269.9,[],0,100,100,0.0,0.0,0.0,0.0,118.00000000000068,118.00000000000068,118.00000000000068,1002985.044,0.00011765573428086511,1011066.1175,-8081.073500000057,-0.7992626159782331
2026-05-01,279.87,271.08,[],0,100,100,0.0,0.0,0.0,0.0,879.000000000002,879.000000000002,879.000000000002,1003864.044,0.0008760001551351216,1011066.1175,-7202.073500000057,-0.7123246813777296
2026-05-04,276.56,279.87,[],0,100,100,0.0,0.0,0.0,0.0,-331.0000000000002,-331.0000000000002,-331.0000000000002,1003533.044,-0.0003297802960645254,1011066.1175,-7533.073500000057,-0.7450624019155756
2026-05-05,283.91,276.56,[],0,100,100,0.0,0.0,0.0,0.0,735.0000000000023,735.0000000000023,735.0000000000023,1004268.044,0.0007321442718853502,1011066.1175,-6798.073500000057,-0.6723668593315368
2026-05-06,287.24,283.91,[],0,100,100,0.0,0.0,0.0,0.0,332.9999999999984,332.9999999999984,332.9999999999984,1004601.044,0.00033152981947829783,1011066.1175,-6465.073500000057,-0.6394313277934622
2026-05-07,287.17,287.24,[],0,100,100,0.0,0.0,0.0,0.0,-6.999999999999318,-6.999999999999318,-6.999999999999318,1004594.044,-6.9679644767054915e-06,1011066.1175,-6472.073500000057,-0.6401236662942625
2026-05-08,293.05,287.17,[],0,100,100,0.0,0.0,0.0,0.0,587.9999999999995,587.9999999999995,587.9999999999995,1005182.044,0.0005851398275538478,1011066.1175,-5884.073500000057,-0.5819672322270315
2026-05-11,292.68,293.05,[],0,100,100,0.0,0.0,0.0,0.0,-37.000000000000455,-37.000000000000455,-37.000000000000455,1005145.044,-3.6809930309398174e-05,1011066.1175,-5921.073500000057,-0.585626735731262
2026-05-12,294.8,292.68,[],0,100,100,0.0,0.0,0.0,0.0,212.00000000000045,212.00000000000045,212.00000000000045,1005357.044,0.0002108925944927911,1011066.1175,-5709.073500000057,-0.5646587697070223
2026-05-13,298.87,294.8,[],0,100,100,0.0,0.0,0.0,0.0,406.9999999999993,406.9999999999993,406.9999999999993,1005764.044,0.00040474937882630906,1011066.1175,-5302.073500000057,-0.5244042311604865
2026-05-14,298.21,298.87,[],0,100,100,0.0,0.0,0.0,0.0,-66.0000000000025,-66.0000000000025,-66.0000000000025,1005698.044,-6.56239065279257e-05,1011066.1175,-5368.073500000057,-0.5309319941680329
2026-05-15,300.23,298.21,[],0,100,100,0.0,0.0,0.0,0.0,202.00000000000387,202.00000000000387,202.00000000000387,1005900.044,0.00020083534766106355,1011066.1175,-5166.073500000057,-0.5109530831449365
2026-05-18,297.84,300.23,[],0,100,100,0.0,0.0,0.0,0.0,-239.00000000000432,-239.00000000000432,-239.00000000000432,1005661.044,-0.0002376263913141094,1011066.1175,-5405.073500000057,-0.5345914976722634
2026-05-19,298.97,297.84,[],0,100,100,0.0,0.0,0.0,0.0,113.00000000000523,113.00000000000523,113.00000000000523,1005774.044,0.00011235759065067835,1011066.1175,-5292.073500000057,-0.5234151761593432
2026-05-20,302.25,298.97,[],0,100,100,0.0,0.0,0.0,0.0,327.99999999999727,327.99999999999727,327.99999999999727,1006102.044,0.0003260638215867313,1011066.1175,-4964.073500000057,-0.49097417212184014
2026-05-21,304.99,302.25,[],0,100,100,0.0,0.0,0.0,0.0,274.0000000000009,274.0000000000009,274.0000000000009,1006376.044,0.00027230110312944196,1011066.1175,-4690.073500000057,-0.46387406509051143
2026-05-22,308.82,304.99,[],0,100,100,0.0,0.0,0.0,0.0,382.9999999999984,382.9999999999984,382.9999999999984,1006759.044,0.00038050104725116787,1011066.1175,-4307.073500000057,-0.42599325854671977
2026-05-26,308.33,308.82,[],0,100,100,0.0,0.0,0.0,0.0,-49.00000000000091,-49.00000000000091,-49.00000000000091,1006710.044,-4.86722148372428e-05,1011066.1175,-4356.073500000057,-0.43083962805232234
2026-05-27,310.85,308.33,[],0,100,100,0.0,0.0,0.0,0.0,252.00000000000387,252.00000000000387,252.00000000000387,1006962.044,0.0002502890145991055,1011066.1175,-4104.073500000057,-0.40591544202350904
2026-05-28,312.51,310.85,[],0,100,100,0.0,0.0,0.0,0.0,165.99999999999682,165.99999999999682,165.99999999999682,1007128.044,0.00016483870445020658,1011066.1175,-3938.073500000057,-0.3894971290045289
2026-05-29,312.06,312.51,[],0,100,100,0.0,0.0,0.0,0.0,-44.99999999999886,-44.99999999999886,-44.99999999999886,1007083.044,-4.4682506491541196e-05,1011066.1175,-3983.073500000057,-0.3939478765096741
2026-06-01,306.31,312.06,[],0,100,100,0.0,0.0,0.0,0.0,-575.0,-575.0,-575.0,1006508.044,-0.0005711189516640784,1011066.1175,-4558.073500000057,-0.45081853907541874
2026-06-02,315.2,306.31,[],0,100,100,0.0,0.0,0.0,0.0,888.9999999999986,888.9999999999986,888.9999999999986,1007397.044,0.0008828619213895681,1011066.1175,-3669.073500000057,-0.36289154947377184
2026-06-03,310.26,315.2,[],0,100,100,0.0,0.0,0.0,0.0,-493.9999999999998,-493.9999999999998,-493.9999999999998,1006903.044,-0.0004904929636323553,1011066.1175,-4163.073500000057,-0.41175086653025506
2026-06-04,311.23,310.26,[],0,100,100,0.0,0.0,0.0,0.0,97.00000000000273,97.00000000000273,97.00000000000273,1007000.044,9.633035537104597e-05,1011066.1175,-4066.073500000057,-0.40215703301916417
2026-06-05,307.34,311.23,[],0,100,100,0.0,0.0,0.0,0.0,-389.0000000000043,-389.0000000000043,-389.0000000000043,1006611.044,-0.00038637054310782664,1011066.1175,-4455.073500000057,-0.4406312725636419
2026-06-08,301.54,307.34,[],0,100,100,0.0,0.0,0.0,0.0,-579.9999999999955,-579.9999999999955,-579.9999999999955,1006031.044,-0.0005763568391159735,1011066.1175,-5035.073500000057,-0.49799646262995817
2026-06-09,290.55,301.54,[],0,100,100,0.0,0.0,0.0,0.0,-1099.000000000001,-1099.000000000001,-1099.000000000001,1004932.044,-0.0010930087339442313,1011066.1175,-6134.073500000057,-0.6066936072556162
2026-06-10,291.58,290.55,"[TradeData(gateway_name='BACKTESTING', extra=None, symbol='AAPL', exchange=<Exchange.NASDAQ: 'NASDAQ'>, orderid='100', tradeid='94', direction=<Direction.SHORT: 'Short'>, offset=<Offset.CLOSE: 'Close'>, price=290.74, volume=100, datetime=datetime.datetime(2026, 6, 10, 0, 0, tzinfo=zoneinfo.ZoneInfo(key='Asia/Shanghai'))), TradeData(gateway_name='BACKTESTING', extra=None, symbol='AAPL', exchange=<Exchange.NASDAQ: 'NASDAQ'>, orderid='101', tradeid='95', direction=<Direction.SHORT: 'Short'>, offset=<Offset.OPEN: 'Open'>, price=290.74, volume=100, datetime=datetime.datetime(2026, 6, 10, 0, 0, tzinfo=zoneinfo.ZoneInfo(key='Asia/Shanghai')))]",2,100,-100,58148.0,29.074,2.0,-167.999999999995,102.99999999999727,-64.99999999999773,-96.07399999999772,1004835.97,-9.560705454949721e-05,1011066.1175,-6230.147500000079,-0.6161958542736033
2026-06-11,295.63,291.58,[],0,-100,-100,0.0,0.0,0.0,0.0,-405.00000000000114,-405.00000000000114,-405.00000000000114,1004430.97,-0.0004031321049704453,1011066.1175,-6635.147500000079,-0.6562525818199103
