date,close_price,pre_close,trades,trade_count,start_pos,end_pos,turnover,commission,slippage,trading_pnl,holding_pnl,total_pnl,net_pnl,balance,return,highlevel,drawdown,ddpercent
2022-01-03,405.123,1.0,[],0,0,0,0.0,0.0,0.0,0.0,0.0,0.0,0.0,1000000.0,0.0,1000000.0,0.0,0.0
2022-01-04,401.435,405.123,[],0,0,0,0.0,0.0,0.0,0.0,-0.0,0.0,0.0,1000000.0,0.0,1000000.0,0.0,0.0
2022-01-05,382.605,401.435,[],0,0,0,0.0,0.0,0.0,0.0,-0.0,0.0,0.0,1000000.0,0.0,1000000.0,0.0,0.0
2022-01-06,388.817,382.605,[],0,0,0,0.0,0.0,0.0,0.0,0.0,0.0,0.0,1000000.0,0.0,1000000.0,0.0,0.0
2022-01-07,394.641,388.817,[],0,0,0,0.0,0.0,0.0,0.0,0.0,0.0,0.0,1000000.0,0.0,1000000.0,0.0,0.0
2022-01-10,404.541,394.641,[],0,0,0,0.0,0.0,0.0,0.0,0.0,0.0,0.0,1000000.0,0.0,1000000.0,0.0,0.0
2022-01-11,411.141,404.541,[],0,0,0,0.0,0.0,0.0,0.0,0.0,0.0,0.0,1000000.0,0.0,1000000.0,0.0,0.0
2022-01-12,431.329,411.141,[],0,0,0,0.0,0.0,0.0,0.0,0.0,0.0,0.0,1000000.0,0.0,1000000.0,0.0,0.0
2022-01-13,425.894,431.329,[],0,0,0,0.0,0.0,0.0,0.0,-0.0,0.0,0.0,1000000.0,0.0,1000000.0,0.0,0.0
2022-01-14,424.146,425.894,[],0,0,0,0.0,0.0,0.0,0.0,-0.0,0.0,0.0,1000000.0,0.0,1000000.0,0.0,0.0
2022-01-17,416.576,424.146,[],0,0,0,0.0,0.0,0.0,0.0,-0.0,0.0,0.0,1000000.0,0.0,1000000.0,0.0,0.0
2022-01-18,404.152,416.576,[],0,0,0,0.0,0.0,0.0,0.0,-0.0,0.0,0.0,1000000.0,0.0,1000000.0,0.0,0.0
2022-01-19,407.064,404.152,[],0,0,0,0.0,0.0,0.0,0.0,0.0,0.0,0.0,1000000.0,0.0,1000000.0,0.0,0.0
2022-01-20,436.27,407.064,[],0,0,0,0.0,0.0,0.0,0.0,0.0,0.0,0.0,1000000.0,0.0,1000000.0,0.0,0.0
2022-01-21,439.47,436.27,[],0,0,0,0.0,0.0,0.0,0.0,0.0,0.0,0.0,1000000.0,0.0,1000000.0,0.0,0.0
2022-01-24,434.27,439.47,[],0,0,0,0.0,0.0,0.0,0.0,-0.0,0.0,0.0,1000000.0,0.0,1000000.0,0.0,0.0
2022-01-25,431.47,434.27,[],0,0,0,0.0,0.0,0.0,0.0,-0.0,0.0,0.0,1000000.0,0.0,1000000.0,0.0,0.0
2022-01-26,438.27,431.47,[],0,0,0,0.0,0.0,0.0,0.0,0.0,0.0,0.0,1000000.0,0.0,1000000.0,0.0,0.0
2022-01-27,427.67,438.27,[],0,0,0,0.0,0.0,0.0,0.0,-0.0,0.0,0.0,1000000.0,0.0,1000000.0,0.0,0.0
2022-01-28,424.67,427.67,[],0,0,0,0.0,0.0,0.0,0.0,-0.0,0.0,0.0,1000000.0,0.0,1000000.0,0.0,0.0
2022-01-31,436.67,424.67,[],0,0,0,0.0,0.0,0.0,0.0,0.0,0.0,0.0,1000000.0,0.0,1000000.0,0.0,0.0
2022-02-04,443.67,436.67,[],0,0,0,0.0,0.0,0.0,0.0,0.0,0.0,0.0,1000000.0,0.0,1000000.0,0.0,0.0
2022-02-07,442.67,443.67,[],0,0,0,0.0,0.0,0.0,0.0,-0.0,0.0,0.0,1000000.0,0.0,1000000.0,0.0,0.0
2022-02-08,434.67,442.67,[],0,0,0,0.0,0.0,0.0,0.0,-0.0,0.0,0.0,1000000.0,0.0,1000000.0,0.0,0.0
2022-02-09,447.47,434.67,[],0,0,0,0.0,0.0,0.0,0.0,0.0,0.0,0.0,1000000.0,0.0,1000000.0,0.0,0.0
2022-02-10,449.07,447.47,[],0,0,0,0.0,0.0,0.0,0.0,0.0,0.0,0.0,1000000.0,0.0,1000000.0,0.0,0.0
2022-02-11,441.67,449.07,[],0,0,0,0.0,0.0,0.0,0.0,-0.0,0.0,0.0,1000000.0,0.0,1000000.0,0.0,0.0
2022-02-14,436.67,441.67,[],0,0,0,0.0,0.0,0.0,0.0,-0.0,0.0,0.0,1000000.0,0.0,1000000.0,0.0,0.0
2022-02-15,434.67,436.67,[],0,0,0,0.0,0.0,0.0,0.0,-0.0,0.0,0.0,1000000.0,0.0,1000000.0,0.0,0.0
2022-02-16,440.87,434.67,[],0,0,0,0.0,0.0,0.0,0.0,0.0,0.0,0.0,1000000.0,0.0,1000000.0,0.0,0.0
2022-02-17,443.67,440.87,[],0,0,0,0.0,0.0,0.0,0.0,0.0,0.0,0.0,1000000.0,0.0,1000000.0,0.0,0.0
2022-02-18,434.67,443.67,[],0,0,0,0.0,0.0,0.0,0.0,-0.0,0.0,0.0,1000000.0,0.0,1000000.0,0.0,0.0
2022-02-21,410.07,434.67,[],0,0,0,0.0,0.0,0.0,0.0,-0.0,0.0,0.0,1000000.0,0.0,1000000.0,0.0,0.0
2022-02-22,409.47,410.07,[],0,0,0,0.0,0.0,0.0,0.0,-0.0,0.0,0.0,1000000.0,0.0,1000000.0,0.0,0.0
2022-02-23,409.67,409.47,[],0,0,0,0.0,0.0,0.0,0.0,0.0,0.0,0.0,1000000.0,0.0,1000000.0,0.0,0.0
2022-02-24,392.47,409.67,[],0,0,0,0.0,0.0,0.0,0.0,-0.0,0.0,0.0,1000000.0,0.0,1000000.0,0.0,0.0
2022-02-25,388.67,392.47,[],0,0,0,0.0,0.0,0.0,0.0,-0.0,0.0,0.0,1000000.0,0.0,1000000.0,0.0,0.0
2022-02-28,385.87,388.67,[],0,0,0,0.0,0.0,0.0,0.0,-0.0,0.0,0.0,1000000.0,0.0,1000000.0,0.0,0.0
2022-03-01,395.67,385.87,[],0,0,0,0.0,0.0,0.0,0.0,0.0,0.0,0.0,1000000.0,0.0,1000000.0,0.0,0.0
2022-03-02,388.07,395.67,[],0,0,0,0.0,0.0,0.0,0.0,-0.0,0.0,0.0,1000000.0,0.0,1000000.0,0.0,0.0
2022-03-03,383.47,388.07,[],0,0,0,0.0,0.0,0.0,0.0,-0.0,0.0,0.0,1000000.0,0.0,1000000.0,0.0,0.0
2022-03-04,367.87,383.47,[],0,0,0,0.0,0.0,0.0,0.0,-0.0,0.0,0.0,1000000.0,0.0,1000000.0,0.0,0.0
2022-03-07,352.67,367.87,[],0,0,0,0.0,0.0,0.0,0.0,-0.0,0.0,0.0,1000000.0,0.0,1000000.0,0.0,0.0
2022-03-08,347.87,352.67,[],0,0,0,0.0,0.0,0.0,0.0,-0.0,0.0,0.0,1000000.0,0.0,1000000.0,0.0,0.0
2022-03-09,349.47,347.87,[],0,0,0,0.0,0.0,0.0,0.0,0.0,0.0,0.0,1000000.0,0.0,1000000.0,0.0,0.0
2022-03-10,349.67,349.47,[],0,0,0,0.0,0.0,0.0,0.0,0.0,0.0,0.0,1000000.0,0.0,1000000.0,0.0,0.0
2022-03-11,332.47,349.67,[],0,0,0,0.0,0.0,0.0,0.0,-0.0,0.0,0.0,1000000.0,0.0,1000000.0,0.0,0.0
2022-03-14,296.47,332.47,[],0,0,0,0.0,0.0,0.0,0.0,-0.0,0.0,0.0,1000000.0,0.0,1000000.0,0.0,0.0
2022-03-15,262.67,296.47,[],0,0,0,0.0,0.0,0.0,0.0,-0.0,0.0,0.0,1000000.0,0.0,1000000.0,0.0,0.0
2022-03-16,331.67,262.67,[],0,0,0,0.0,0.0,0.0,0.0,0.0,0.0,0.0,1000000.0,0.0,1000000.0,0.0,0.0
2022-03-17,354.67,331.67,[],0,0,0,0.0,0.0,0.0,0.0,0.0,0.0,0.0,1000000.0,0.0,1000000.0,0.0,0.0
2022-03-18,345.67,354.67,[],0,0,0,0.0,0.0,0.0,0.0,-0.0,0.0,0.0,1000000.0,0.0,1000000.0,0.0,0.0
2022-03-21,337.07,345.67,[],0,0,0,0.0,0.0,0.0,0.0,-0.0,0.0,0.0,1000000.0,0.0,1000000.0,0.0,0.0
2022-03-22,352.67,337.07,[],0,0,0,0.0,0.0,0.0,0.0,0.0,0.0,0.0,1000000.0,0.0,1000000.0,0.0,0.0
2022-03-23,353.67,352.67,[],0,0,0,0.0,0.0,0.0,0.0,0.0,0.0,0.0,1000000.0,0.0,1000000.0,0.0,0.0
2022-03-24,330.67,353.67,[],0,0,0,0.0,0.0,0.0,0.0,-0.0,0.0,0.0,1000000.0,0.0,1000000.0,0.0,0.0
2022-03-25,321.07,330.67,[],0,0,0,0.0,0.0,0.0,0.0,-0.0,0.0,0.0,1000000.0,0.0,1000000.0,0.0,0.0
2022-03-28,331.07,321.07,[],0,0,0,0.0,0.0,0.0,0.0,0.0,0.0,0.0,1000000.0,0.0,1000000.0,0.0,0.0
2022-03-29,341.87,331.07,[],0,0,0,0.0,0.0,0.0,0.0,0.0,0.0,0.0,1000000.0,0.0,1000000.0,0.0,0.0
2022-03-30,345.27,341.87,[],0,0,0,0.0,0.0,0.0,0.0,0.0,0.0,0.0,1000000.0,0.0,1000000.0,0.0,0.0
2022-03-31,338.87,345.27,[],0,0,0,0.0,0.0,0.0,0.0,-0.0,0.0,0.0,1000000.0,0.0,1000000.0,0.0,0.0
2022-04-01,343.47,338.87,[],0,0,0,0.0,0.0,0.0,0.0,0.0,0.0,0.0,1000000.0,0.0,1000000.0,0.0,0.0
2022-04-04,354.67,343.47,[],0,0,0,0.0,0.0,0.0,0.0,0.0,0.0,0.0,1000000.0,0.0,1000000.0,0.0,0.0
2022-04-06,345.67,354.67,[],0,0,0,0.0,0.0,0.0,0.0,-0.0,0.0,0.0,1000000.0,0.0,1000000.0,0.0,0.0
2022-04-07,339.07,345.67,[],0,0,0,0.0,0.0,0.0,0.0,-0.0,0.0,0.0,1000000.0,0.0,1000000.0,0.0,0.0
2022-04-08,334.27,339.07,[],0,0,0,0.0,0.0,0.0,0.0,-0.0,0.0,0.0,1000000.0,0.0,1000000.0,0.0,0.0
2022-04-11,318.27,334.27,[],0,0,0,0.0,0.0,0.0,0.0,-0.0,0.0,0.0,1000000.0,0.0,1000000.0,0.0,0.0
2022-04-12,331.07,318.27,[],0,0,0,0.0,0.0,0.0,0.0,0.0,0.0,0.0,1000000.0,0.0,1000000.0,0.0,0.0
2022-04-13,338.27,331.07,[],0,0,0,0.0,0.0,0.0,0.0,0.0,0.0,0.0,1000000.0,0.0,1000000.0,0.0,0.0
2022-04-14,339.07,338.27,[],0,0,0,0.0,0.0,0.0,0.0,0.0,0.0,0.0,1000000.0,0.0,1000000.0,0.0,0.0
2022-04-19,328.67,339.07,[],0,0,0,0.0,0.0,0.0,0.0,-0.0,0.0,0.0,1000000.0,0.0,1000000.0,0.0,0.0
2022-04-20,326.67,328.67,[],0,0,0,0.0,0.0,0.0,0.0,-0.0,0.0,0.0,1000000.0,0.0,1000000.0,0.0,0.0
2022-04-21,312.67,326.67,[],0,0,0,0.0,0.0,0.0,0.0,-0.0,0.0,0.0,1000000.0,0.0,1000000.0,0.0,0.0
2022-04-22,305.27,312.67,[],0,0,0,0.0,0.0,0.0,0.0,-0.0,0.0,0.0,1000000.0,0.0,1000000.0,0.0,0.0
2022-04-25,292.07,305.27,[],0,0,0,0.0,0.0,0.0,0.0,-0.0,0.0,0.0,1000000.0,0.0,1000000.0,0.0,0.0
2022-04-26,300.47,292.07,[],0,0,0,0.0,0.0,0.0,0.0,0.0,0.0,0.0,1000000.0,0.0,1000000.0,0.0,0.0
2022-04-27,299.47,300.47,[],0,0,0,0.0,0.0,0.0,0.0,-0.0,0.0,0.0,1000000.0,0.0,1000000.0,0.0,0.0
2022-04-28,304.47,299.47,[],0,0,0,0.0,0.0,0.0,0.0,0.0,0.0,0.0,1000000.0,0.0,1000000.0,0.0,0.0
2022-04-29,342.07,304.47,[],0,0,0,0.0,0.0,0.0,0.0,0.0,0.0,0.0,1000000.0,0.0,1000000.0,0.0,0.0
2022-05-03,344.67,342.07,[],0,0,0,0.0,0.0,0.0,0.0,0.0,0.0,0.0,1000000.0,0.0,1000000.0,0.0,0.0
2022-05-04,333.07,344.67,[],0,0,0,0.0,0.0,0.0,0.0,-0.0,0.0,0.0,1000000.0,0.0,1000000.0,0.0,0.0
2022-05-05,331.07,333.07,[],0,0,0,0.0,0.0,0.0,0.0,-0.0,0.0,0.0,1000000.0,0.0,1000000.0,0.0,0.0
2022-05-06,313.87,331.07,[],0,0,0,0.0,0.0,0.0,0.0,-0.0,0.0,0.0,1000000.0,0.0,1000000.0,0.0,0.0
2022-05-10,305.87,313.87,[],0,0,0,0.0,0.0,0.0,0.0,-0.0,0.0,0.0,1000000.0,0.0,1000000.0,0.0,0.0
2022-05-11,315.07,305.87,[],0,0,0,0.0,0.0,0.0,0.0,0.0,0.0,0.0,1000000.0,0.0,1000000.0,0.0,0.0
2022-05-12,308.87,315.07,[],0,0,0,0.0,0.0,0.0,0.0,-0.0,0.0,0.0,1000000.0,0.0,1000000.0,0.0,0.0
2022-05-13,319.07,308.87,[],0,0,0,0.0,0.0,0.0,0.0,0.0,0.0,0.0,1000000.0,0.0,1000000.0,0.0,0.0
2022-05-16,314.67,319.07,[],0,0,0,0.0,0.0,0.0,0.0,-0.0,0.0,0.0,1000000.0,0.0,1000000.0,0.0,0.0
2022-05-17,333.07,314.67,[],0,0,0,0.0,0.0,0.0,0.0,0.0,0.0,0.0,1000000.0,0.0,1000000.0,0.0,0.0
2022-05-18,330.27,333.07,[],0,0,0,0.0,0.0,0.0,0.0,-0.0,0.0,0.0,1000000.0,0.0,1000000.0,0.0,0.0
2022-05-19,306.47,330.27,[],0,0,0,0.0,0.0,0.0,0.0,-0.0,0.0,0.0,1000000.0,0.0,1000000.0,0.0,0.0
2022-05-20,318.47,306.47,[],0,0,0,0.0,0.0,0.0,0.0,0.0,0.0,0.0,1000000.0,0.0,1000000.0,0.0,0.0
2022-05-23,313.07,318.47,[],0,0,0,0.0,0.0,0.0,0.0,-0.0,0.0,0.0,1000000.0,0.0,1000000.0,0.0,0.0
2022-05-24,304.27,313.07,[],0,0,0,0.0,0.0,0.0,0.0,-0.0,0.0,0.0,1000000.0,0.0,1000000.0,0.0,0.0
2022-05-25,300.27,304.27,[],0,0,0,0.0,0.0,0.0,0.0,-0.0,0.0,0.0,1000000.0,0.0,1000000.0,0.0,0.0
2022-05-26,300.47,300.27,[],0,0,0,0.0,0.0,0.0,0.0,0.0,0.0,0.0,1000000.0,0.0,1000000.0,0.0,0.0
2022-05-27,308.07,300.47,[],0,0,0,0.0,0.0,0.0,0.0,0.0,0.0,0.0,1000000.0,0.0,1000000.0,0.0,0.0
2022-05-30,316.27,308.07,[],0,0,0,0.0,0.0,0.0,0.0,0.0,0.0,0.0,1000000.0,0.0,1000000.0,0.0,0.0
2022-05-31,328.67,316.27,[],0,0,0,0.0,0.0,0.0,0.0,0.0,0.0,0.0,1000000.0,0.0,1000000.0,0.0,0.0
2022-06-01,326.67,328.67,[],0,0,0,0.0,0.0,0.0,0.0,-0.0,0.0,0.0,1000000.0,0.0,1000000.0,0.0,0.0
2022-06-02,325.27,326.67,[],0,0,0,0.0,0.0,0.0,0.0,-0.0,0.0,0.0,1000000.0,0.0,1000000.0,0.0,0.0
2022-06-06,333.87,325.27,[],0,0,0,0.0,0.0,0.0,0.0,0.0,0.0,0.0,1000000.0,0.0,1000000.0,0.0,0.0
2022-06-07,333.87,333.87,[],0,0,0,0.0,0.0,0.0,0.0,0.0,0.0,0.0,1000000.0,0.0,1000000.0,0.0,0.0
2022-06-08,357.67,333.87,[],0,0,0,0.0,0.0,0.0,0.0,0.0,0.0,0.0,1000000.0,0.0,1000000.0,0.0,0.0
2022-06-09,361.07,357.67,[],0,0,0,0.0,0.0,0.0,0.0,0.0,0.0,0.0,1000000.0,0.0,1000000.0,0.0,0.0
2022-06-10,362.67,361.07,[],0,0,0,0.0,0.0,0.0,0.0,0.0,0.0,0.0,1000000.0,0.0,1000000.0,0.0,0.0
2022-06-13,343.27,362.67,[],0,0,0,0.0,0.0,0.0,0.0,-0.0,0.0,0.0,1000000.0,0.0,1000000.0,0.0,0.0
2022-06-14,342.27,343.27,[],0,0,0,0.0,0.0,0.0,0.0,-0.0,0.0,0.0,1000000.0,0.0,1000000.0,0.0,0.0
2022-06-15,346.07,342.27,[],0,0,0,0.0,0.0,0.0,0.0,0.0,0.0,0.0,1000000.0,0.0,1000000.0,0.0,0.0
2022-06-16,333.87,346.07,[],0,0,0,0.0,0.0,0.0,0.0,-0.0,0.0,0.0,1000000.0,0.0,1000000.0,0.0,0.0
2022-06-17,335.67,333.87,[],0,0,0,0.0,0.0,0.0,0.0,0.0,0.0,0.0,1000000.0,0.0,1000000.0,0.0,0.0
2022-06-20,337.07,335.67,[],0,0,0,0.0,0.0,0.0,0.0,0.0,0.0,0.0,1000000.0,0.0,1000000.0,0.0,0.0
2022-06-21,347.27,337.07,[],0,0,0,0.0,0.0,0.0,0.0,0.0,0.0,0.0,1000000.0,0.0,1000000.0,0.0,0.0
2022-06-22,336.27,347.27,[],0,0,0,0.0,0.0,0.0,0.0,-0.0,0.0,0.0,1000000.0,0.0,1000000.0,0.0,0.0
2022-06-23,341.27,336.27,[],0,0,0,0.0,0.0,0.0,0.0,0.0,0.0,0.0,1000000.0,0.0,1000000.0,0.0,0.0
2022-06-24,350.47,341.27,[],0,0,0,0.0,0.0,0.0,0.0,0.0,0.0,0.0,1000000.0,0.0,1000000.0,0.0,0.0
2022-06-27,344.47,350.47,[],0,0,0,0.0,0.0,0.0,0.0,-0.0,0.0,0.0,1000000.0,0.0,1000000.0,0.0,0.0
2022-06-28,332.07,344.47,[],0,0,0,0.0,0.0,0.0,0.0,-0.0,0.0,0.0,1000000.0,0.0,1000000.0,0.0,0.0
2022-06-29,331.27,332.07,[],0,0,0,0.0,0.0,0.0,0.0,-0.0,0.0,0.0,1000000.0,0.0,1000000.0,0.0,0.0
2022-06-30,320.67,331.27,[],0,0,0,0.0,0.0,0.0,0.0,-0.0,0.0,0.0,1000000.0,0.0,1000000.0,0.0,0.0
2022-07-04,313.27,320.67,[],0,0,0,0.0,0.0,0.0,0.0,-0.0,0.0,0.0,1000000.0,0.0,1000000.0,0.0,0.0
2022-07-05,315.07,313.27,[],0,0,0,0.0,0.0,0.0,0.0,0.0,0.0,0.0,1000000.0,0.0,1000000.0,0.0,0.0
2022-07-06,313.87,315.07,[],0,0,0,0.0,0.0,0.0,0.0,-0.0,0.0,0.0,1000000.0,0.0,1000000.0,0.0,0.0
2022-07-07,317.87,313.87,[],0,0,0,0.0,0.0,0.0,0.0,0.0,0.0,0.0,1000000.0,0.0,1000000.0,0.0,0.0
2022-07-08,318.87,317.87,[],0,0,0,0.0,0.0,0.0,0.0,0.0,0.0,0.0,1000000.0,0.0,1000000.0,0.0,0.0
2022-07-11,308.67,318.87,[],0,0,0,0.0,0.0,0.0,0.0,-0.0,0.0,0.0,1000000.0,0.0,1000000.0,0.0,0.0
2022-07-12,304.07,308.67,[],0,0,0,0.0,0.0,0.0,0.0,-0.0,0.0,0.0,1000000.0,0.0,1000000.0,0.0,0.0
2022-07-13,301.67,304.07,[],0,0,0,0.0,0.0,0.0,0.0,-0.0,0.0,0.0,1000000.0,0.0,1000000.0,0.0,0.0
2022-07-14,301.27,301.67,[],0,0,0,0.0,0.0,0.0,0.0,-0.0,0.0,0.0,1000000.0,0.0,1000000.0,0.0,0.0
2022-07-15,291.27,301.27,[],0,0,0,0.0,0.0,0.0,0.0,-0.0,0.0,0.0,1000000.0,0.0,1000000.0,0.0,0.0
2022-07-18,298.87,291.27,[],0,0,0,0.0,0.0,0.0,0.0,0.0,0.0,0.0,1000000.0,0.0,1000000.0,0.0,0.0
2022-07-19,299.47,298.87,[],0,0,0,0.0,0.0,0.0,0.0,0.0,0.0,0.0,1000000.0,0.0,1000000.0,0.0,0.0
2022-07-20,304.87,299.47,[],0,0,0,0.0,0.0,0.0,0.0,0.0,0.0,0.0,1000000.0,0.0,1000000.0,0.0,0.0
2022-07-21,300.27,304.87,[],0,0,0,0.0,0.0,0.0,0.0,-0.0,0.0,0.0,1000000.0,0.0,1000000.0,0.0,0.0
2022-07-22,298.27,300.27,[],0,0,0,0.0,0.0,0.0,0.0,-0.0,0.0,0.0,1000000.0,0.0,1000000.0,0.0,0.0
2022-07-25,292.67,298.27,[],0,0,0,0.0,0.0,0.0,0.0,-0.0,0.0,0.0,1000000.0,0.0,1000000.0,0.0,0.0
2022-07-26,295.67,292.67,[],0,0,0,0.0,0.0,0.0,0.0,0.0,0.0,0.0,1000000.0,0.0,1000000.0,0.0,0.0
2022-07-27,286.47,295.67,[],0,0,0,0.0,0.0,0.0,0.0,-0.0,0.0,0.0,1000000.0,0.0,1000000.0,0.0,0.0
2022-07-28,287.07,286.47,[],0,0,0,0.0,0.0,0.0,0.0,0.0,0.0,0.0,1000000.0,0.0,1000000.0,0.0,0.0
2022-07-29,273.07,287.07,[],0,0,0,0.0,0.0,0.0,0.0,-0.0,0.0,0.0,1000000.0,0.0,1000000.0,0.0,0.0
2022-08-01,265.87,273.07,[],0,0,0,0.0,0.0,0.0,0.0,-0.0,0.0,0.0,1000000.0,0.0,1000000.0,0.0,0.0
2022-08-02,261.27,265.87,[],0,0,0,0.0,0.0,0.0,0.0,-0.0,0.0,0.0,1000000.0,0.0,1000000.0,0.0,0.0
2022-08-03,268.87,261.27,[],0,0,0,0.0,0.0,0.0,0.0,0.0,0.0,0.0,1000000.0,0.0,1000000.0,0.0,0.0
2022-08-04,278.27,268.87,[],0,0,0,0.0,0.0,0.0,0.0,0.0,0.0,0.0,1000000.0,0.0,1000000.0,0.0,0.0
2022-08-05,273.87,278.27,[],0,0,0,0.0,0.0,0.0,0.0,-0.0,0.0,0.0,1000000.0,0.0,1000000.0,0.0,0.0
2022-08-08,265.67,273.87,[],0,0,0,0.0,0.0,0.0,0.0,-0.0,0.0,0.0,1000000.0,0.0,1000000.0,0.0,0.0
2022-08-09,264.27,265.67,[],0,0,0,0.0,0.0,0.0,0.0,-0.0,0.0,0.0,1000000.0,0.0,1000000.0,0.0,0.0
2022-08-10,261.87,264.27,[],0,0,0,0.0,0.0,0.0,0.0,-0.0,0.0,0.0,1000000.0,0.0,1000000.0,0.0,0.0
2022-08-11,269.87,261.87,[],0,0,0,0.0,0.0,0.0,0.0,0.0,0.0,0.0,1000000.0,0.0,1000000.0,0.0,0.0
2022-08-12,270.47,269.87,[],0,0,0,0.0,0.0,0.0,0.0,0.0,0.0,0.0,1000000.0,0.0,1000000.0,0.0,0.0
2022-08-15,266.67,270.47,[],0,0,0,0.0,0.0,0.0,0.0,-0.0,0.0,0.0,1000000.0,0.0,1000000.0,0.0,0.0
2022-08-16,269.27,266.67,[],0,0,0,0.0,0.0,0.0,0.0,0.0,0.0,0.0,1000000.0,0.0,1000000.0,0.0,0.0
2022-08-17,269.47,269.27,[],0,0,0,0.0,0.0,0.0,0.0,0.0,0.0,0.0,1000000.0,0.0,1000000.0,0.0,0.0
2022-08-18,278.87,269.47,[],0,0,0,0.0,0.0,0.0,0.0,0.0,0.0,0.0,1000000.0,0.0,1000000.0,0.0,0.0
2022-08-19,281.27,278.87,[],0,0,0,0.0,0.0,0.0,0.0,0.0,0.0,0.0,1000000.0,0.0,1000000.0,0.0,0.0
2022-08-22,276.87,281.27,[],0,0,0,0.0,0.0,0.0,0.0,-0.0,0.0,0.0,1000000.0,0.0,1000000.0,0.0,0.0
2022-08-23,279.07,276.87,[],0,0,0,0.0,0.0,0.0,0.0,0.0,0.0,0.0,1000000.0,0.0,1000000.0,0.0,0.0
2022-08-24,276.27,279.07,[],0,0,0,0.0,0.0,0.0,0.0,-0.0,0.0,0.0,1000000.0,0.0,1000000.0,0.0,0.0
2022-08-25,291.27,276.27,[],0,0,0,0.0,0.0,0.0,0.0,0.0,0.0,0.0,1000000.0,0.0,1000000.0,0.0,0.0
2022-08-26,290.47,291.27,[],0,0,0,0.0,0.0,0.0,0.0,-0.0,0.0,0.0,1000000.0,0.0,1000000.0,0.0,0.0
2022-08-29,289.27,290.47,[],0,0,0,0.0,0.0,0.0,0.0,-0.0,0.0,0.0,1000000.0,0.0,1000000.0,0.0,0.0
2022-08-30,289.87,289.27,[],0,0,0,0.0,0.0,0.0,0.0,0.0,0.0,0.0,1000000.0,0.0,1000000.0,0.0,0.0
2022-08-31,293.47,289.87,[],0,0,0,0.0,0.0,0.0,0.0,0.0,0.0,0.0,1000000.0,0.0,1000000.0,0.0,0.0
2022-09-01,290.87,293.47,[],0,0,0,0.0,0.0,0.0,0.0,-0.0,0.0,0.0,1000000.0,0.0,1000000.0,0.0,0.0
2022-09-02,294.87,290.87,[],0,0,0,0.0,0.0,0.0,0.0,0.0,0.0,0.0,1000000.0,0.0,1000000.0,0.0,0.0
2022-09-05,285.27,294.87,[],0,0,0,0.0,0.0,0.0,0.0,-0.0,0.0,0.0,1000000.0,0.0,1000000.0,0.0,0.0
2022-09-06,280.47,285.27,[],0,0,0,0.0,0.0,0.0,0.0,-0.0,0.0,0.0,1000000.0,0.0,1000000.0,0.0,0.0
2022-09-07,277.87,280.47,[],0,0,0,0.0,0.0,0.0,0.0,-0.0,0.0,0.0,1000000.0,0.0,1000000.0,0.0,0.0
2022-09-08,268.07,277.87,[],0,0,0,0.0,0.0,0.0,0.0,-0.0,0.0,0.0,1000000.0,0.0,1000000.0,0.0,0.0
2022-09-09,273.27,268.07,[],0,0,0,0.0,0.0,0.0,0.0,0.0,0.0,0.0,1000000.0,0.0,1000000.0,0.0,0.0
2022-09-13,271.07,273.27,[],0,0,0,0.0,0.0,0.0,0.0,-0.0,0.0,0.0,1000000.0,0.0,1000000.0,0.0,0.0
2022-09-14,265.87,271.07,[],0,0,0,0.0,0.0,0.0,0.0,-0.0,0.0,0.0,1000000.0,0.0,1000000.0,0.0,0.0
2022-09-15,266.27,265.87,[],0,0,0,0.0,0.0,0.0,0.0,0.0,0.0,0.0,1000000.0,0.0,1000000.0,0.0,0.0
2022-09-16,259.47,266.27,[],0,0,0,0.0,0.0,0.0,0.0,-0.0,0.0,0.0,1000000.0,0.0,1000000.0,0.0,0.0
2022-09-19,255.27,259.47,[],0,0,0,0.0,0.0,0.0,0.0,-0.0,0.0,0.0,1000000.0,0.0,1000000.0,0.0,0.0
2022-09-20,259.67,255.27,[],0,0,0,0.0,0.0,0.0,0.0,0.0,0.0,0.0,1000000.0,0.0,1000000.0,0.0,0.0
2022-09-21,252.27,259.67,[],0,0,0,0.0,0.0,0.0,0.0,-0.0,0.0,0.0,1000000.0,0.0,1000000.0,0.0,0.0
2022-09-22,249.27,252.27,[],0,0,0,0.0,0.0,0.0,0.0,-0.0,0.0,0.0,1000000.0,0.0,1000000.0,0.0,0.0
2022-09-23,241.27,249.27,[],0,0,0,0.0,0.0,0.0,0.0,-0.0,0.0,0.0,1000000.0,0.0,1000000.0,0.0,0.0
2022-09-26,249.47,241.27,[],0,0,0,0.0,0.0,0.0,0.0,0.0,0.0,0.0,1000000.0,0.0,1000000.0,0.0,0.0
2022-09-27,247.07,249.47,[],0,0,0,0.0,0.0,0.0,0.0,-0.0,0.0,0.0,1000000.0,0.0,1000000.0,0.0,0.0
2022-09-28,240.27,247.07,[],0,0,0,0.0,0.0,0.0,0.0,-0.0,0.0,0.0,1000000.0,0.0,1000000.0,0.0,0.0
2022-09-29,236.87,240.27,[],0,0,0,0.0,0.0,0.0,0.0,-0.0,0.0,0.0,1000000.0,0.0,1000000.0,0.0,0.0
2022-09-30,232.67,236.87,[],0,0,0,0.0,0.0,0.0,0.0,-0.0,0.0,0.0,1000000.0,0.0,1000000.0,0.0,0.0
2022-10-03,230.07,232.67,[],0,0,0,0.0,0.0,0.0,0.0,-0.0,0.0,0.0,1000000.0,0.0,1000000.0,0.0,0.0
2022-10-05,245.27,230.07,[],0,0,0,0.0,0.0,0.0,0.0,0.0,0.0,0.0,1000000.0,0.0,1000000.0,0.0,0.0
2022-10-06,244.07,245.27,[],0,0,0,0.0,0.0,0.0,0.0,-0.0,0.0,0.0,1000000.0,0.0,1000000.0,0.0,0.0
2022-10-07,236.87,244.07,[],0,0,0,0.0,0.0,0.0,0.0,-0.0,0.0,0.0,1000000.0,0.0,1000000.0,0.0,0.0
2022-10-10,230.07,236.87,[],0,0,0,0.0,0.0,0.0,0.0,-0.0,0.0,0.0,1000000.0,0.0,1000000.0,0.0,0.0
2022-10-11,220.87,230.07,[],0,0,0,0.0,0.0,0.0,0.0,-0.0,0.0,0.0,1000000.0,0.0,1000000.0,0.0,0.0
2022-10-12,219.87,220.87,[],0,0,0,0.0,0.0,0.0,0.0,-0.0,0.0,0.0,1000000.0,0.0,1000000.0,0.0,0.0
2022-10-13,212.47,219.87,[],0,0,0,0.0,0.0,0.0,0.0,-0.0,0.0,0.0,1000000.0,0.0,1000000.0,0.0,0.0
2022-10-14,215.47,212.47,[],0,0,0,0.0,0.0,0.0,0.0,0.0,0.0,0.0,1000000.0,0.0,1000000.0,0.0,0.0
2022-10-17,213.47,215.47,[],0,0,0,0.0,0.0,0.0,0.0,-0.0,0.0,0.0,1000000.0,0.0,1000000.0,0.0,0.0
2022-10-18,220.67,213.47,[],0,0,0,0.0,0.0,0.0,0.0,0.0,0.0,0.0,1000000.0,0.0,1000000.0,0.0,0.0
2022-10-19,210.27,220.67,[],0,0,0,0.0,0.0,0.0,0.0,-0.0,0.0,0.0,1000000.0,0.0,1000000.0,0.0,0.0
2022-10-20,198.67,210.27,[],0,0,0,0.0,0.0,0.0,0.0,-0.0,0.0,0.0,1000000.0,0.0,1000000.0,0.0,0.0
2022-10-21,199.07,198.67,[],0,0,0,0.0,0.0,0.0,0.0,0.0,0.0,0.0,1000000.0,0.0,1000000.0,0.0,0.0
2022-10-24,172.47,199.07,[],0,0,0,0.0,0.0,0.0,0.0,-0.0,0.0,0.0,1000000.0,0.0,1000000.0,0.0,0.0
2022-10-25,172.67,172.47,[],0,0,0,0.0,0.0,0.0,0.0,0.0,0.0,0.0,1000000.0,0.0,1000000.0,0.0,0.0
2022-10-26,177.87,172.67,"[TradeData(gateway_name='BACKTESTING', extra=None, symbol='00700', exchange=<Exchange.SEHK: 'SEHK'>, orderid='1', tradeid='1', direction=<Direction.LONG: 'Long'>, offset=<Offset.OPEN: 'Open'>, price=171.07, volume=100, datetime=datetime.datetime(2022, 10, 26, 0, 0, tzinfo=zoneinfo.ZoneInfo(key='Asia/Shanghai')))]",1,0,100,17107.0,25.6605,5.0,680.0000000000011,0.0,680.0000000000011,649.3395000000012,1000649.3395,0.0006491287703253488,1000649.3395,0.0,0.0
2022-10-27,179.47,177.87,[],0,100,100,0.0,0.0,0.0,0.0,159.99999999999943,159.99999999999943,159.99999999999943,1000809.3395,0.00015988339106828915,1000809.3395,0.0,0.0
2022-10-28,167.07,179.47,[],0,100,100,0.0,0.0,0.0,0.0,-1240.0000000000005,-1240.0000000000005,-1240.0000000000005,999569.3395,-0.001239765422260004,1000809.3395,-1240.0,-0.1238997230600884
2022-10-31,171.87,167.07,[],0,100,100,0.0,0.0,0.0,0.0,480.00000000000114,480.00000000000114,480.00000000000114,1000049.3395,0.00048009154371323316,1000809.3395,-760.0,-0.07593853994005419
2022-11-01,193.67,171.87,[],0,100,100,0.0,0.0,0.0,0.0,2179.999999999998,2179.999999999998,2179.999999999998,1002229.3395,0.002177519926924635,1002229.3395,0.0,0.0
2022-11-02,196.87,193.67,[],0,100,100,0.0,0.0,0.0,0.0,320.0000000000017,320.0000000000017,320.0000000000017,1002549.3395,0.0003192372365785084,1002549.3395,0.0,0.0
2022-11-03,187.67,196.87,[],0,100,100,0.0,0.0,0.0,0.0,-920.0000000000017,-920.0000000000017,-920.0000000000017,1001629.3395,-0.0009180818798845034,1002549.3395,-920.0,-0.09176605716570821
2022-11-04,204.87,187.67,[],0,100,100,0.0,0.0,0.0,0.0,1720.0000000000018,1720.0000000000018,1720.0000000000018,1003349.3395,0.001715729388994963,1003349.3395,0.0,0.0
2022-11-07,211.67,204.87,[],0,100,100,0.0,0.0,0.0,0.0,679.9999999999983,679.9999999999983,679.9999999999983,1004029.3395,0.0006775004966668547,1004029.3395,0.0,0.0
2022-11-08,212.07,211.67,[],0,100,100,0.0,0.0,0.0,0.0,40.00000000000057,40.00000000000057,40.00000000000057,1004069.3395,3.983867966608757e-05,1004069.3395,0.0,0.0
2022-11-09,203.07,212.07,[],0,100,100,0.0,0.0,0.0,0.0,-900.0,-900.0,-900.0,1003169.3395,-0.0008967544016847956,1004069.3395,-900.0,-0.0896352437619673
2022-11-10,197.67,203.07,[],0,100,100,0.0,0.0,0.0,0.0,-540.0000000000006,-540.0000000000006,-540.0000000000006,1002629.3395,-0.0005384388958870822,1004069.3395,-1440.0,-0.14341639001914766
2022-11-11,224.67,197.67,[],0,100,100,0.0,0.0,0.0,0.0,2700.0,2700.0,2700.0,1005329.3395,0.0026892999895990637,1005329.3395,0.0,0.0
2022-11-14,226.87,224.67,[],0,100,100,0.0,0.0,0.0,0.0,220.0000000000017,220.0000000000017,220.0000000000017,1005549.3395,0.00021880981998095148,1005549.3395,0.0,0.0
2022-11-15,254.27,226.87,[],0,100,100,0.0,0.0,0.0,0.0,2740.0000000000005,2740.0000000000005,2740.0000000000005,1008289.3395,0.002721172971132884,1008289.3395,0.0,0.0
2022-11-16,260.67,254.27,[],0,100,100,0.0,0.0,0.0,0.0,640.0000000000006,640.0000000000006,640.0000000000006,1008929.3395,0.0006345370763583182,1008929.3395,0.0,0.0
2022-11-17,258.27,260.67,[],0,100,100,0.0,0.0,0.0,0.0,-240.0000000000034,-240.0000000000034,-240.0000000000034,1008689.3395,-0.00023790422207122978,1008929.3395,-240.0,-0.023787592510585327
2022-11-18,254.07,258.27,[],0,100,100,0.0,0.0,0.0,0.0,-419.99999999999886,-419.99999999999886,-419.99999999999886,1008269.3395,-0.00041646862718959873,1008929.3395,-660.0,-0.06541587940410964
2022-11-21,249.47,254.07,[],0,100,100,0.0,0.0,0.0,0.0,-459.99999999999943,-459.99999999999943,-459.99999999999943,1007809.3395,-0.00045633140489399364,1008929.3395,-1120.0,-0.11100876504939819
2022-11-22,243.67,249.47,[],0,100,100,0.0,0.0,0.0,0.0,-580.0000000000011,-580.0000000000011,-580.0000000000011,1007229.3395,-0.0005756713477136746,1008929.3395,-1700.0,-0.1684954469499794
2022-11-23,248.27,243.67,[],0,100,100,0.0,0.0,0.0,0.0,460.0000000000023,460.0000000000023,460.0000000000023,1007689.3395,0.0004565941174559527,1008929.3395,-1240.0,-0.12290256130469085
2022-11-24,246.67,248.27,[],0,100,100,0.0,0.0,0.0,0.0,-160.00000000000227,-160.00000000000227,-160.00000000000227,1007529.3395,-0.00015879170037824371,1008929.3395,-1400.0,-0.13876095631174773
2022-11-25,239.27,246.67,[],0,100,100,0.0,0.0,0.0,0.0,-739.9999999999977,-739.9999999999977,-739.9999999999977,1006789.3395,-0.0007347397817486198,1008929.3395,-2140.0,-0.21210603321938581
2022-11-28,236.27,239.27,[],0,100,100,0.0,0.0,0.0,0.0,-300.0,-300.0,-300.0,1006489.3395,-0.00029802133738324557,1008929.3395,-2440.0,-0.24184052385761745
2022-11-29,252.07,236.27,[],0,100,100,0.0,0.0,0.0,0.0,1579.9999999999982,1579.9999999999982,1579.9999999999982,1008069.3395,0.00156858208244736,1008929.3395,-860.0,-0.08523887316293076
2022-11-30,253.47,252.07,[],0,100,100,0.0,0.0,0.0,0.0,140.00000000000057,140.00000000000057,140.00000000000057,1008209.3395,0.0001388696926502629,1008929.3395,-720.0,-0.07136277753175599
2022-12-01,260.67,253.47,[],0,100,100,0.0,0.0,0.0,0.0,720.0000000000017,720.0000000000017,720.0000000000017,1008929.3395,0.0007138825288250638,1008929.3395,0.0,0.0
2022-12-02,262.27,260.67,[],0,100,100,0.0,0.0,0.0,0.0,159.9999999999966,159.9999999999966,159.9999999999966,1009089.3395,0.00015857137696525744,1009089.3395,0.0,0.0
2022-12-05,280.27,262.27,[],0,100,100,0.0,0.0,0.0,0.0,1800.0,1800.0,1800.0,1010889.3395,0.0017821975005451888,1010889.3395,0.0,0.0
2022-12-06,278.07,280.27,"[TradeData(gateway_name='BACKTESTING', extra=None, symbol='00700', exchange=<Exchange.SEHK: 'SEHK'>, orderid='2', tradeid='2', direction=<Direction.SHORT: 'Short'>, offset=<Offset.CLOSE: 'Close'>, price=277.47, volume=100, datetime=datetime.datetime(2022, 12, 6, 0, 0, tzinfo=zoneinfo.ZoneInfo(key='Asia/Shanghai')))]",1,100,0,27747.000000000004,41.62050000000001,5.0,-59.99999999999659,-219.99999999999886,-279.99999999999545,-326.62049999999545,1010562.719,-0.00032315433993985847,1010889.3395,-326.6204999999609,-0.03231021312001489
2022-12-07,266.47,278.07,[],0,0,0,0.0,0.0,0.0,0.0,-0.0,0.0,0.0,1010562.719,0.0,1010889.3395,-326.6204999999609,-0.03231021312001489
2022-12-08,283.67,266.47,[],0,0,0,0.0,0.0,0.0,0.0,0.0,0.0,0.0,1010562.719,0.0,1010889.3395,-326.6204999999609,-0.03231021312001489
2022-12-09,291.87,283.67,[],0,0,0,0.0,0.0,0.0,0.0,0.0,0.0,0.0,1010562.719,0.0,1010889.3395,-326.6204999999609,-0.03231021312001489
2022-12-12,283.87,291.87,[],0,0,0,0.0,0.0,0.0,0.0,-0.0,0.0,0.0,1010562.719,0.0,1010889.3395,-326.6204999999609,-0.03231021312001489
2022-12-13,284.67,283.87,[],0,0,0,0.0,0.0,0.0,0.0,0.0,0.0,0.0,1010562.719,0.0,1010889.3395,-326.6204999999609,-0.03231021312001489
2022-12-14,291.27,284.67,[],0,0,0,0.0,0.0,0.0,0.0,0.0,0.0,0.0,1010562.719,0.0,1010889.3395,-326.6204999999609,-0.03231021312001489
2022-12-15,283.87,291.27,[],0,0,0,0.0,0.0,0.0,0.0,-0.0,0.0,0.0,1010562.719,0.0,1010889.3395,-326.6204999999609,-0.03231021312001489
2022-12-16,283.07,283.87,[],0,0,0,0.0,0.0,0.0,0.0,-0.0,0.0,0.0,1010562.719,0.0,1010889.3395,-326.6204999999609,-0.03231021312001489
2022-12-19,286.67,283.07,[],0,0,0,0.0,0.0,0.0,0.0,0.0,0.0,0.0,1010562.719,0.0,1010889.3395,-326.6204999999609,-0.03231021312001489
2022-12-20,275.67,286.67,[],0,0,0,0.0,0.0,0.0,0.0,-0.0,0.0,0.0,1010562.719,0.0,1010889.3395,-326.6204999999609,-0.03231021312001489
2022-12-21,277.27,275.67,[],0,0,0,0.0,0.0,0.0,0.0,0.0,0.0,0.0,1010562.719,0.0,1010889.3395,-326.6204999999609,-0.03231021312001489
2022-12-22,290.07,277.27,[],0,0,0,0.0,0.0,0.0,0.0,0.0,0.0,0.0,1010562.719,0.0,1010889.3395,-326.6204999999609,-0.03231021312001489
2022-12-23,286.47,290.07,[],0,0,0,0.0,0.0,0.0,0.0,-0.0,0.0,0.0,1010562.719,0.0,1010889.3395,-326.6204999999609,-0.03231021312001489
2022-12-28,292.47,286.47,[],0,0,0,0.0,0.0,0.0,0.0,0.0,0.0,0.0,1010562.719,0.0,1010889.3395,-326.6204999999609,-0.03231021312001489
2022-12-29,301.47,292.47,[],0,0,0,0.0,0.0,0.0,0.0,0.0,0.0,0.0,1010562.719,0.0,1010889.3395,-326.6204999999609,-0.03231021312001489
2022-12-30,300.27,301.47,[],0,0,0,0.0,0.0,0.0,0.0,-0.0,0.0,0.0,1010562.719,0.0,1010889.3395,-326.6204999999609,-0.03231021312001489
2023-01-03,311.47,300.27,[],0,0,0,0.0,0.0,0.0,0.0,0.0,0.0,0.0,1010562.719,0.0,1010889.3395,-326.6204999999609,-0.03231021312001489
2023-01-04,327.27,311.47,[],0,0,0,0.0,0.0,0.0,0.0,0.0,0.0,0.0,1010562.719,0.0,1010889.3395,-326.6204999999609,-0.03231021312001489
2023-01-05,332.2,327.27,"[TradeData(gateway_name='BACKTESTING', extra=None, symbol='00700', exchange=<Exchange.SEHK: 'SEHK'>, orderid='3', tradeid='3', direction=<Direction.SHORT: 'Short'>, offset=<Offset.OPEN: 'Open'>, price=342.4, volume=100, datetime=datetime.datetime(2023, 1, 5, 0, 0, tzinfo=zoneinfo.ZoneInfo(key='Asia/Shanghai')))]",1,0,-100,34240.0,51.36,5.0,1019.9999999999989,0.0,1019.9999999999989,963.6399999999988,1011526.359,0.0009531133751067458,1011526.359,0.0,0.0
2023-01-06,333.8,332.2,[],0,-100,-100,0.0,0.0,0.0,0.0,-160.00000000000227,-160.00000000000227,-160.00000000000227,1011366.359,-0.00015818930871608922,1011526.359,-160.0,-0.01581767974471538
2023-01-09,346.4,333.8,[],0,-100,-100,0.0,0.0,0.0,0.0,-1259.9999999999966,-1259.9999999999966,-1259.9999999999966,1010106.359,-0.0012466160457727917,1011526.359,-1420.0,-0.140381907734349
2023-01-10,346.8,346.4,[],0,-100,-100,0.0,0.0,0.0,0.0,-40.00000000000341,-40.00000000000341,-40.00000000000341,1010066.359,-3.960057439527598e-05,1011526.359,-1460.0,-0.14433632767052784
2023-01-11,358.2,346.8,[],0,-100,-100,0.0,0.0,0.0,0.0,-1139.9999999999977,-1139.9999999999977,-1139.9999999999977,1008926.359,-0.0011292761098013423,1011526.359,-2600.0,-0.25703729585162494
2023-01-12,348.4,358.2,[],0,-100,-100,0.0,0.0,0.0,0.0,980.0000000000011,980.0000000000011,980.0000000000011,1009906.359,0.0009708581283021137,1011526.359,-1620.0,-0.16015400741524322
2023-01-13,355.8,348.4,[],0,-100,-100,0.0,0.0,0.0,0.0,-740.0000000000034,-740.0000000000034,-740.0000000000034,1009166.359,-0.0007330097886387461,1011526.359,-2360.0,-0.23331077623455188
2023-01-16,354.6,355.8,[],0,-100,-100,0.0,0.0,0.0,0.0,119.99999999999886,119.99999999999886,119.99999999999886,1009286.359,0.00011890295875781847,1011526.359,-2240.0,-0.22144751642601532
2023-01-17,358.2,354.6,[],0,-100,-100,0.0,0.0,0.0,0.0,-359.9999999999966,-359.9999999999966,-359.9999999999966,1008926.359,-0.0003567512984209757,1011526.359,-2600.0,-0.25703729585162494
2023-01-18,364.4,358.2,[],0,-100,-100,0.0,0.0,0.0,0.0,-619.9999999999989,-619.9999999999989,-619.9999999999989,1008306.359,-0.0006147035133730561,1011526.359,-3220.0,-0.31833080486239707
2023-01-19,367.2,364.4,[],0,-100,-100,0.0,0.0,0.0,0.0,-280.00000000000114,-280.00000000000114,-280.00000000000114,1008026.359,-0.0002777319430470834,1011526.359,-3500.0,-0.34601174441564897
2023-01-20,376.2,367.2,[],0,-100,-100,0.0,0.0,0.0,0.0,-900.0,-900.0,-900.0,1007126.359,-0.0008932326089241706,1011526.359,-4400.0,-0.434986192979673
2023-01-26,391.2,376.2,[],0,-100,-100,0.0,0.0,0.0,0.0,-1500.0,-1500.0,-1500.0,1005626.359,-0.0014904963379584134,1011526.359,-5900.0,-0.5832769405863797
2023-01-27,399.4,391.2,[],0,-100,-100,0.0,0.0,0.0,0.0,-819.9999999999989,-819.9999999999989,-819.9999999999989,1004806.359,-0.0008157448275986091,1011526.359,-6720.0,-0.664342549278046
2023-01-30,371.6,399.4,[],0,-100,-100,0.0,0.0,0.0,0.0,2779.9999999999955,2779.9999999999955,2779.9999999999955,1007586.359,0.002762881959932841,1011526.359,-3940.0,-0.3895103637136163
2023-01-31,366.6,371.6,[],0,-100,-100,0.0,0.0,0.0,0.0,500.0,500.0,500.0,1008086.359,0.0004961122961980102,1011526.359,-3440.0,-0.3400801145113807
2023-02-01,369.4,366.6,[],0,-100,-100,0.0,0.0,0.0,0.0,-279.99999999999545,-279.99999999999545,-279.99999999999545,1007806.359,-0.0002777925623724207,1011526.359,-3720.0,-0.3677610540646326
2023-02-02,367.4,369.4,[],0,-100,-100,0.0,0.0,0.0,0.0,200.0,200.0,200.0,1008006.359,0.00019843113288286725,1011526.359,-3520.0,-0.3479889543837384
2023-02-03,369.4,367.4,[],0,-100,-100,0.0,0.0,0.0,0.0,-200.0,-200.0,-200.0,1007806.359,-0.00019843113288294255,1011526.359,-3720.0,-0.3677610540646326
2023-02-06,361.2,369.4,[],0,-100,-100,0.0,0.0,0.0,0.0,819.9999999999989,819.9999999999989,819.9999999999989,1008626.359,0.0008133175363420111,1011526.359,-2900.0,-0.2866954453729663
2023-02-07,364.4,361.2,[],0,-100,-100,0.0,0.0,0.0,0.0,-319.99999999999886,-319.99999999999886,-319.99999999999886,1008306.359,-0.00031731351257197147,1011526.359,-3220.0,-0.31833080486239707
2023-02-08,366.6,364.4,[],0,-100,-100,0.0,0.0,0.0,0.0,-220.00000000000455,-220.00000000000455,-220.00000000000455,1008086.359,-0.00021821146139744174,1011526.359,-3440.0,-0.3400801145113807
2023-02-09,380.0,366.6,[],0,-100,-100,0.0,0.0,0.0,0.0,-1339.9999999999977,-1339.9999999999977,-1339.9999999999977,1006746.359,-0.001330135435657981,1011526.359,-4780.0,-0.472553182373372
2023-02-10,367.8,380.0,[],0,-100,-100,0.0,0.0,0.0,0.0,1219.9999999999989,1219.9999999999989,1219.9999999999989,1007966.359,0.0012110909294598333,1011526.359,-3560.0,-0.35194337431991723
2023-02-13,371.0,367.8,[],0,-100,-100,0.0,0.0,0.0,0.0,-319.99999999999886,-319.99999999999886,-319.99999999999886,1007646.359,-0.00031752131729552576,1011526.359,-3880.0,-0.383578733809348
2023-02-14,363.0,371.0,[],0,-100,-100,0.0,0.0,0.0,0.0,800.0,800.0,800.0,1008446.359,0.0007936143361321946,1011526.359,-3080.0,-0.30449033508577106
2023-02-15,361.4,363.0,[],0,-100,-100,0.0,0.0,0.0,0.0,160.00000000000227,160.00000000000227,160.00000000000227,1008606.359,0.0001586473163618507,1011526.359,-2920.0,-0.2886726553410557
2023-02-16,367.0,361.4,[],0,-100,-100,0.0,0.0,0.0,0.0,-560.0000000000023,-560.0000000000023,-560.0000000000023,1008046.359,-0.0005553757564657108,1011526.359,-3480.0,-0.34403453444755955
2023-02-17,358.2,367.0,[],0,-100,-100,0.0,0.0,0.0,0.0,880.0000000000011,880.0000000000011,880.0000000000011,1008926.359,0.0008725949022356344,1011526.359,-2600.0,-0.25703729585162494
2023-02-20,361.4,358.2,[],0,-100,-100,0.0,0.0,0.0,0.0,-319.99999999999886,-319.99999999999886,-319.99999999999886,1008606.359,-0.0003172191457698826,1011526.359,-2920.0,-0.2886726553410557
2023-02-21,346.2,361.4,[],0,-100,-100,0.0,0.0,0.0,0.0,1519.9999999999989,1519.9999999999989,1519.9999999999989,1010126.359,0.0015058955291025586,1011526.359,-1400.0,-0.1384046977662596
2023-02-22,340.4,346.2,[],0,-100,-100,0.0,0.0,0.0,0.0,580.0000000000011,580.0000000000011,580.0000000000011,1010706.359,0.0005740208091047374,1011526.359,-820.0,-0.08106560869166633
2023-02-23,340.4,340.4,[],0,-100,-100,0.0,0.0,0.0,0.0,-0.0,0.0,0.0,1010706.359,0.0,1011526.359,-820.0,-0.08106560869166633
2023-02-24,333.8,340.4,[],0,-100,-100,0.0,0.0,0.0,0.0,659.9999999999966,659.9999999999966,659.9999999999966,1011366.359,0.0006527955375319461,1011526.359,-160.0,-0.01581767974471538
2023-02-27,333.8,333.8,[],0,-100,-100,0.0,0.0,0.0,0.0,-0.0,0.0,0.0,1011366.359,0.0,1011526.359,-160.0,-0.01581767974471538
2023-02-28,328.0,333.8,[],0,-100,-100,0.0,0.0,0.0,0.0,580.0000000000011,580.0000000000011,580.0000000000011,1011946.359,0.0005733172244971622,1011946.359,0.0,0.0
2023-03-01,353.2,328.0,[],0,-100,-100,0.0,0.0,0.0,0.0,-2519.999999999999,-2519.999999999999,-2519.999999999999,1009426.359,-0.0024933564038864767,1011946.359,-2520.0,-0.24902505726590593
2023-03-02,347.2,353.2,[],0,-100,-100,0.0,0.0,0.0,0.0,600.0,600.0,600.0,1010026.359,0.0005942204165583273,1011946.359,-1920.0,-0.18973337696449974
2023-03-03,352.0,347.2,[],0,-100,-100,0.0,0.0,0.0,0.0,-480.00000000000114,-480.00000000000114,-480.00000000000114,1009546.359,-0.00047534808205723633,1011946.359,-2400.0,-0.23716672120562468
2023-03-06,347.4,352.0,[],0,-100,-100,0.0,0.0,0.0,0.0,460.0000000000023,460.0000000000023,460.0000000000023,1010006.359,0.0004555464225866344,1011946.359,-1940.0,-0.19170976630787995
2023-03-07,341.4,347.4,[],0,-100,-100,0.0,0.0,0.0,0.0,600.0,600.0,600.0,1010606.359,0.0005938792845257154,1011946.359,-1340.0,-0.13241808600647378
2023-03-08,334.0,341.4,[],0,-100,-100,0.0,0.0,0.0,0.0,739.9999999999977,739.9999999999977,739.9999999999977,1011346.359,0.0007319657145804078,1011946.359,-600.0,-0.05929168030140617
2023-03-09,324.6,334.0,[],0,-100,-100,0.0,0.0,0.0,0.0,939.9999999999977,939.9999999999977,939.9999999999977,1012286.359,0.0009290224053475812,1012286.359,0.0,0.0
2023-03-10,316.0,324.6,[],0,-100,-100,0.0,0.0,0.0,0.0,860.0000000000023,860.0000000000023,860.0000000000023,1013146.359,0.0008492013030490316,1013146.359,0.0,0.0
2023-03-13,329.2,316.0,[],0,-100,-100,0.0,0.0,0.0,0.0,-1319.9999999999989,-1319.9999999999989,-1319.9999999999989,1011826.359,-0.0013037214528693539,1013146.359,-1320.0,-0.13028719772559533
2023-03-14,326.0,329.2,[],0,-100,-100,0.0,0.0,0.0,0.0,319.99999999999886,319.99999999999886,319.99999999999886,1012146.359,0.00031620979850226357,1013146.359,-1000.0,-0.0987024225193904
2023-03-15,329.0,326.0,[],0,-100,-100,0.0,0.0,0.0,0.0,-300.0,-300.0,-300.0,1011846.359,-0.00029644375647104175,1013146.359,-1300.0,-0.12831314927520754
2023-03-16,320.4,329.0,[],0,-100,-100,0.0,0.0,0.0,0.0,860.0000000000023,860.0000000000023,860.0000000000023,1012706.359,0.0008495704202521465,1013146.359,-440.0,-0.04342906590853178
2023-03-17,323.8,320.4,[],0,-100,-100,0.0,0.0,0.0,0.0,-340.0000000000034,-340.0000000000034,-340.0000000000034,1012366.359,-0.00033579041401582757,1013146.359,-780.0,-0.0769878895651245
2023-03-20,319.2,323.8,[],0,-100,-100,0.0,0.0,0.0,0.0,460.0000000000023,460.0000000000023,460.0000000000023,1012826.359,0.0004542777621333102,1013146.359,-320.0,-0.03158477520620493
2023-03-21,328.0,319.2,[],0,-100,-100,0.0,0.0,0.0,0.0,-880.0000000000011,-880.0000000000011,-880.0000000000011,1011946.359,-0.0008692334182351148,1013146.359,-1200.0,-0.11844290702326847
2023-03-22,331.6,328.0,[],0,-100,-100,0.0,0.0,0.0,0.0,-360.0000000000023,-360.0000000000023,-360.0000000000023,1011586.359,-0.0003558133758804829,1013146.359,-1560.0,-0.153975779130249
2023-03-23,360.0,331.6,[],0,-100,-100,0.0,0.0,0.0,0.0,-2839.9999999999977,-2839.9999999999977,-2839.9999999999977,1008746.359,-0.002811419965958855,1013146.359,-4400.0,-0.4342906590853178
2023-03-24,361.2,360.0,[],0,-100,-100,0.0,0.0,0.0,0.0,-119.99999999999886,-119.99999999999886,-119.99999999999886,1008626.359,-0.00011896661342826914,1013146.359,-4520.0,-0.4461349497876447
2023-03-27,347.2,361.2,[],0,-100,-100,0.0,0.0,0.0,0.0,1400.0,1400.0,1400.0,1010026.359,0.0013870639679394922,1013146.359,-3120.0,-0.307951558260498
2023-03-28,362.6,347.2,[],0,-100,-100,0.0,0.0,0.0,0.0,-1540.0000000000034,-1540.0000000000034,-1540.0000000000034,1008486.359,-0.0015258762405263686,1013146.359,-4660.0,-0.4599532889403593
2023-03-29,369.2,362.6,[],0,-100,-100,0.0,0.0,0.0,0.0,-659.9999999999966,-659.9999999999966,-659.9999999999966,1007826.359,-0.0006546603785018053,1013146.359,-5320.0,-0.5250968878031569
2023-03-30,369.4,369.2,[],0,-100,-100,0.0,0.0,0.0,0.0,-19.999999999998863,-19.999999999998863,-19.999999999998863,1007806.359,-1.9844885253249488e-05,1013146.359,-5340.0,-0.5270709362535447
2023-03-31,370.2,369.4,[],0,-100,-100,0.0,0.0,0.0,0.0,-80.00000000000114,-80.00000000000114,-80.00000000000114,1007726.359,-7.938347944198295e-05,1013146.359,-5420.0,-0.534967130055096
2023-04-03,372.6,370.2,[],0,-100,-100,0.0,0.0,0.0,0.0,-240.0000000000034,-240.0000000000034,-240.0000000000034,1007486.359,-0.000238188255751875,1013146.359,-5660.0,-0.5586557114597497
2023-04-04,369.4,372.6,[],0,-100,-100,0.0,0.0,0.0,0.0,320.00000000000455,320.00000000000455,320.00000000000455,1007806.359,0.0003175717351937369,1013146.359,-5340.0,-0.5270709362535447
2023-04-06,369.8,369.4,[],0,-100,-100,0.0,0.0,0.0,0.0,-40.00000000000341,-40.00000000000341,-40.00000000000341,1007766.359,-3.9690952003890645e-05,1013146.359,-5380.0,-0.5310190331543204
2023-04-11,361.0,369.8,[],0,-100,-100,0.0,0.0,0.0,0.0,880.0000000000011,880.0000000000011,880.0000000000011,1008646.359,0.0008728372401276517,1013146.359,-4500.0,-0.4441609013372568
2023-04-12,341.6,361.0,[],0,-100,-100,0.0,0.0,0.0,0.0,1939.9999999999977,1939.9999999999977,1939.9999999999977,1010586.359,0.001921522546281865,1013146.359,-2560.0,-0.25267820164963944
2023-04-13,347.6,341.6,[],0,-100,-100,0.0,0.0,0.0,0.0,-600.0,-600.0,-600.0,1009986.359,-0.0005938910411789315,1013146.359,-3160.0,-0.31189965516127366
2023-04-14,349.8,347.6,[],0,-100,-100,0.0,0.0,0.0,0.0,-219.99999999999886,-219.99999999999886,-219.99999999999886,1009766.359,-0.00021784845135689688,1013146.359,-3380.0,-0.33361418811553956
2023-04-17,355.4,349.8,[],0,-100,-100,0.0,0.0,0.0,0.0,-559.9999999999966,-559.9999999999966,-559.9999999999966,1009206.359,-0.0005547375745777255,1013146.359,-3940.0,-0.3888875447263982
2023-04-18,349.8,355.4,[],0,-100,-100,0.0,0.0,0.0,0.0,559.9999999999966,559.9999999999966,559.9999999999966,1009766.359,0.0005547375745776403,1013146.359,-3380.0,-0.33361418811553956
2023-04-19,341.6,349.8,[],0,-100,-100,0.0,0.0,0.0,0.0,819.9999999999989,819.9999999999989,819.9999999999989,1010586.359,0.0008117394925357706,1013146.359,-2560.0,-0.25267820164963944
2023-04-20,341.4,341.6,[],0,-100,-100,0.0,0.0,0.0,0.0,20.000000000004547,20.000000000004547,20.000000000004547,1010606.359,1.9790294930773646e-05,1013146.359,-2540.0,-0.2507041531992516
2023-04-21,333.6,341.4,[],0,-100,-100,0.0,0.0,0.0,0.0,779.9999999999955,779.9999999999955,779.9999999999955,1011386.359,0.0007715161699116921,1013146.359,-1760.0,-0.17371626363412712
2023-04-24,329.4,333.6,[],0,-100,-100,0.0,0.0,0.0,0.0,420.00000000000455,420.00000000000455,420.00000000000455,1011806.359,0.00041518536746069375,1013146.359,-1340.0,-0.13226124617598314
2023-04-25,322.8,329.4,[],0,-100,-100,0.0,0.0,0.0,0.0,659.9999999999966,659.9999999999966,659.9999999999966,1012466.359,0.0006520860727096134,1013146.359,-680.0,-0.06711764731318548
2023-04-26,332.6,322.8,[],0,-100,-100,0.0,0.0,0.0,0.0,-980.0000000000011,-980.0000000000011,-980.0000000000011,1011486.359,-0.000968402144844173,1013146.359,-1660.0,-0.16384602138218807
2023-04-27,329.4,332.6,[],0,-100,-100,0.0,0.0,0.0,0.0,320.00000000000455,320.00000000000455,320.00000000000455,1011806.359,0.00031631607213465277,1013146.359,-1340.0,-0.13226124617598314
2023-04-28,328.8,329.4,[],0,-100,-100,0.0,0.0,0.0,0.0,59.99999999999659,59.99999999999659,59.99999999999659,1011866.359,5.929812610903187e-05,1013146.359,-1280.0,-0.12633910082481972
2023-05-02,330.2,328.8,[],0,-100,-100,0.0,0.0,0.0,0.0,-139.99999999999773,-139.99999999999773,-139.99999999999773,1011726.359,-0.00013836776440050735,1013146.359,-1420.0,-0.14015743997753438
2023-05-03,323.8,330.2,[],0,-100,-100,0.0,0.0,0.0,0.0,639.9999999999977,639.9999999999977,639.9999999999977,1012366.359,0.0006323821192942858,1013146.359,-780.0,-0.0769878895651245
2023-05-04,322.2,323.8,[],0,-100,-100,0.0,0.0,0.0,0.0,160.00000000000227,160.00000000000227,160.00000000000227,1012526.359,0.00015803306408358357,1013146.359,-620.0,-0.061195501962022045
2023-05-05,327.2,322.2,[],0,-100,-100,0.0,0.0,0.0,0.0,-500.0,-500.0,-500.0,1012026.359,-0.0004939362711774426,1013146.359,-1120.0,-0.11054671322171725
2023-05-08,325.2,327.2,[],0,-100,-100,0.0,0.0,0.0,0.0,200.0,200.0,200.0,1012226.359,0.00019760378619963233,1013146.359,-920.0,-0.09080622871783917
2023-05-09,312.8,325.2,[],0,-100,-100,0.0,0.0,0.0,0.0,1239.9999999999977,1239.9999999999977,1239.9999999999977,1013466.359,0.0012242727081575493,1013466.359,0.0,0.0
2023-05-10,314.0,312.8,[],0,-100,-100,0.0,0.0,0.0,0.0,-119.99999999999886,-119.99999999999886,-119.99999999999886,1013346.359,-0.00011841251939506497,1013466.359,-120.0,-0.011840550890944766
2023-05-11,310.8,314.0,[],0,-100,-100,0.0,0.0,0.0,0.0,319.99999999999886,319.99999999999886,319.99999999999886,1013666.359,0.0003157355647715516,1013666.359,0.0,0.0
2023-05-12,312.6,310.8,[],0,-100,-100,0.0,0.0,0.0,0.0,-180.00000000000114,-180.00000000000114,-180.00000000000114,1013486.359,-0.00017758898860930448,1013666.359,-180.0,-0.017757322061824485
2023-05-15,325.4,312.6,[],0,-100,-100,0.0,0.0,0.0,0.0,-1279.9999999999955,-1279.9999999999955,-1279.9999999999955,1012206.359,-0.0012637653865107692,1013666.359,-1460.0,-0.14403161227924305
2023-05-16,329.2,325.4,[],0,-100,-100,0.0,0.0,0.0,0.0,-380.00000000000114,-380.00000000000114,-380.00000000000114,1011826.359,-0.00037548800578693885,1013666.359,-1840.0,-0.18151929218753918
2023-05-17,327.2,329.2,[],0,-100,-100,0.0,0.0,0.0,0.0,200.0,200.0,200.0,1012026.359,0.0001976428411733324,1013666.359,-1640.0,-0.16178893434106753
2023-05-18,324.2,327.2,[],0,-100,-100,0.0,0.0,0.0,0.0,300.0,300.0,300.0,1012326.359,0.00029639103850703774,1013666.359,-1340.0,-0.13219339757136006
2023-05-19,320.0,324.2,[],0,-100,-100,0.0,0.0,0.0,0.0,419.99999999999886,419.99999999999886,419.99999999999886,1012746.359,0.0004147999252460723,1013666.359,-920.0,-0.09075964609376959
2023-05-22,327.0,320.0,[],0,-100,-100,0.0,0.0,0.0,0.0,-700.0,-700.0,-700.0,1012046.359,-0.0006914288279138474,1013666.359,-1620.0,-0.15981589855642037
2023-05-23,322.4,327.0,[],0,-100,-100,0.0,0.0,0.0,0.0,460.0000000000023,460.0000000000023,460.0000000000023,1012506.359,0.00045442136806413575,1013666.359,-1160.0,-0.11443607550953556
2023-05-24,319.2,322.4,[],0,-100,-100,0.0,0.0,0.0,0.0,319.99999999999886,319.99999999999886,319.99999999999886,1012826.359,0.0003159974653239314,1013666.359,-840.0,-0.08286750295518093
2023-05-25,309.2,319.2,[],0,-100,-100,0.0,0.0,0.0,0.0,1000.0,1000.0,1000.0,1013826.359,0.000986848977404341,1013826.359,0.0,0.0
2023-05-29,300.0,309.2,[],0,-100,-100,0.0,0.0,0.0,0.0,919.9999999999989,919.9999999999989,919.9999999999989,1014746.359,0.0009070417391620073,1014746.359,0.0,0.0
2023-05-30,303.0,300.0,[],0,-100,-100,0.0,0.0,0.0,0.0,-300.0,-300.0,-300.0,1014446.359,-0.00029568409104224893,1014746.359,-300.0,-0.029564038080968365
2023-05-31,297.4,303.0,[],0,-100,-100,0.0,0.0,0.0,0.0,560.0000000000023,560.0000000000023,560.0000000000023,1015006.359,0.0005518729352462628,1015006.359,0.0,0.0
2023-06-01,302.2,297.4,[],0,-100,-100,0.0,0.0,0.0,0.0,-480.00000000000114,-480.00000000000114,-480.00000000000114,1014526.359,-0.00047301529528708035,1015006.359,-480.0,-0.04729034411891798
2023-06-02,321.0,302.2,[],0,-100,-100,0.0,0.0,0.0,0.0,-1880.0000000000011,-1880.0000000000011,-1880.0000000000011,1012646.3589999999,-0.0018548005527944146,1015006.359,-2360.0000000001164,-0.2325108585846915
2023-06-05,325.0,321.0,[],0,-100,-100,0.0,0.0,0.0,0.0,-400.0,-400.0,-400.0,1012246.3589999999,-0.00039508266452563466,1015006.359,-2760.0000000001164,-0.2719194786837898
2023-06-06,318.0,325.0,[],0,-100,-100,0.0,0.0,0.0,0.0,700.0,700.0,700.0,1012946.3589999999,0.0006912922623659352,1015006.359,-2060.0000000001164,-0.20295439351036776
2023-06-07,322.4,318.0,[],0,-100,-100,0.0,0.0,0.0,0.0,-439.9999999999977,-439.9999999999977,-439.9999999999977,1012506.359,-0.00043447077585275786,1015006.359,-2500.0,-0.24630387561936445
2023-06-08,321.6,322.4,[],0,-100,-100,0.0,0.0,0.0,0.0,79.99999999999545,79.99999999999545,79.99999999999545,1012586.3589999999,7.900872817359927e-05,1015006.359,-2420.0000000001164,-0.23842215159955624
2023-06-09,322.8,321.6,[],0,-100,-100,0.0,0.0,0.0,0.0,-119.99999999999886,-119.99999999999886,-119.99999999999886,1012466.3589999999,-0.00011851543327621027,1015006.359,-2540.0000000001164,-0.2502447376292858
2023-06-12,325.2,322.8,[],0,-100,-100,0.0,0.0,0.0,0.0,-239.99999999999773,-239.99999999999773,-239.99999999999773,1012226.3589999999,-0.00023707301260129544,1015006.359,-2780.0000000001164,-0.27388990968874477
2023-06-13,331.6,325.2,[],0,-100,-100,0.0,0.0,0.0,0.0,-640.0000000000034,-640.0000000000034,-640.0000000000034,1011586.3589999999,-0.0006324696110881095,1015006.359,-3420.0000000001164,-0.33694370184730205
2023-06-14,332.4,331.6,[],0,-100,-100,0.0,0.0,0.0,0.0,-79.99999999999545,-79.99999999999545,-79.99999999999545,1011506.3589999999,-7.90868350520627e-05,1015006.359,-3500.0000000001164,-0.3448254258671217
2023-06-15,341.8,332.4,[],0,-100,-100,0.0,0.0,0.0,0.0,-940.0000000000034,-940.0000000000034,-940.0000000000034,1010566.3589999999,-0.0009297391328657894,1015006.359,-4440.000000000116,-0.43743568310000275
2023-06-16,349.8,341.8,[],0,-100,-100,0.0,0.0,0.0,0.0,-800.0,-800.0,-800.0,1009766.3589999999,-0.0007919488059413349,1015006.359,-5240.000000000116,-0.5162529232981994
2023-06-19,344.0,349.8,[],0,-100,-100,0.0,0.0,0.0,0.0,580.0000000000011,580.0000000000011,580.0000000000011,1010346.3589999999,0.000574225399176247,1015006.359,-4660.000000000116,-0.4591104241545068
2023-06-20,336.8,344.0,[],0,-100,-100,0.0,0.0,0.0,0.0,719.9999999999989,719.9999999999989,719.9999999999989,1011066.3589999999,0.0007123731082100868,1015006.359,-3940.0000000001164,-0.38817490797612986
2023-06-21,327.2,336.8,[],0,-100,-100,0.0,0.0,0.0,0.0,960.0000000000023,960.0000000000023,960.0000000000023,1012026.3589999999,0.0009490420913615804,1015006.359,-2980.0000000001164,-0.2935942197382939
2023-06-23,323.8,327.2,[],0,-100,-100,0.0,0.0,0.0,0.0,339.9999999999977,339.9999999999977,339.9999999999977,1012366.3589999999,0.00033590320709392184,1015006.359,-2640.0000000001164,-0.26009689265406033
2023-06-26,319.6,323.8,[],0,-100,-100,0.0,0.0,0.0,0.0,419.99999999999886,419.99999999999886,419.99999999999886,1012786.3589999999,0.00041478353932371286,1015006.359,-2220.0000000001164,-0.21871784155000712
2023-06-27,328.2,319.6,[],0,-100,-100,0.0,0.0,0.0,0.0,-859.9999999999966,-859.9999999999966,-859.9999999999966,1011926.3589999999,-0.0008495032841678374,1015006.359,-3080.0000000001164,-0.30344637476306846
2023-06-28,323.0,328.2,[],0,-100,-100,0.0,0.0,0.0,0.0,519.9999999999989,519.9999999999989,519.9999999999989,1012446.3589999999,0.0005137393986918918,1015006.359,-2560.0000000001164,-0.25221516863424065
2023-06-29,320.4,323.0,[],0,-100,-100,0.0,0.0,0.0,0.0,260.0000000000023,260.0000000000023,260.0000000000023,1012706.3589999999,0.00025677076016790776,1015006.359,-2300.0000000001164,-0.22659956556982677
2023-06-30,318.4,320.4,[],0,-100,-100,0.0,0.0,0.0,0.0,200.0,200.0,200.0,1012906.3589999999,0.00019747111466347127,1015006.359,-2100.0000000001164,-0.20689525552027763
2023-07-03,324.8,318.4,[],0,-100,-100,0.0,0.0,0.0,0.0,-640.0000000000034,-640.0000000000034,-640.0000000000034,1012266.3589999999,-0.0006320448775723755,1015006.359,-2740.0000000001164,-0.2699490476788349
2023-07-04,326.0,324.8,[],0,-100,-100,0.0,0.0,0.0,0.0,-119.99999999999886,-119.99999999999886,-119.99999999999886,1012146.3589999999,-0.00011855290087204893,1015006.359,-2860.0000000001164,-0.2817716337085644
2023-07-05,322.2,326.0,[],0,-100,-100,0.0,0.0,0.0,0.0,380.00000000000114,380.00000000000114,380.00000000000114,1012526.3589999999,0.00037536931384867764,1015006.359,-2480.0000000001164,-0.24433344461442102
2023-07-06,313.6,322.2,[],0,-100,-100,0.0,0.0,0.0,0.0,859.9999999999966,859.9999999999966,859.9999999999966,1013386.3589999999,0.0008490001015507254,1015006.359,-1620.0000000001164,-0.15960491140135963
2023-07-07,313.4,313.6,[],0,-100,-100,0.0,0.0,0.0,0.0,20.000000000004547,20.000000000004547,20.000000000004547,1013406.3589999999,1.973561462201235e-05,1015006.359,-1600.0000000001164,-0.1576344803964047
2023-07-10,315.6,313.4,[],0,-100,-100,0.0,0.0,0.0,0.0,-220.00000000000455,-220.00000000000455,-220.00000000000455,1013186.3589999999,-0.00021711318599956425,1015006.359,-1820.0000000001164,-0.17930922145090877
2023-07-11,320.6,315.6,[],0,-100,-100,0.0,0.0,0.0,0.0,-500.0,-500.0,-500.0,1012686.3589999999,-0.0004936144365929485,1015006.359,-2320.0000000001164,-0.22856999657478166
2023-07-12,326.8,320.6,[],0,-100,-100,0.0,0.0,0.0,0.0,-619.9999999999989,-619.9999999999989,-619.9999999999989,1012066.3589999999,-0.0006124204836138816,1015006.359,-2940.0000000001164,-0.2896533577283841
2023-07-13,336.6,326.8,[],0,-100,-100,0.0,0.0,0.0,0.0,-980.0000000000011,-980.0000000000011,-980.0000000000011,1011086.3589999999,-0.0009687850728506306,1015006.359,-3920.0000000001164,-0.38620447697117494
2023-07-14,339.4,336.6,[],0,-100,-100,0.0,0.0,0.0,0.0,-279.99999999999545,-279.99999999999545,-279.99999999999545,1010806.3589999999,-0.0002769682083497892,1015006.359,-4200.000000000116,-0.4137905110405437
2023-07-18,323.2,339.4,[],0,-100,-100,0.0,0.0,0.0,0.0,1619.9999999999989,1619.9999999999989,1619.9999999999989,1012426.3589999999,0.0016013979329136548,1015006.359,-2580.0000000001164,-0.25418559963919557
2023-07-19,319.8,323.2,[],0,-100,-100,0.0,0.0,0.0,0.0,339.9999999999977,339.9999999999977,339.9999999999977,1012766.3589999999,0.0003357705172179001,1015006.359,-2240.0000000001164,-0.220688272554962
2023-07-20,319.6,319.8,[],0,-100,-100,0.0,0.0,0.0,0.0,19.999999999998863,19.999999999998863,19.999999999998863,1012786.3589999999,1.97476963427077e-05,1015006.359,-2220.0000000001164,-0.21871784155000712
2023-07-21,319.8,319.6,[],0,-100,-100,0.0,0.0,0.0,0.0,-19.999999999998863,-19.999999999998863,-19.999999999998863,1012766.3589999999,-1.974769634271902e-05,1015006.359,-2240.0000000001164,-0.220688272554962
2023-07-24,311.8,319.8,[],0,-100,-100,0.0,0.0,0.0,0.0,800.0,800.0,800.0,1013566.3589999999,0.0007896038340184892,1015006.359,-1440.0000000001164,-0.1418710323567654
2023-07-25,331.8,311.8,[],0,-100,-100,0.0,0.0,0.0,0.0,-2000.0,-2000.0,-2000.0,1011566.3589999999,-0.0019751798313719926,1015006.359,-3440.0000000001164,-0.33891413285225697
2023-07-26,327.8,331.8,[],0,-100,-100,0.0,0.0,0.0,0.0,400.0,400.0,400.0,1011966.3589999999,0.00039534819640107207,1015006.359,-3040.0000000001164,-0.2995055127531586
2023-07-27,330.6,327.8,[],0,-100,-100,0.0,0.0,0.0,0.0,-280.00000000000114,-280.00000000000114,-280.00000000000114,1011686.3589999999,-0.0002767273250951258,1015006.359,-3320.0000000001164,-0.32709154682252745
2023-07-28,337.2,330.6,[],0,-100,-100,0.0,0.0,0.0,0.0,-659.9999999999966,-659.9999999999966,-659.9999999999966,1011026.3589999999,-0.000652588988589128,1015006.359,-3980.0000000001164,-0.3921157699860397
2023-07-31,341.2,337.2,[],0,-100,-100,0.0,0.0,0.0,0.0,-400.0,-400.0,-400.0,1010626.3589999999,-0.000395715843436699,1015006.359,-4380.000000000116,-0.43152439008513804
2023-08-01,340.8,341.2,[],0,-100,-100,0.0,0.0,0.0,0.0,39.999999999997726,39.999999999997726,39.999999999997726,1010666.3589999999,3.957863168356097e-05,1015006.359,-4340.000000000116,-0.4275835280752282
2023-08-02,330.2,340.8,[],0,-100,-100,0.0,0.0,0.0,0.0,1060.0000000000023,1060.0000000000023,1060.0000000000023,1011726.3589999999,0.001048263364114441,1015006.359,-3280.0000000001164,-0.32315068481261766
2023-08-03,329.0,330.2,[],0,-100,-100,0.0,0.0,0.0,0.0,119.99999999999886,119.99999999999886,119.99999999999886,1011846.3589999999,0.00011860211305791279,1015006.359,-3160.0000000001164,-0.31132809878288814
2023-08-04,330.2,329.0,[],0,-100,-100,0.0,0.0,0.0,0.0,-119.99999999999886,-119.99999999999886,-119.99999999999886,1011726.3589999999,-0.00011860211305804409,1015006.359,-3280.0000000001164,-0.32315068481261766
2023-08-07,328.0,330.2,[],0,-100,-100,0.0,0.0,0.0,0.0,219.99999999999886,219.99999999999886,219.99999999999886,1011946.3589999999,0.00021742646319223124,1015006.359,-3060.0000000001164,-0.30147594375811354
2023-08-08,321.6,328.0,[],0,-100,-100,0.0,0.0,0.0,0.0,639.9999999999977,639.9999999999977,639.9999999999977,1012586.3589999999,0.0006322446810851795,1015006.359,-2420.0000000001164,-0.23842215159955624
2023-08-09,324.0,321.6,[],0,-100,-100,0.0,0.0,0.0,0.0,-239.99999999999773,-239.99999999999773,-239.99999999999773,1012346.3589999999,-0.0002370449141252158,1015006.359,-2660.0000000001164,-0.26206732365901525
2023-08-10,326.6,324.0,[],0,-100,-100,0.0,0.0,0.0,0.0,-260.0000000000023,-260.0000000000023,-260.0000000000023,1012086.3589999999,-0.000256862082022066,1015006.359,-2920.0000000001164,-0.28768292672342916
2023-08-11,322.6,326.6,[],0,-100,-100,0.0,0.0,0.0,0.0,400.0,400.0,400.0,1012486.3589999999,0.00039514511051961734,1015006.359,-2520.0000000001164,-0.24827430662433086
2023-08-14,320.0,322.6,[],0,-100,-100,0.0,0.0,0.0,0.0,260.0000000000023,260.0000000000023,260.0000000000023,1012746.3589999999,0.00025676061730345025,1015006.359,-2260.0000000001164,-0.22265870355991693
2023-08-15,319.4,320.0,[],0,-100,-100,0.0,0.0,0.0,0.0,60.000000000002274,60.000000000002274,60.000000000002274,1012806.3589999999,5.924308904357992e-05,1015006.359,-2200.0000000001164,-0.2167474105450522
2023-08-16,315.6,319.4,[],0,-100,-100,0.0,0.0,0.0,0.0,379.99999999999545,379.99999999999545,379.99999999999545,1013186.3589999999,0.0003751247485541517,1015006.359,-1820.0000000001164,-0.17930922145090877
2023-08-17,319.6,315.6,[],0,-100,-100,0.0,0.0,0.0,0.0,-400.0,-400.0,-400.0,1012786.3589999999,-0.0003948720549330787,1015006.359,-2220.0000000001164,-0.21871784155000712
2023-08-18,311.8,319.6,[],0,-100,-100,0.0,0.0,0.0,0.0,780.0000000000011,780.0000000000011,780.0000000000011,1013566.3589999999,0.0007698561376756679,1015006.359,-1440.0000000001164,-0.1418710323567654
2023-08-21,304.8,311.8,[],0,-100,-100,0.0,0.0,0.0,0.0,700.0,700.0,700.0,1014266.3589999999,0.000690392280971159,1015006.359,-740.0000000001164,-0.07290594718334334
2023-08-22,305.8,304.8,[],0,-100,-100,0.0,0.0,0.0,0.0,-100.0,-100.0,-100.0,1014166.3589999999,-9.859829137405031e-05,1015006.359,-840.0000000001164,-0.08275810220811793
2023-08-23,304.8,305.8,[],0,-100,-100,0.0,0.0,0.0,0.0,100.0,100.0,100.0,1014266.3589999999,9.859829137404267e-05,1015006.359,-740.0000000001164,-0.07290594718334334
2023-08-24,312.0,304.8,[],0,-100,-100,0.0,0.0,0.0,0.0,-719.9999999999989,-719.9999999999989,-719.9999999999989,1013546.3589999999,-0.0007101247801293572,1015006.359,-1460.0000000001164,-0.1438414633617203
2023-08-25,306.8,312.0,[],0,-100,-100,0.0,0.0,0.0,0.0,519.9999999999989,519.9999999999989,519.9999999999989,1014066.3589999999,0.0005129184747994806,1015006.359,-940.0000000001164,-0.09261025723289251
2023-08-28,312.0,306.8,[],0,-100,-100,0.0,0.0,0.0,0.0,-519.9999999999989,-519.9999999999989,-519.9999999999989,1013546.3589999999,-0.0005129184747995479,1015006.359,-1460.0000000001164,-0.1438414633617203
2023-08-29,316.2,312.0,[],0,-100,-100,0.0,0.0,0.0,0.0,-419.99999999999886,-419.99999999999886,-419.99999999999886,1013126.3589999999,-0.00041447245258923094,1015006.359,-1880.0000000001164,-0.18522051446577353
2023-08-30,312.6,316.2,[],0,-100,-100,0.0,0.0,0.0,0.0,359.9999999999966,359.9999999999966,359.9999999999966,1013486.3589999999,0.00035527261877828947,1015006.359,-1520.0000000001164,-0.14975275637658506
2023-08-31,311.8,312.6,[],0,-100,-100,0.0,0.0,0.0,0.0,80.00000000000114,80.00000000000114,80.00000000000114,1013566.3589999999,7.893233296902659e-05,1015006.359,-1440.0000000001164,-0.1418710323567654
2023-09-04,320.2,311.8,[],0,-100,-100,0.0,0.0,0.0,0.0,-839.9999999999977,-839.9999999999977,-839.9999999999977,1012726.3589999999,-0.000829100396656991,1015006.359,-2280.0000000001164,-0.22462913456487185
2023-09-05,315.8,320.2,[],0,-100,-100,0.0,0.0,0.0,0.0,439.9999999999977,439.9999999999977,439.9999999999977,1013166.3589999999,0.0004343764139226125,1015006.359,-1840.0000000001164,-0.18127965245586372
2023-09-06,314.4,315.8,[],0,-100,-100,0.0,0.0,0.0,0.0,140.0000000000034,140.0000000000034,140.0000000000034,1013306.3589999999,0.0001381711177053699,1015006.359,-1700.0000000001164,-0.1674866354211793
2023-09-07,308.4,314.4,[],0,-100,-100,0.0,0.0,0.0,0.0,600.0,600.0,600.0,1013906.3589999999,0.0005919457905847751,1015006.359,-1100.0000000001164,-0.10837370527253182
2023-09-11,310.8,308.4,[],0,-100,-100,0.0,0.0,0.0,0.0,-240.0000000000034,-240.0000000000034,-240.0000000000034,1013666.3589999999,-0.00023673626991551895,1015006.359,-1340.0000000001164,-0.13201887733199083
2023-09-12,308.8,310.8,[],0,-100,-100,0.0,0.0,0.0,0.0,200.0,200.0,200.0,1013866.3589999999,0.0001972841166736547,1015006.359,-1140.0000000001164,-0.11231456728244167
2023-09-13,307.0,308.8,[],0,-100,-100,0.0,0.0,0.0,0.0,180.00000000000114,180.00000000000114,180.00000000000114,1014046.3589999999,0.0001775224336580652,1015006.359,-960.0000000001164,-0.09458068823784742
2023-09-14,306.6,307.0,[],0,-100,-100,0.0,0.0,0.0,0.0,39.999999999997726,39.999999999997726,39.999999999997726,1014086.3589999999,3.944515035932322e-05,1015006.359,-920.0000000001164,-0.09063982622793759
2023-09-15,304.0,306.6,[],0,-100,-100,0.0,0.0,0.0,0.0,260.0000000000023,260.0000000000023,260.0000000000023,1014346.3589999999,0.00025635555876869515,1015006.359,-660.0000000001164,-0.06502422316352369
2023-09-18,299.0,304.0,[],0,-100,-100,0.0,0.0,0.0,0.0,500.0,500.0,500.0,1014846.3589999999,0.0004928068247867926,1015006.359,-160.00000000011642,-0.015763448039650796
2023-09-19,299.2,299.0,[],0,-100,-100,0.0,0.0,0.0,0.0,-19.999999999998863,-19.999999999998863,-19.999999999998863,1014826.3589999999,-1.9707610811628537e-05,1015006.359,-180.00000000011642,-0.01773387904460571
2023-09-20,296.0,299.2,[],0,-100,-100,0.0,0.0,0.0,0.0,319.99999999999886,319.99999999999886,319.99999999999886,1015146.3589999999,0.0003152751756839442,1015146.3589999999,0.0,0.0
2023-09-21,289.8,296.0,[],0,-100,-100,0.0,0.0,0.0,0.0,619.9999999999989,619.9999999999989,619.9999999999989,1015766.3589999999,0.0006105629392790132,1015766.3589999999,0.0,0.0
2023-09-22,300.4,289.8,"[TradeData(gateway_name='BACKTESTING', extra=None, symbol='00700', exchange=<Exchange.SEHK: 'SEHK'>, orderid='4', tradeid='4', direction=<Direction.LONG: 'Long'>, offset=<Offset.CLOSE: 'Close'>, price=288.8, volume=100, datetime=datetime.datetime(2023, 9, 22, 0, 0, tzinfo=zoneinfo.ZoneInfo(key='Asia/Shanghai')))]",1,-100,0,28880.0,43.32,5.0,1159.9999999999966,-1059.9999999999966,100.0,51.68,1015818.039,5.087654744951699e-05,1015818.039,0.0,0.0
2023-09-25,291.2,300.4,[],0,0,0,0.0,0.0,0.0,0.0,-0.0,0.0,0.0,1015818.039,0.0,1015818.039,0.0,0.0
2023-09-26,286.8,291.2,[],0,0,0,0.0,0.0,0.0,0.0,-0.0,0.0,0.0,1015818.039,0.0,1015818.039,0.0,0.0
2023-09-27,288.8,286.8,[],0,0,0,0.0,0.0,0.0,0.0,0.0,0.0,0.0,1015818.039,0.0,1015818.039,0.0,0.0
2023-09-28,284.2,288.8,[],0,0,0,0.0,0.0,0.0,0.0,-0.0,0.0,0.0,1015818.039,0.0,1015818.039,0.0,0.0
2023-09-29,293.0,284.2,[],0,0,0,0.0,0.0,0.0,0.0,0.0,0.0,0.0,1015818.039,0.0,1015818.039,0.0,0.0
2023-10-03,287.4,293.0,[],0,0,0,0.0,0.0,0.0,0.0,-0.0,0.0,0.0,1015818.039,0.0,1015818.039,0.0,0.0
2023-10-04,284.4,287.4,[],0,0,0,0.0,0.0,0.0,0.0,-0.0,0.0,0.0,1015818.039,0.0,1015818.039,0.0,0.0
2023-10-05,286.6,284.4,[],0,0,0,0.0,0.0,0.0,0.0,0.0,0.0,0.0,1015818.039,0.0,1015818.039,0.0,0.0
2023-10-06,292.0,286.6,[],0,0,0,0.0,0.0,0.0,0.0,0.0,0.0,0.0,1015818.039,0.0,1015818.039,0.0,0.0
2023-10-09,293.8,292.0,[],0,0,0,0.0,0.0,0.0,0.0,0.0,0.0,0.0,1015818.039,0.0,1015818.039,0.0,0.0
2023-10-10,295.0,293.8,[],0,0,0,0.0,0.0,0.0,0.0,0.0,0.0,0.0,1015818.039,0.0,1015818.039,0.0,0.0
2023-10-11,297.8,295.0,[],0,0,0,0.0,0.0,0.0,0.0,0.0,0.0,0.0,1015818.039,0.0,1015818.039,0.0,0.0
2023-10-12,303.4,297.8,[],0,0,0,0.0,0.0,0.0,0.0,0.0,0.0,0.0,1015818.039,0.0,1015818.039,0.0,0.0
2023-10-13,293.6,303.4,[],0,0,0,0.0,0.0,0.0,0.0,-0.0,0.0,0.0,1015818.039,0.0,1015818.039,0.0,0.0
2023-10-16,288.0,293.6,[],0,0,0,0.0,0.0,0.0,0.0,-0.0,0.0,0.0,1015818.039,0.0,1015818.039,0.0,0.0
2023-10-17,289.0,288.0,[],0,0,0,0.0,0.0,0.0,0.0,0.0,0.0,0.0,1015818.039,0.0,1015818.039,0.0,0.0
2023-10-18,286.8,289.0,[],0,0,0,0.0,0.0,0.0,0.0,-0.0,0.0,0.0,1015818.039,0.0,1015818.039,0.0,0.0
2023-10-19,278.0,286.8,[],0,0,0,0.0,0.0,0.0,0.0,-0.0,0.0,0.0,1015818.039,0.0,1015818.039,0.0,0.0
2023-10-20,275.8,278.0,[],0,0,0,0.0,0.0,0.0,0.0,-0.0,0.0,0.0,1015818.039,0.0,1015818.039,0.0,0.0
2023-10-24,269.8,275.8,[],0,0,0,0.0,0.0,0.0,0.0,-0.0,0.0,0.0,1015818.039,0.0,1015818.039,0.0,0.0
2023-10-25,274.6,269.8,[],0,0,0,0.0,0.0,0.0,0.0,0.0,0.0,0.0,1015818.039,0.0,1015818.039,0.0,0.0
2023-10-26,274.4,274.6,[],0,0,0,0.0,0.0,0.0,0.0,-0.0,0.0,0.0,1015818.039,0.0,1015818.039,0.0,0.0
2023-10-27,279.6,274.4,[],0,0,0,0.0,0.0,0.0,0.0,0.0,0.0,0.0,1015818.039,0.0,1015818.039,0.0,0.0
2023-10-30,282.2,279.6,[],0,0,0,0.0,0.0,0.0,0.0,0.0,0.0,0.0,1015818.039,0.0,1015818.039,0.0,0.0
2023-10-31,276.0,282.2,[],0,0,0,0.0,0.0,0.0,0.0,-0.0,0.0,0.0,1015818.039,0.0,1015818.039,0.0,0.0
2023-11-01,273.8,276.0,[],0,0,0,0.0,0.0,0.0,0.0,-0.0,0.0,0.0,1015818.039,0.0,1015818.039,0.0,0.0
2023-11-02,275.4,273.8,[],0,0,0,0.0,0.0,0.0,0.0,0.0,0.0,0.0,1015818.039,0.0,1015818.039,0.0,0.0
2023-11-03,289.4,275.4,[],0,0,0,0.0,0.0,0.0,0.0,0.0,0.0,0.0,1015818.039,0.0,1015818.039,0.0,0.0
2023-11-06,299.4,289.4,[],0,0,0,0.0,0.0,0.0,0.0,0.0,0.0,0.0,1015818.039,0.0,1015818.039,0.0,0.0
2023-11-07,295.4,299.4,[],0,0,0,0.0,0.0,0.0,0.0,-0.0,0.0,0.0,1015818.039,0.0,1015818.039,0.0,0.0
2023-11-08,295.2,295.4,[],0,0,0,0.0,0.0,0.0,0.0,-0.0,0.0,0.0,1015818.039,0.0,1015818.039,0.0,0.0
2023-11-09,293.6,295.2,[],0,0,0,0.0,0.0,0.0,0.0,-0.0,0.0,0.0,1015818.039,0.0,1015818.039,0.0,0.0
2023-11-10,289.6,293.6,[],0,0,0,0.0,0.0,0.0,0.0,-0.0,0.0,0.0,1015818.039,0.0,1015818.039,0.0,0.0
2023-11-13,296.6,289.6,[],0,0,0,0.0,0.0,0.0,0.0,0.0,0.0,0.0,1015818.039,0.0,1015818.039,0.0,0.0
2023-11-14,294.6,296.6,[],0,0,0,0.0,0.0,0.0,0.0,-0.0,0.0,0.0,1015818.039,0.0,1015818.039,0.0,0.0
2023-11-15,309.4,294.6,[],0,0,0,0.0,0.0,0.0,0.0,0.0,0.0,0.0,1015818.039,0.0,1015818.039,0.0,0.0
2023-11-16,311.6,309.4,[],0,0,0,0.0,0.0,0.0,0.0,0.0,0.0,0.0,1015818.039,0.0,1015818.039,0.0,0.0
2023-11-17,302.0,311.6,[],0,0,0,0.0,0.0,0.0,0.0,-0.0,0.0,0.0,1015818.039,0.0,1015818.039,0.0,0.0
2023-11-20,313.4,302.0,[],0,0,0,0.0,0.0,0.0,0.0,0.0,0.0,0.0,1015818.039,0.0,1015818.039,0.0,0.0
2023-11-21,311.6,313.4,[],0,0,0,0.0,0.0,0.0,0.0,-0.0,0.0,0.0,1015818.039,0.0,1015818.039,0.0,0.0
2023-11-22,311.2,311.6,[],0,0,0,0.0,0.0,0.0,0.0,-0.0,0.0,0.0,1015818.039,0.0,1015818.039,0.0,0.0
2023-11-23,316.0,311.2,[],0,0,0,0.0,0.0,0.0,0.0,0.0,0.0,0.0,1015818.039,0.0,1015818.039,0.0,0.0
2023-11-24,308.0,316.0,[],0,0,0,0.0,0.0,0.0,0.0,-0.0,0.0,0.0,1015818.039,0.0,1015818.039,0.0,0.0
2023-11-27,309.6,308.0,[],0,0,0,0.0,0.0,0.0,0.0,0.0,0.0,0.0,1015818.039,0.0,1015818.039,0.0,0.0
2023-11-28,306.4,309.6,[],0,0,0,0.0,0.0,0.0,0.0,-0.0,0.0,0.0,1015818.039,0.0,1015818.039,0.0,0.0
2023-11-29,303.8,306.4,[],0,0,0,0.0,0.0,0.0,0.0,-0.0,0.0,0.0,1015818.039,0.0,1015818.039,0.0,0.0
2023-11-30,313.8,303.8,[],0,0,0,0.0,0.0,0.0,0.0,0.0,0.0,0.0,1015818.039,0.0,1015818.039,0.0,0.0
2023-12-01,305.8,313.8,[],0,0,0,0.0,0.0,0.0,0.0,-0.0,0.0,0.0,1015818.039,0.0,1015818.039,0.0,0.0
2023-12-04,303.6,305.8,[],0,0,0,0.0,0.0,0.0,0.0,-0.0,0.0,0.0,1015818.039,0.0,1015818.039,0.0,0.0
2023-12-05,295.6,303.6,[],0,0,0,0.0,0.0,0.0,0.0,-0.0,0.0,0.0,1015818.039,0.0,1015818.039,0.0,0.0
2023-12-06,298.4,295.6,[],0,0,0,0.0,0.0,0.0,0.0,0.0,0.0,0.0,1015818.039,0.0,1015818.039,0.0,0.0
2023-12-07,294.6,298.4,[],0,0,0,0.0,0.0,0.0,0.0,-0.0,0.0,0.0,1015818.039,0.0,1015818.039,0.0,0.0
2023-12-08,292.4,294.6,[],0,0,0,0.0,0.0,0.0,0.0,-0.0,0.0,0.0,1015818.039,0.0,1015818.039,0.0,0.0
2023-12-11,294.0,292.4,[],0,0,0,0.0,0.0,0.0,0.0,0.0,0.0,0.0,1015818.039,0.0,1015818.039,0.0,0.0
2023-12-12,298.2,294.0,[],0,0,0,0.0,0.0,0.0,0.0,0.0,0.0,0.0,1015818.039,0.0,1015818.039,0.0,0.0
2023-12-13,293.8,298.2,[],0,0,0,0.0,0.0,0.0,0.0,-0.0,0.0,0.0,1015818.039,0.0,1015818.039,0.0,0.0
2023-12-14,293.2,293.8,[],0,0,0,0.0,0.0,0.0,0.0,-0.0,0.0,0.0,1015818.039,0.0,1015818.039,0.0,0.0
2023-12-15,301.2,293.2,[],0,0,0,0.0,0.0,0.0,0.0,0.0,0.0,0.0,1015818.039,0.0,1015818.039,0.0,0.0
2023-12-18,298.4,301.2,[],0,0,0,0.0,0.0,0.0,0.0,-0.0,0.0,0.0,1015818.039,0.0,1015818.039,0.0,0.0
2023-12-19,298.6,298.4,[],0,0,0,0.0,0.0,0.0,0.0,0.0,0.0,0.0,1015818.039,0.0,1015818.039,0.0,0.0
2023-12-20,301.0,298.6,[],0,0,0,0.0,0.0,0.0,0.0,0.0,0.0,0.0,1015818.039,0.0,1015818.039,0.0,0.0
2023-12-21,299.4,301.0,[],0,0,0,0.0,0.0,0.0,0.0,-0.0,0.0,0.0,1015818.039,0.0,1015818.039,0.0,0.0
2023-12-22,260.8,299.4,[],0,0,0,0.0,0.0,0.0,0.0,-0.0,0.0,0.0,1015818.039,0.0,1015818.039,0.0,0.0
2023-12-27,271.8,260.8,[],0,0,0,0.0,0.0,0.0,0.0,0.0,0.0,0.0,1015818.039,0.0,1015818.039,0.0,0.0
2023-12-28,279.8,271.8,[],0,0,0,0.0,0.0,0.0,0.0,0.0,0.0,0.0,1015818.039,0.0,1015818.039,0.0,0.0
2023-12-29,280.4,279.8,[],0,0,0,0.0,0.0,0.0,0.0,0.0,0.0,0.0,1015818.039,0.0,1015818.039,0.0,0.0
2024-01-02,283.4,280.4,[],0,0,0,0.0,0.0,0.0,0.0,0.0,0.0,0.0,1015818.039,0.0,1015818.039,0.0,0.0
2024-01-03,287.4,283.4,[],0,0,0,0.0,0.0,0.0,0.0,0.0,0.0,0.0,1015818.039,0.0,1015818.039,0.0,0.0
2024-01-04,285.6,287.4,[],0,0,0,0.0,0.0,0.0,0.0,-0.0,0.0,0.0,1015818.039,0.0,1015818.039,0.0,0.0
2024-01-05,279.0,285.6,[],0,0,0,0.0,0.0,0.0,0.0,-0.0,0.0,0.0,1015818.039,0.0,1015818.039,0.0,0.0
2024-01-08,274.8,279.0,[],0,0,0,0.0,0.0,0.0,0.0,-0.0,0.0,0.0,1015818.039,0.0,1015818.039,0.0,0.0
2024-01-09,270.4,274.8,[],0,0,0,0.0,0.0,0.0,0.0,-0.0,0.0,0.0,1015818.039,0.0,1015818.039,0.0,0.0
2024-01-10,267.0,270.4,[],0,0,0,0.0,0.0,0.0,0.0,-0.0,0.0,0.0,1015818.039,0.0,1015818.039,0.0,0.0
2024-01-11,274.2,267.0,[],0,0,0,0.0,0.0,0.0,0.0,0.0,0.0,0.0,1015818.039,0.0,1015818.039,0.0,0.0
2024-01-12,275.2,274.2,[],0,0,0,0.0,0.0,0.0,0.0,0.0,0.0,0.0,1015818.039,0.0,1015818.039,0.0,0.0
2024-01-15,276.2,275.2,[],0,0,0,0.0,0.0,0.0,0.0,0.0,0.0,0.0,1015818.039,0.0,1015818.039,0.0,0.0
2024-01-16,269.2,276.2,[],0,0,0,0.0,0.0,0.0,0.0,-0.0,0.0,0.0,1015818.039,0.0,1015818.039,0.0,0.0
2024-01-17,261.4,269.2,[],0,0,0,0.0,0.0,0.0,0.0,-0.0,0.0,0.0,1015818.039,0.0,1015818.039,0.0,0.0
2024-01-18,264.4,261.4,[],0,0,0,0.0,0.0,0.0,0.0,0.0,0.0,0.0,1015818.039,0.0,1015818.039,0.0,0.0
2024-01-19,258.0,264.4,[],0,0,0,0.0,0.0,0.0,0.0,-0.0,0.0,0.0,1015818.039,0.0,1015818.039,0.0,0.0
2024-01-22,249.0,258.0,[],0,0,0,0.0,0.0,0.0,0.0,-0.0,0.0,0.0,1015818.039,0.0,1015818.039,0.0,0.0
2024-01-23,258.8,249.0,[],0,0,0,0.0,0.0,0.0,0.0,0.0,0.0,0.0,1015818.039,0.0,1015818.039,0.0,0.0
2024-01-24,268.6,258.8,[],0,0,0,0.0,0.0,0.0,0.0,0.0,0.0,0.0,1015818.039,0.0,1015818.039,0.0,0.0
2024-01-25,277.6,268.6,[],0,0,0,0.0,0.0,0.0,0.0,0.0,0.0,0.0,1015818.039,0.0,1015818.039,0.0,0.0
2024-01-26,269.6,277.6,[],0,0,0,0.0,0.0,0.0,0.0,-0.0,0.0,0.0,1015818.039,0.0,1015818.039,0.0,0.0
2024-01-29,268.8,269.6,[],0,0,0,0.0,0.0,0.0,0.0,-0.0,0.0,0.0,1015818.039,0.0,1015818.039,0.0,0.0
2024-01-30,260.6,268.8,[],0,0,0,0.0,0.0,0.0,0.0,-0.0,0.0,0.0,1015818.039,0.0,1015818.039,0.0,0.0
2024-01-31,257.4,260.6,[],0,0,0,0.0,0.0,0.0,0.0,-0.0,0.0,0.0,1015818.039,0.0,1015818.039,0.0,0.0
2024-02-01,258.4,257.4,[],0,0,0,0.0,0.0,0.0,0.0,0.0,0.0,0.0,1015818.039,0.0,1015818.039,0.0,0.0
2024-02-02,266.2,258.4,[],0,0,0,0.0,0.0,0.0,0.0,0.0,0.0,0.0,1015818.039,0.0,1015818.039,0.0,0.0
2024-02-05,266.4,266.2,[],0,0,0,0.0,0.0,0.0,0.0,0.0,0.0,0.0,1015818.039,0.0,1015818.039,0.0,0.0
2024-02-06,277.6,266.4,[],0,0,0,0.0,0.0,0.0,0.0,0.0,0.0,0.0,1015818.039,0.0,1015818.039,0.0,0.0
2024-02-07,279.0,277.6,[],0,0,0,0.0,0.0,0.0,0.0,0.0,0.0,0.0,1015818.039,0.0,1015818.039,0.0,0.0
2024-02-08,274.0,279.0,[],0,0,0,0.0,0.0,0.0,0.0,-0.0,0.0,0.0,1015818.039,0.0,1015818.039,0.0,0.0
2024-02-09,274.0,274.0,[],0,0,0,0.0,0.0,0.0,0.0,0.0,0.0,0.0,1015818.039,0.0,1015818.039,0.0,0.0
2024-02-14,276.8,274.0,[],0,0,0,0.0,0.0,0.0,0.0,0.0,0.0,0.0,1015818.039,0.0,1015818.039,0.0,0.0
2024-02-15,272.2,276.8,[],0,0,0,0.0,0.0,0.0,0.0,-0.0,0.0,0.0,1015818.039,0.0,1015818.039,0.0,0.0
2024-02-16,278.6,272.2,[],0,0,0,0.0,0.0,0.0,0.0,0.0,0.0,0.0,1015818.039,0.0,1015818.039,0.0,0.0
2024-02-19,271.6,278.6,[],0,0,0,0.0,0.0,0.0,0.0,-0.0,0.0,0.0,1015818.039,0.0,1015818.039,0.0,0.0
2024-02-20,271.0,271.6,[],0,0,0,0.0,0.0,0.0,0.0,-0.0,0.0,0.0,1015818.039,0.0,1015818.039,0.0,0.0
2024-02-21,275.6,271.0,[],0,0,0,0.0,0.0,0.0,0.0,0.0,0.0,0.0,1015818.039,0.0,1015818.039,0.0,0.0
2024-02-22,278.2,275.6,[],0,0,0,0.0,0.0,0.0,0.0,0.0,0.0,0.0,1015818.039,0.0,1015818.039,0.0,0.0
2024-02-23,277.6,278.2,[],0,0,0,0.0,0.0,0.0,0.0,-0.0,0.0,0.0,1015818.039,0.0,1015818.039,0.0,0.0
2024-02-26,274.0,277.6,[],0,0,0,0.0,0.0,0.0,0.0,-0.0,0.0,0.0,1015818.039,0.0,1015818.039,0.0,0.0
2024-02-27,271.4,274.0,[],0,0,0,0.0,0.0,0.0,0.0,-0.0,0.0,0.0,1015818.039,0.0,1015818.039,0.0,0.0
2024-02-28,263.8,271.4,[],0,0,0,0.0,0.0,0.0,0.0,-0.0,0.0,0.0,1015818.039,0.0,1015818.039,0.0,0.0
2024-02-29,264.0,263.8,[],0,0,0,0.0,0.0,0.0,0.0,0.0,0.0,0.0,1015818.039,0.0,1015818.039,0.0,0.0
2024-03-01,264.2,264.0,[],0,0,0,0.0,0.0,0.0,0.0,0.0,0.0,0.0,1015818.039,0.0,1015818.039,0.0,0.0
2024-03-04,263.0,264.2,[],0,0,0,0.0,0.0,0.0,0.0,-0.0,0.0,0.0,1015818.039,0.0,1015818.039,0.0,0.0
2024-03-05,255.0,263.0,[],0,0,0,0.0,0.0,0.0,0.0,-0.0,0.0,0.0,1015818.039,0.0,1015818.039,0.0,0.0
2024-03-06,261.4,255.0,[],0,0,0,0.0,0.0,0.0,0.0,0.0,0.0,0.0,1015818.039,0.0,1015818.039,0.0,0.0
2024-03-07,257.8,261.4,[],0,0,0,0.0,0.0,0.0,0.0,-0.0,0.0,0.0,1015818.039,0.0,1015818.039,0.0,0.0
2024-03-08,256.8,257.8,[],0,0,0,0.0,0.0,0.0,0.0,-0.0,0.0,0.0,1015818.039,0.0,1015818.039,0.0,0.0
2024-03-11,265.4,256.8,[],0,0,0,0.0,0.0,0.0,0.0,0.0,0.0,0.0,1015818.039,0.0,1015818.039,0.0,0.0
2024-03-12,277.6,265.4,[],0,0,0,0.0,0.0,0.0,0.0,0.0,0.0,0.0,1015818.039,0.0,1015818.039,0.0,0.0
2024-03-13,277.4,277.6,[],0,0,0,0.0,0.0,0.0,0.0,-0.0,0.0,0.0,1015818.039,0.0,1015818.039,0.0,0.0
2024-03-14,276.0,277.4,[],0,0,0,0.0,0.0,0.0,0.0,-0.0,0.0,0.0,1015818.039,0.0,1015818.039,0.0,0.0
2024-03-15,270.6,276.0,[],0,0,0,0.0,0.0,0.0,0.0,-0.0,0.0,0.0,1015818.039,0.0,1015818.039,0.0,0.0
2024-03-18,276.6,270.6,[],0,0,0,0.0,0.0,0.0,0.0,0.0,0.0,0.0,1015818.039,0.0,1015818.039,0.0,0.0
2024-03-19,271.8,276.6,[],0,0,0,0.0,0.0,0.0,0.0,-0.0,0.0,0.0,1015818.039,0.0,1015818.039,0.0,0.0
2024-03-20,275.6,271.8,[],0,0,0,0.0,0.0,0.0,0.0,0.0,0.0,0.0,1015818.039,0.0,1015818.039,0.0,0.0
2024-03-21,278.0,275.6,[],0,0,0,0.0,0.0,0.0,0.0,0.0,0.0,0.0,1015818.039,0.0,1015818.039,0.0,0.0
2024-03-22,275.6,278.0,[],0,0,0,0.0,0.0,0.0,0.0,-0.0,0.0,0.0,1015818.039,0.0,1015818.039,0.0,0.0
2024-03-25,275.4,275.6,[],0,0,0,0.0,0.0,0.0,0.0,-0.0,0.0,0.0,1015818.039,0.0,1015818.039,0.0,0.0
2024-03-26,286.2,275.4,[],0,0,0,0.0,0.0,0.0,0.0,0.0,0.0,0.0,1015818.039,0.0,1015818.039,0.0,0.0
2024-03-27,288.8,286.2,[],0,0,0,0.0,0.0,0.0,0.0,0.0,0.0,0.0,1015818.039,0.0,1015818.039,0.0,0.0
2024-03-28,290.6,288.8,[],0,0,0,0.0,0.0,0.0,0.0,0.0,0.0,0.0,1015818.039,0.0,1015818.039,0.0,0.0
2024-04-02,296.0,290.6,[],0,0,0,0.0,0.0,0.0,0.0,0.0,0.0,0.0,1015818.039,0.0,1015818.039,0.0,0.0
2024-04-03,295.2,296.0,[],0,0,0,0.0,0.0,0.0,0.0,-0.0,0.0,0.0,1015818.039,0.0,1015818.039,0.0,0.0
2024-04-05,296.8,295.2,[],0,0,0,0.0,0.0,0.0,0.0,0.0,0.0,0.0,1015818.039,0.0,1015818.039,0.0,0.0
2024-04-08,292.2,296.8,[],0,0,0,0.0,0.0,0.0,0.0,-0.0,0.0,0.0,1015818.039,0.0,1015818.039,0.0,0.0
2024-04-09,291.8,292.2,[],0,0,0,0.0,0.0,0.0,0.0,-0.0,0.0,0.0,1015818.039,0.0,1015818.039,0.0,0.0
2024-04-10,301.0,291.8,[],0,0,0,0.0,0.0,0.0,0.0,0.0,0.0,0.0,1015818.039,0.0,1015818.039,0.0,0.0
2024-04-11,301.8,301.0,[],0,0,0,0.0,0.0,0.0,0.0,0.0,0.0,0.0,1015818.039,0.0,1015818.039,0.0,0.0
2024-04-12,296.4,301.8,[],0,0,0,0.0,0.0,0.0,0.0,-0.0,0.0,0.0,1015818.039,0.0,1015818.039,0.0,0.0
2024-04-15,291.2,296.4,[],0,0,0,0.0,0.0,0.0,0.0,-0.0,0.0,0.0,1015818.039,0.0,1015818.039,0.0,0.0
2024-04-16,288.6,291.2,[],0,0,0,0.0,0.0,0.0,0.0,-0.0,0.0,0.0,1015818.039,0.0,1015818.039,0.0,0.0
2024-04-17,287.6,288.6,[],0,0,0,0.0,0.0,0.0,0.0,-0.0,0.0,0.0,1015818.039,0.0,1015818.039,0.0,0.0
2024-04-18,291.2,287.6,[],0,0,0,0.0,0.0,0.0,0.0,0.0,0.0,0.0,1015818.039,0.0,1015818.039,0.0,0.0
2024-04-19,290.6,291.2,[],0,0,0,0.0,0.0,0.0,0.0,-0.0,0.0,0.0,1015818.039,0.0,1015818.039,0.0,0.0
2024-04-22,307.2,290.6,[],0,0,0,0.0,0.0,0.0,0.0,0.0,0.0,0.0,1015818.039,0.0,1015818.039,0.0,0.0
2024-04-23,319.2,307.2,[],0,0,0,0.0,0.0,0.0,0.0,0.0,0.0,0.0,1015818.039,0.0,1015818.039,0.0,0.0
2024-04-24,331.0,319.2,"[TradeData(gateway_name='BACKTESTING', extra=None, symbol='00700', exchange=<Exchange.SEHK: 'SEHK'>, orderid='6', tradeid='5', direction=<Direction.SHORT: 'Short'>, offset=<Offset.OPEN: 'Open'>, price=324.6, volume=100, datetime=datetime.datetime(2024, 4, 24, 0, 0, tzinfo=zoneinfo.ZoneInfo(key='Asia/Shanghai')))]",1,0,-100,32460.000000000004,48.690000000000005,5.0,-639.9999999999977,0.0,-639.9999999999977,-693.6899999999978,1015124.349,-0.00068312132444018,1015818.039,-693.6899999999441,-0.0682888050189414
2024-04-25,326.2,331.0,[],0,-100,-100,0.0,0.0,0.0,0.0,480.00000000000114,480.00000000000114,480.00000000000114,1015604.349,0.0004727367170334735,1015818.039,-213.68999999994412,-0.02103624781169535
2024-04-26,335.2,326.2,[],0,-100,-100,0.0,0.0,0.0,0.0,-900.0,-900.0,-900.0,1014704.349,-0.0008865647473572586,1015818.039,-1113.6899999999441,-0.10963479257528169
2024-04-29,334.4,335.2,[],0,-100,-100,0.0,0.0,0.0,0.0,80.00000000000114,80.00000000000114,80.00000000000114,1014784.349,7.883759108422809e-05,1015818.039,-1033.6899999999441,-0.10175936637407401
2024-04-30,334.0,334.4,[],0,-100,-100,0.0,0.0,0.0,0.0,39.999999999997726,39.999999999997726,39.999999999997726,1014824.349,3.941646490244232e-05,1015818.039,-993.6899999999441,-0.09782165327347019
2024-05-02,347.2,334.0,[],0,-100,-100,0.0,0.0,0.0,0.0,-1319.9999999999989,-1319.9999999999989,-1319.9999999999989,1013504.349,-0.0013015643743040529,1015818.039,-2313.689999999944,-0.2277661855933968
2024-05-03,351.2,347.2,[],0,-100,-100,0.0,0.0,0.0,0.0,-400.0,-400.0,-400.0,1013104.349,-0.00039474813819649087,1015818.039,-2713.689999999944,-0.2671433165994352
2024-05-06,357.0,351.2,[],0,-100,-100,0.0,0.0,0.0,0.0,-580.0000000000011,-580.0000000000011,-580.0000000000011,1012524.349,-0.0005726617286012758,1015818.039,-3293.689999999944,-0.32424015655819083
2024-05-07,352.6,357.0,[],0,-100,-100,0.0,0.0,0.0,0.0,439.9999999999977,439.9999999999977,439.9999999999977,1012964.349,0.00043446305808134643,1015818.039,-2853.689999999944,-0.2809253124515486
2024-05-08,348.2,352.6,[],0,-100,-100,0.0,0.0,0.0,0.0,440.0000000000034,440.0000000000034,440.0000000000034,1013404.349,0.00043427438190240305,1015818.039,-2413.689999999944,-0.23761046834490643
2024-05-09,356.6,348.2,[],0,-100,-100,0.0,0.0,0.0,0.0,-840.0000000000034,-840.0000000000034,-840.0000000000034,1012564.349,-0.0008292329974921759,1015818.039,-3253.689999999944,-0.320302443457587
2024-05-10,357.8,356.6,[],0,-100,-100,0.0,0.0,0.0,0.0,-119.99999999999886,-119.99999999999886,-119.99999999999886,1012444.349,-0.0001185180095858267,1015818.039,-3373.689999999944,-0.3321155827593985
2024-05-13,365.0,357.8,[],0,-100,-100,0.0,0.0,0.0,0.0,-719.9999999999989,-719.9999999999989,-719.9999999999989,1011724.349,-0.0007114031859864469,1015818.039,-4093.689999999944,-0.40299441857026763
2024-05-14,368.6,365.0,[],0,-100,-100,0.0,0.0,0.0,0.0,-360.0000000000023,-360.0000000000023,-360.0000000000023,1011364.349,-0.0003558914684814802,1015818.039,-4453.689999999944,-0.4384338364757021
2024-05-16,383.8,368.6,[],0,-100,-100,0.0,0.0,0.0,0.0,-1519.9999999999989,-1519.9999999999989,-1519.9999999999989,1009844.349,-0.0015040508068716034,1015818.039,-5973.689999999944,-0.588066934298648
2024-05-17,385.2,383.8,[],0,-100,-100,0.0,0.0,0.0,0.0,-139.99999999999773,-139.99999999999773,-139.99999999999773,1009704.349,-0.0001386448371984678,1015818.039,-6113.689999999944,-0.6018489301507615
2024-05-20,385.2,385.2,[],0,-100,-100,0.0,0.0,0.0,0.0,-0.0,0.0,0.0,1009704.349,0.0,1015818.039,-6113.689999999944,-0.6018489301507615
2024-05-21,373.8,385.2,[],0,-100,-100,0.0,0.0,0.0,0.0,1139.9999999999977,1139.9999999999977,1139.9999999999977,1010844.349,0.0011284064789846562,1015818.039,-4973.689999999944,-0.489624106783552
2024-05-22,374.6,373.8,[],0,-100,-100,0.0,0.0,0.0,0.0,-80.00000000000114,-80.00000000000114,-80.00000000000114,1010764.349,-7.914489101762668e-05,1015818.039,-5053.689999999944,-0.49749953298475974
2024-05-23,372.0,374.6,[],0,-100,-100,0.0,0.0,0.0,0.0,260.0000000000023,260.0000000000023,260.0000000000023,1011024.349,0.00025719799669522724,1015818.039,-4793.689999999944,-0.47190439783083477
2024-05-24,367.2,372.0,[],0,-100,-100,0.0,0.0,0.0,0.0,480.00000000000114,480.00000000000114,480.00000000000114,1011504.349,0.00047465334804552264,1015818.039,-4313.689999999944,-0.42465184062358874
2024-05-27,367.6,367.2,[],0,-100,-100,0.0,0.0,0.0,0.0,-40.00000000000341,-40.00000000000341,-40.00000000000341,1011464.349,-3.954584175699639e-05,1015818.039,-4353.689999999944,-0.4285895537241925
2024-05-28,370.4,367.6,[],0,-100,-100,0.0,0.0,0.0,0.0,-279.99999999999545,-279.99999999999545,-279.99999999999545,1011184.349,-0.0002768646894198635,1015818.039,-4633.689999999944,-0.4561535454284194
2024-05-29,361.2,370.4,[],0,-100,-100,0.0,0.0,0.0,0.0,919.9999999999989,919.9999999999989,919.9999999999989,1012104.349,0.0009094105693516584,1015818.039,-3713.689999999944,-0.36558614411453116
2024-05-30,358.2,361.2,[],0,-100,-100,0.0,0.0,0.0,0.0,300.0,300.0,300.0,1012404.349,0.00029636820280616155,1015818.039,-3413.689999999944,-0.3360532958600023
2024-05-31,350.0,358.2,[],0,-100,-100,0.0,0.0,0.0,0.0,819.9999999999989,819.9999999999989,819.9999999999989,1013224.349,0.0008096252246046433,1015818.039,-2593.689999999944,-0.2553301772976237
2024-06-03,365.2,350.0,[],0,-100,-100,0.0,0.0,0.0,0.0,-1519.9999999999989,-1519.9999999999989,-1519.9999999999989,1011704.349,-0.0015012877115039543,1015818.039,-4113.689999999944,-0.4049632751205695
2024-06-04,367.6,365.2,[],0,-100,-100,0.0,0.0,0.0,0.0,-240.0000000000034,-240.0000000000034,-240.0000000000034,1011464.349,-0.00023725159583878078,1015818.039,-4353.689999999944,-0.4285895537241925
2024-06-05,371.0,367.6,[],0,-100,-100,0.0,0.0,0.0,0.0,-339.9999999999977,-339.9999999999977,-339.9999999999977,1011124.349,-0.00033620281131677745,1015818.039,-4693.689999999944,-0.46206011507932515
2024-06-06,371.8,371.0,[],0,-100,-100,0.0,0.0,0.0,0.0,-80.00000000000114,-80.00000000000114,-80.00000000000114,1011044.349,-7.912297339072212e-05,1015818.039,-4773.689999999944,-0.4699355412805329
2024-06-07,365.0,371.8,[],0,-100,-100,0.0,0.0,0.0,0.0,680.0000000000011,680.0000000000011,680.0000000000011,1011724.349,0.0006723458063083337,1015818.039,-4093.689999999944,-0.40299441857026763
2024-06-11,364.0,365.0,[],0,-100,-100,0.0,0.0,0.0,0.0,100.0,100.0,100.0,1011824.349,9.883626737554046e-05,1015818.039,-3993.689999999944,-0.39315013581875796
2024-06-12,361.0,364.0,[],0,-100,-100,0.0,0.0,0.0,0.0,300.0,300.0,300.0,1012124.349,0.0002964502039932696,1015818.039,-3693.689999999944,-0.36361728756422923
2024-06-13,370.0,361.0,[],0,-100,-100,0.0,0.0,0.0,0.0,-900.0,-900.0,-900.0,1011224.349,-0.0008896143904860933,1015818.039,-4593.689999999944,-0.4522158323278156
2024-06-14,370.0,370.0,[],0,-100,-100,0.0,0.0,0.0,0.0,-0.0,0.0,0.0,1011224.349,0.0,1015818.039,-4593.689999999944,-0.4522158323278156
2024-06-17,371.4,370.0,[],0,-100,-100,0.0,0.0,0.0,0.0,-139.99999999999773,-139.99999999999773,-139.99999999999773,1011084.349,-0.0001384556179401256,1015818.039,-4733.689999999944,-0.465997828179929
2024-06-18,367.2,371.4,[],0,-100,-100,0.0,0.0,0.0,0.0,419.99999999999886,419.99999999999886,419.99999999999886,1011504.349,0.0004153093572135228,1015818.039,-4313.689999999944,-0.42465184062358874
2024-06-19,379.2,367.2,[],0,-100,-100,0.0,0.0,0.0,0.0,-1200.0,-1200.0,-1200.0,1010304.349,-0.0011870560672701527,1015818.039,-5513.689999999944,-0.5427832336417038
2024-06-20,377.8,379.2,[],0,-100,-100,0.0,0.0,0.0,0.0,139.99999999999773,139.99999999999773,139.99999999999773,1010444.349,0.00013856250444460586,1015818.039,-5373.689999999944,-0.5290012377895904
2024-06-21,371.6,377.8,[],0,-100,-100,0.0,0.0,0.0,0.0,619.9999999999989,619.9999999999989,619.9999999999989,1011064.349,0.0006134032666331187,1015818.039,-4753.689999999944,-0.4679666847302309
2024-06-24,370.6,371.6,[],0,-100,-100,0.0,0.0,0.0,0.0,100.0,100.0,100.0,1011164.349,9.890078227105592e-05,1015818.039,-4653.689999999944,-0.45812240197872134
2024-06-25,372.2,370.6,[],0,-100,-100,0.0,0.0,0.0,0.0,-159.9999999999966,-159.9999999999966,-159.9999999999966,1011004.349,-0.0001582459470292115,1015818.039,-4813.689999999944,-0.47387325438113664
2024-06-26,372.2,372.2,[],0,-100,-100,0.0,0.0,0.0,0.0,-0.0,0.0,0.0,1011004.349,0.0,1015818.039,-4813.689999999944,-0.47387325438113664
2024-06-27,364.6,372.2,[],0,-100,-100,0.0,0.0,0.0,0.0,759.9999999999966,759.9999999999966,759.9999999999966,1011764.349,0.000751445319985406,1015818.039,-4053.689999999944,-0.39905670546966376
2024-06-28,362.6,364.6,[],0,-100,-100,0.0,0.0,0.0,0.0,200.0,200.0,200.0,1011964.349,0.00019765495330364128,1015818.039,-3853.689999999944,-0.3793681399666446
2024-07-02,359.4,362.6,[],0,-100,-100,0.0,0.0,0.0,0.0,320.00000000000455,320.00000000000455,320.00000000000455,1012284.349,0.0003161666874054095,1015818.039,-3533.689999999944,-0.34786643516181387
2024-07-03,369.6,359.4,[],0,-100,-100,0.0,0.0,0.0,0.0,-1020.0000000000045,-1020.0000000000045,-1020.0000000000045,1011264.349,-0.0010081300117914813,1015818.039,-4553.689999999944,-0.4482781192272117
2024-07-04,372.6,369.6,[],0,-100,-100,0.0,0.0,0.0,0.0,-300.0,-300.0,-300.0,1010964.349,-0.00029670234874765655,1015818.039,-4853.689999999944,-0.4778109674817405
2024-07-05,370.0,372.6,[],0,-100,-100,0.0,0.0,0.0,0.0,260.0000000000023,260.0000000000023,260.0000000000023,1011224.349,0.00025714712152211225,1015818.039,-4593.689999999944,-0.4522158323278156
2024-07-08,368.8,370.0,[],0,-100,-100,0.0,0.0,0.0,0.0,119.99999999999886,119.99999999999886,119.99999999999886,1011344.349,0.00011866098813805804,1015818.039,-4473.689999999944,-0.4404026930260041
2024-07-09,371.2,368.8,[],0,-100,-100,0.0,0.0,0.0,0.0,-239.99999999999773,-239.99999999999773,-239.99999999999773,1011104.349,-0.000237336058377058,1015818.039,-4713.689999999944,-0.4640289716296271
2024-07-10,367.8,371.2,[],0,-100,-100,0.0,0.0,0.0,0.0,339.9999999999977,339.9999999999977,339.9999999999977,1011444.349,0.00033620946040885055,1015818.039,-4373.689999999944,-0.4305584102744945
2024-07-11,375.0,367.8,[],0,-100,-100,0.0,0.0,0.0,0.0,-719.9999999999989,-719.9999999999989,-719.9999999999989,1010724.349,-0.0007121067902375277,1015818.039,-5093.689999999944,-0.5014372460853636
2024-07-12,387.2,375.0,[],0,-100,-100,0.0,0.0,0.0,0.0,-1219.9999999999989,-1219.9999999999989,-1219.9999999999989,1009504.349,-0.0012077841974161639,1015818.039,-6313.689999999944,-0.6215374956537806
2024-07-15,380.4,387.2,[],0,-100,-100,0.0,0.0,0.0,0.0,680.0000000000011,680.0000000000011,680.0000000000011,1010184.349,0.0006733711253301272,1015818.039,-5633.689999999944,-0.5545963729435154
2024-07-16,368.2,380.4,[],0,-100,-100,0.0,0.0,0.0,0.0,1219.9999999999989,1219.9999999999989,1219.9999999999989,1011404.349,0.0012069716746170086,1015818.039,-4413.689999999944,-0.43449612337509824
2024-07-17,362.0,368.2,[],0,-100,-100,0.0,0.0,0.0,0.0,619.9999999999989,619.9999999999989,619.9999999999989,1012024.349,0.0006128212177835768,1015818.039,-3793.689999999944,-0.37346157031573884
2024-07-18,359.4,362.0,[],0,-100,-100,0.0,0.0,0.0,0.0,260.0000000000023,260.0000000000023,260.0000000000023,1012284.349,0.00025687781877000294,1015818.039,-3533.689999999944,-0.34786643516181387
2024-07-19,354.2,359.4,[],0,-100,-100,0.0,0.0,0.0,0.0,519.9999999999989,519.9999999999989,519.9999999999989,1012804.349,0.0005135577636103543,1015818.039,-3013.689999999944,-0.296676164853964
2024-07-22,363.4,354.2,[],0,-100,-100,0.0,0.0,0.0,0.0,-919.9999999999989,-919.9999999999989,-919.9999999999989,1011884.349,-0.0009087817443012725,1015818.039,-3933.689999999944,-0.3872435661678522
2024-07-23,356.4,363.4,[],0,-100,-100,0.0,0.0,0.0,0.0,700.0,700.0,700.0,1012584.349,0.0006915394923992733,1015818.039,-3233.689999999944,-0.3183335869072851
2024-07-24,353.4,356.4,[],0,-100,-100,0.0,0.0,0.0,0.0,300.0,300.0,300.0,1012884.349,0.00029622773483496803,1015818.039,-2933.689999999944,-0.2888007386527563
2024-07-25,341.4,353.4,[],0,-100,-100,0.0,0.0,0.0,0.0,1200.0,1200.0,1200.0,1014084.349,0.0011840342096824867,1015818.039,-1733.6899999999441,-0.17066934563464117
2024-07-26,344.6,341.4,[],0,-100,-100,0.0,0.0,0.0,0.0,-320.00000000000455,-320.00000000000455,-320.00000000000455,1013764.349,-0.00031560540288023465,1015818.039,-2053.689999999944,-0.20217105043947187
2024-07-29,348.4,344.6,[],0,-100,-100,0.0,0.0,0.0,0.0,-379.99999999999545,-379.99999999999545,-379.99999999999545,1013384.349,-0.0003749108339471716,1015818.039,-2433.689999999944,-0.23957932489520836
2024-07-30,343.8,348.4,[],0,-100,-100,0.0,0.0,0.0,0.0,459.9999999999966,459.9999999999966,459.9999999999966,1013844.349,0.0004538215232931328,1015818.039,-1973.6899999999441,-0.1942956242382642
2024-07-31,352.4,343.8,[],0,-100,-100,0.0,0.0,0.0,0.0,-859.9999999999966,-859.9999999999966,-859.9999999999966,1012984.349,-0.000848616414854776,1015818.039,-2833.689999999944,-0.2789564559012467
2024-08-01,355.8,352.4,[],0,-100,-100,0.0,0.0,0.0,0.0,-340.0000000000034,-340.0000000000034,-340.0000000000034,1012644.349,-0.0003356982486758117,1015818.039,-3173.689999999944,-0.31242701725637934
2024-08-02,348.4,355.8,[],0,-100,-100,0.0,0.0,0.0,0.0,740.0000000000034,740.0000000000034,740.0000000000034,1013384.349,0.0007304931402375252,1015818.039,-2433.689999999944,-0.23957932489520836
2024-08-05,346.8,348.4,[],0,-100,-100,0.0,0.0,0.0,0.0,159.9999999999966,159.9999999999966,159.9999999999966,1013544.349,0.0001578743253181976,1015818.039,-2273.689999999944,-0.22382847249279297
2024-08-06,344.6,346.8,[],0,-100,-100,0.0,0.0,0.0,0.0,219.99999999999886,219.99999999999886,219.99999999999886,1013764.349,0.00021703650862897047,1015818.039,-2053.689999999944,-0.20217105043947187
2024-08-07,353.6,344.6,[],0,-100,-100,0.0,0.0,0.0,0.0,-900.0,-900.0,-900.0,1012864.349,-0.0008881745926643415,1015818.039,-2953.689999999944,-0.29076959520305823
2024-08-08,358.4,353.6,[],0,-100,-100,0.0,0.0,0.0,0.0,-479.99999999999545,-479.99999999999545,-479.99999999999545,1012384.349,-0.00047401586724796885,1015818.039,-3433.689999999944,-0.33802215241030426
2024-08-09,360.2,358.4,[],0,-100,-100,0.0,0.0,0.0,0.0,-180.00000000000114,-180.00000000000114,-180.00000000000114,1012204.349,-0.00017781389439946172,1015818.039,-3613.689999999944,-0.35574186136302155
2024-08-12,365.2,360.2,[],0,-100,-100,0.0,0.0,0.0,0.0,-500.0,-500.0,-500.0,1011704.349,-0.0004940934446955044,1015818.039,-4113.689999999944,-0.4049632751205695
2024-08-13,368.8,365.2,[],0,-100,-100,0.0,0.0,0.0,0.0,-360.0000000000023,-360.0000000000023,-360.0000000000023,1011344.349,-0.0003558985052172373,1015818.039,-4473.689999999944,-0.4404026930260041
2024-08-14,364.0,368.8,[],0,-100,-100,0.0,0.0,0.0,0.0,480.00000000000114,480.00000000000114,480.00000000000114,1011824.349,0.00047450319835477025,1015818.039,-3993.689999999944,-0.39315013581875796
2024-08-15,358.6,364.0,[],0,-100,-100,0.0,0.0,0.0,0.0,539.9999999999977,539.9999999999977,539.9999999999977,1012364.349,0.0005335471078795163,1015818.039,-3453.689999999944,-0.3399910089606062
2024-08-16,362.8,358.6,[],0,-100,-100,0.0,0.0,0.0,0.0,-419.99999999999886,-419.99999999999886,-419.99999999999886,1011944.349,-0.0004149564801470813,1015818.039,-3873.689999999944,-0.38133699651694647
2024-08-19,362.8,362.8,[],0,-100,-100,0.0,0.0,0.0,0.0,-0.0,0.0,0.0,1011944.349,0.0,1015818.039,-3873.689999999944,-0.38133699651694647
2024-08-20,360.6,362.8,[],0,-100,-100,0.0,0.0,0.0,0.0,219.99999999999886,219.99999999999886,219.99999999999886,1012164.349,0.00021737963092955867,1015818.039,-3653.689999999944,-0.3596795744636254
2024-08-21,361.8,360.6,[],0,-100,-100,0.0,0.0,0.0,0.0,-119.99999999999886,-119.99999999999886,-119.99999999999886,1012044.349,-0.00011856484981925019,1015818.039,-3773.689999999944,-0.3714927137654369
2024-08-22,368.0,361.8,[],0,-100,-100,0.0,0.0,0.0,0.0,-619.9999999999989,-619.9999999999989,-619.9999999999989,1011424.349,-0.0006128091035116922,1015818.039,-4393.689999999944,-0.43252726682479636
2024-08-23,365.8,368.0,[],0,-100,-100,0.0,0.0,0.0,0.0,219.99999999999886,219.99999999999886,219.99999999999886,1011644.349,0.00021749137939276655,1015818.039,-4173.689999999944,-0.41086984477147526
2024-08-26,372.2,365.8,[],0,-100,-100,0.0,0.0,0.0,0.0,-639.9999999999977,-639.9999999999977,-639.9999999999977,1011004.349,-0.0006328335928940151,1015818.039,-4813.689999999944,-0.47387325438113664
2024-08-27,372.0,372.2,[],0,-100,-100,0.0,0.0,0.0,0.0,19.999999999998863,19.999999999998863,19.999999999998863,1011024.349,1.9782112905072347e-05,1015818.039,-4793.689999999944,-0.47190439783083477
2024-08-28,364.4,372.0,[],0,-100,-100,0.0,0.0,0.0,0.0,760.0000000000023,760.0000000000023,760.0000000000023,1011784.349,0.000751430460539703,1015818.039,-4033.689999999944,-0.39708784891936183
2024-08-29,367.8,364.4,[],0,-100,-100,0.0,0.0,0.0,0.0,-340.0000000000034,-340.0000000000034,-340.0000000000034,1011444.349,-0.00033609646159785404,1015818.039,-4373.689999999944,-0.4305584102744945
2024-08-30,372.2,367.8,[],0,-100,-100,0.0,0.0,0.0,0.0,-439.9999999999977,-439.9999999999977,-439.9999999999977,1011004.349,-0.0004351161118471125,1015818.039,-4813.689999999944,-0.47387325438113664
2024-09-02,368.0,372.2,[],0,-100,-100,0.0,0.0,0.0,0.0,419.99999999999886,419.99999999999886,419.99999999999886,1011424.349,0.00041534221350117553,1015818.039,-4393.689999999944,-0.43252726682479636
2024-09-03,368.4,368.0,[],0,-100,-100,0.0,0.0,0.0,0.0,-39.999999999997726,-39.999999999997726,-39.999999999997726,1011384.349,-3.954896975154923e-05,1015818.039,-4433.689999999944,-0.43646497992540023
2024-09-04,363.0,368.4,[],0,-100,-100,0.0,0.0,0.0,0.0,539.9999999999977,539.9999999999977,539.9999999999977,1011924.349,0.0005337791641534734,1015818.039,-3893.689999999944,-0.3833058530672484
2024-09-05,363.6,363.0,[],0,-100,-100,0.0,0.0,0.0,0.0,-60.000000000002274,-60.000000000002274,-60.000000000002274,1011864.349,-5.929472783086282e-05,1015818.039,-3953.689999999944,-0.38921242271815415
2024-09-09,361.4,363.6,[],0,-100,-100,0.0,0.0,0.0,0.0,220.00000000000455,220.00000000000455,220.00000000000455,1012084.349,0.00021739681552595877,1015818.039,-3733.689999999944,-0.36755500066483304
2024-09-10,358.8,361.4,[],0,-100,-100,0.0,0.0,0.0,0.0,259.9999999999966,259.9999999999966,259.9999999999966,1012344.349,0.0002568625920847813,1015818.039,-3473.689999999944,-0.34195986551090807
2024-09-11,360.4,358.8,[],0,-100,-100,0.0,0.0,0.0,0.0,-159.9999999999966,-159.9999999999966,-159.9999999999966,1012184.349,-0.00015806147918890644,1015818.039,-3633.689999999944,-0.3577107179133235
2024-09-12,362.8,360.4,[],0,-100,-100,0.0,0.0,0.0,0.0,-240.0000000000034,-240.0000000000034,-240.0000000000034,1011944.349,-0.00023713907259144515,1015818.039,-3873.689999999944,-0.38133699651694647
2024-09-13,365.0,362.8,[],0,-100,-100,0.0,0.0,0.0,0.0,-219.99999999999886,-219.99999999999886,-219.99999999999886,1011724.349,-0.00021742689510795754,1015818.039,-4093.689999999944,-0.40299441857026763
2024-09-16,368.0,365.0,[],0,-100,-100,0.0,0.0,0.0,0.0,-300.0,-300.0,-300.0,1011424.349,-0.00029656742729327387,1015818.039,-4393.689999999944,-0.43252726682479636
2024-09-17,370.2,368.0,[],0,-100,-100,0.0,0.0,0.0,0.0,-219.99999999999886,-219.99999999999886,-219.99999999999886,1011204.349,-0.00021753869218318732,1015818.039,-4613.689999999944,-0.45418468887811747
2024-09-19,379.0,370.2,[],0,-100,-100,0.0,0.0,0.0,0.0,-880.0000000000011,-880.0000000000011,-880.0000000000011,1010324.349,-0.0008706283086228724,1015818.039,-5493.689999999944,-0.5408143770914019
2024-09-20,378.8,379.0,[],0,-100,-100,0.0,0.0,0.0,0.0,19.999999999998863,19.999999999998863,19.999999999998863,1010344.349,1.9795427147983555e-05,1015818.039,-5473.689999999944,-0.5388455205411
2024-09-23,377.8,378.8,[],0,-100,-100,0.0,0.0,0.0,0.0,100.0,100.0,100.0,1010444.349,9.897125828198872e-05,1015818.039,-5373.689999999944,-0.5290012377895904
2024-09-24,392.4,377.8,[],0,-100,-100,0.0,0.0,0.0,0.0,-1459.9999999999966,-1459.9999999999966,-1459.9999999999966,1008984.349,-0.0014459537549648977,1015818.039,-6833.689999999944,-0.6727277659616304
2024-09-25,395.6,392.4,[],0,-100,-100,0.0,0.0,0.0,0.0,-320.00000000000455,-320.00000000000455,-320.00000000000455,1008664.349,-0.0003172009111400491,1015818.039,-7153.689999999944,-0.7042294707664611
2024-09-26,420.2,395.6,[],0,-100,-100,0.0,0.0,0.0,0.0,-2459.9999999999964,-2459.9999999999964,-2459.9999999999964,1006204.349,-0.0024418476745198246,1015818.039,-9613.689999999944,-0.9463988264535973
2024-09-27,428.0,420.2,[],0,-100,-100,0.0,0.0,0.0,0.0,-780.0000000000011,-780.0000000000011,-780.0000000000011,1005424.349,-0.0007754910634011064,1015818.039,-10393.689999999944,-1.0231842319153721
2024-09-30,434.8,428.0,[],0,-100,-100,0.0,0.0,0.0,0.0,-680.0000000000011,-680.0000000000011,-680.0000000000011,1004744.349,-0.0006765601579755921,1015818.039,-11073.689999999944,-1.0901253546256373
2024-10-02,460.2,434.8,[],0,-100,-100,0.0,0.0,0.0,0.0,-2539.9999999999977,-2539.9999999999977,-2539.9999999999977,1002204.349,-0.0025312070594343625,1015818.039,-13613.689999999944,-1.3401701365139809
2024-10-03,456.4,460.2,[],0,-100,-100,0.0,0.0,0.0,0.0,380.00000000000114,380.00000000000114,380.00000000000114,1002584.349,0.00037909232522110594,1015818.039,-13233.689999999944,-1.3027618620582444
2024-10-04,467.8,456.4,[],0,-100,-100,0.0,0.0,0.0,0.0,-1140.0000000000034,-1140.0000000000034,-1140.0000000000034,1001444.349,-0.0011377083812261516,1015818.039,-14373.689999999944,-1.414986685425454
2024-10-07,468.6,467.8,[],0,-100,-100,0.0,0.0,0.0,0.0,-80.00000000000114,-80.00000000000114,-80.00000000000114,1001364.349,-7.988780967696874e-05,1015818.039,-14453.689999999944,-1.4228621116266615
2024-10-08,428.8,468.6,[],0,-100,-100,0.0,0.0,0.0,0.0,3980.000000000001,3980.000000000001,3980.000000000001,1005344.349,0.003966699524093888,1015818.039,-10473.689999999944,-1.0310596581165798
2024-10-09,424.4,428.8,[],0,-100,-100,0.0,0.0,0.0,0.0,440.0000000000034,440.0000000000034,440.0000000000034,1005784.349,0.00043756524130741177,1015818.039,-10033.689999999944,-0.9877448140099375
2024-10-10,429.0,424.4,[],0,-100,-100,0.0,0.0,0.0,0.0,-460.0000000000023,-460.0000000000023,-460.0000000000023,1005324.349,-0.0004574591204139886,1015818.039,-10493.689999999944,-1.0330285146668816
2024-10-14,426.2,429.0,[],0,-100,-100,0.0,0.0,0.0,0.0,280.00000000000114,280.00000000000114,280.00000000000114,1005604.349,0.00027847829919381125,1015818.039,-10213.689999999944,-1.0054645229626549
2024-10-15,407.2,426.2,[],0,-100,-100,0.0,0.0,0.0,0.0,1900.0,1900.0,1900.0,1007504.349,0.0018876283889207148,1015818.039,-8313.689999999944,-0.8184231506839725
2024-10-16,406.0,407.2,[],0,-100,-100,0.0,0.0,0.0,0.0,119.99999999999886,119.99999999999886,119.99999999999886,1007624.349,0.00011909909303661833,1015818.039,-8193.689999999944,-0.8066100113821609
2024-10-17,402.8,406.0,[],0,-100,-100,0.0,0.0,0.0,0.0,319.99999999999886,319.99999999999886,319.99999999999886,1007944.349,0.00031752825195806566,1015818.039,-7873.689999999944,-0.7751083065773302
2024-10-18,421.0,402.8,[],0,-100,-100,0.0,0.0,0.0,0.0,-1819.9999999999989,-1819.9999999999989,-1819.9999999999989,1006124.349,-0.0018072874050366649,1015818.039,-9693.689999999944,-0.9542742526548048
2024-10-21,411.2,421.0,[],0,-100,-100,0.0,0.0,0.0,0.0,980.0000000000011,980.0000000000011,980.0000000000011,1007104.349,0.0009735606077728289,1015818.039,-8713.689999999944,-0.8578002816900108
2024-10-22,411.8,411.2,[],0,-100,-100,0.0,0.0,0.0,0.0,-60.000000000002274,-60.000000000002274,-60.000000000002274,1007044.349,-5.9578520768919833e-05,1015818.039,-8773.689999999944,-0.8637068513409165
2024-10-23,418.4,411.8,[],0,-100,-100,0.0,0.0,0.0,0.0,-659.9999999999966,-659.9999999999966,-659.9999999999966,1006384.349,-0.0006555981091309979,1015818.039,-9433.689999999944,-0.92867911750088
2024-10-24,412.2,418.4,[],0,-100,-100,0.0,0.0,0.0,0.0,619.9999999999989,619.9999999999989,619.9999999999989,1007004.349,0.0006158771231936503,1015818.039,-8813.689999999944,-0.8676445644415205
2024-10-25,411.2,412.2,[],0,-100,-100,0.0,0.0,0.0,0.0,100.0,100.0,100.0,1007104.349,9.929950670641939e-05,1015818.039,-8713.689999999944,-0.8578002816900108
2024-10-28,407.4,411.2,[],0,-100,-100,0.0,0.0,0.0,0.0,380.00000000000114,380.00000000000114,380.00000000000114,1007484.349,0.0003772482242989072,1015818.039,-8333.689999999944,-0.8203920072342744
2024-10-29,408.6,407.4,[],0,-100,-100,0.0,0.0,0.0,0.0,-120.00000000000455,-120.00000000000455,-120.00000000000455,1007364.349,-0.00011911564402925666,1015818.039,-8453.689999999944,-0.832205146536086
2024-10-30,401.2,408.6,[],0,-100,-100,0.0,0.0,0.0,0.0,740.0000000000034,740.0000000000034,740.0000000000034,1008104.349,0.0007343205419033349,1015818.039,-7713.689999999944,-0.7593574541749148
2024-10-31,394.8,401.2,[],0,-100,-100,0.0,0.0,0.0,0.0,639.9999999999977,639.9999999999977,639.9999999999977,1008744.349,0.0006346534790799449,1015818.039,-7073.689999999944,-0.6963540445652535
2024-11-01,409.4,394.8,[],0,-100,-100,0.0,0.0,0.0,0.0,-1459.9999999999966,-1459.9999999999966,-1459.9999999999966,1007284.349,-0.0014483923335869642,1015818.039,-8533.689999999944,-0.8400805727372935
2024-11-04,409.2,409.4,[],0,-100,-100,0.0,0.0,0.0,0.0,19.999999999998863,19.999999999998863,19.999999999998863,1007304.349,1.9855169465041862e-05,1015818.039,-8513.689999999944,-0.8381117161869918
2024-11-05,418.0,409.2,[],0,-100,-100,0.0,0.0,0.0,0.0,-880.0000000000011,-880.0000000000011,-880.0000000000011,1006424.349,-0.000874000610798863,1015818.039,-9393.689999999944,-0.9247414044002761
2024-11-06,410.0,418.0,[],0,-100,-100,0.0,0.0,0.0,0.0,800.0,800.0,800.0,1007224.349,0.0007945775674622461,1015818.039,-8593.689999999944,-0.8459871423881993
2024-11-07,418.6,410.0,[],0,-100,-100,0.0,0.0,0.0,0.0,-860.0000000000023,-860.0000000000023,-860.0000000000023,1006364.349,-0.0008541963442145577,1015818.039,-9453.689999999944,-0.9306479740511818
2024-11-08,411.0,418.6,[],0,-100,-100,0.0,0.0,0.0,0.0,760.0000000000023,760.0000000000023,760.0000000000023,1007124.349,0.0007549086685688844,1015818.039,-8693.689999999944,-0.855831425139709
2024-11-11,403.4,411.0,[],0,-100,-100,0.0,0.0,0.0,0.0,760.0000000000023,760.0000000000023,760.0000000000023,1007884.349,0.0007543392113323056,1015818.039,-7933.689999999944,-0.781014876228236
2024-11-12,394.0,403.4,[],0,-100,-100,0.0,0.0,0.0,0.0,939.9999999999977,939.9999999999977,939.9999999999977,1008824.349,0.0009322120433212532,1015818.039,-6993.689999999944,-0.6884786183640458
2024-11-13,394.0,394.0,[],0,-100,-100,0.0,0.0,0.0,0.0,-0.0,0.0,0.0,1008824.349,0.0,1015818.039,-6993.689999999944,-0.6884786183640458
2024-11-14,393.6,394.0,[],0,-100,-100,0.0,0.0,0.0,0.0,39.999999999997726,39.999999999997726,39.999999999997726,1008864.349,3.9649327515022047e-05,1015818.039,-6953.689999999944,-0.6845409052634419
2024-11-15,391.2,393.6,[],0,-100,-100,0.0,0.0,0.0,0.0,240.0000000000034,240.0000000000034,240.0000000000034,1009104.349,0.00023786295730899155,1015818.039,-6713.689999999944,-0.6609146266598189
2024-11-18,394.4,391.2,[],0,-100,-100,0.0,0.0,0.0,0.0,-319.99999999999886,-319.99999999999886,-319.99999999999886,1008784.349,-0.00031716318447058765,1015818.039,-7033.689999999944,-0.6924163314646496
2024-11-19,396.4,394.4,[],0,-100,-100,0.0,0.0,0.0,0.0,-200.0,-200.0,-200.0,1008584.349,-0.00019827808456981066,1015818.039,-7233.689999999944,-0.7121048969676689
2024-11-20,401.0,396.4,[],0,-100,-100,0.0,0.0,0.0,0.0,-460.0000000000023,-460.0000000000023,-460.0000000000023,1008124.349,-0.0004561888471385702,1015818.039,-7693.689999999944,-0.757388597624613
2024-11-21,397.8,401.0,[],0,-100,-100,0.0,0.0,0.0,0.0,319.99999999999886,319.99999999999886,319.99999999999886,1008444.349,0.0003173707922804161,1015818.039,-7373.689999999944,-0.7258868928197824
2024-11-22,390.8,397.8,[],0,-100,-100,0.0,0.0,0.0,0.0,700.0,700.0,700.0,1009144.349,0.0006938976499829644,1015818.039,-6673.689999999944,-0.6569769135592151
2024-11-25,385.4,390.8,[],0,-100,-100,0.0,0.0,0.0,0.0,540.0000000000034,540.0000000000034,540.0000000000034,1009684.349,0.0005349636781103768,1015818.039,-6133.689999999944,-0.6038177867010633
2024-11-26,384.0,385.4,[],0,-100,-100,0.0,0.0,0.0,0.0,139.99999999999773,139.99999999999773,139.99999999999773,1009824.349,0.0001386475833086159,1015818.039,-5993.689999999944,-0.5900357908489499
2024-11-27,393.0,384.0,[],0,-100,-100,0.0,0.0,0.0,0.0,-900.0,-900.0,-900.0,1008924.349,-0.0008916415010134996,1015818.039,-6893.689999999944,-0.6786343356125362
2024-11-28,390.2,393.0,[],0,-100,-100,0.0,0.0,0.0,0.0,280.00000000000114,280.00000000000114,280.00000000000114,1009204.349,0.00027748478288246045,1015818.039,-6613.689999999944,-0.6510703439083093
2024-11-29,388.2,390.2,[],0,-100,-100,0.0,0.0,0.0,0.0,200.0,200.0,200.0,1009404.349,0.00019815628541827376,1015818.039,-6413.689999999944,-0.6313817784052902
2024-12-02,390.0,388.2,[],0,-100,-100,0.0,0.0,0.0,0.0,-180.00000000000114,-180.00000000000114,-180.00000000000114,1009224.349,-0.00017833888981701063,1015818.039,-6593.689999999944,-0.6491014873580074
2024-12-03,394.6,390.0,[],0,-100,-100,0.0,0.0,0.0,0.0,-460.0000000000023,-460.0000000000023,-460.0000000000023,1008764.349,-0.0004558994888556305,1015818.039,-7053.689999999944,-0.6943851880149515
2024-12-04,393.4,394.6,[],0,-100,-100,0.0,0.0,0.0,0.0,120.00000000000455,120.00000000000455,120.00000000000455,1008884.349,0.00011895034082048124,1015818.039,-6933.689999999944,-0.68257204871314
2024-12-05,395.4,393.4,[],0,-100,-100,0.0,0.0,0.0,0.0,-200.0,-200.0,-200.0,1008684.349,-0.00019825842941891396,1015818.039,-7133.689999999944,-0.7022606142161593
2024-12-06,402.8,395.4,[],0,-100,-100,0.0,0.0,0.0,0.0,-740.0000000000034,-740.0000000000034,-740.0000000000034,1007944.349,-0.0007338981478820914,1015818.039,-7873.689999999944,-0.7751083065773302
2024-12-09,409.0,402.8,[],0,-100,-100,0.0,0.0,0.0,0.0,-619.9999999999989,-619.9999999999989,-619.9999999999989,1007324.349,-0.00061530258488728,1015818.039,-8493.689999999944,-0.8361428596366898
2024-12-10,401.4,409.0,[],0,-100,-100,0.0,0.0,0.0,0.0,760.0000000000023,760.0000000000023,760.0000000000023,1008084.349,0.0007541894969277439,1015818.039,-7733.689999999944,-0.7613263107252168
2024-12-11,400.0,401.4,[],0,-100,-100,0.0,0.0,0.0,0.0,139.99999999999773,139.99999999999773,139.99999999999773,1008224.349,0.00013886762514479073,1015818.039,-7593.689999999944,-0.7475443148731034
2024-12-12,405.8,400.0,[],0,-100,-100,0.0,0.0,0.0,0.0,-580.0000000000011,-580.0000000000011,-580.0000000000011,1007644.349,-0.0005754343192885619,1015818.039,-8173.689999999944,-0.804641154831859
2024-12-13,400.0,405.8,[],0,-100,-100,0.0,0.0,0.0,0.0,580.0000000000011,580.0000000000011,580.0000000000011,1008224.349,0.0005754343192886305,1015818.039,-7593.689999999944,-0.7475443148731034
2024-12-16,395.8,400.0,[],0,-100,-100,0.0,0.0,0.0,0.0,419.99999999999886,419.99999999999886,419.99999999999886,1008644.349,0.00041648720760808084,1015818.039,-7173.689999999944,-0.7061983273167631
2024-12-17,392.8,395.8,[],0,-100,-100,0.0,0.0,0.0,0.0,300.0,300.0,300.0,1008944.349,0.00029738469739468506,1015818.039,-6873.689999999944,-0.6766654790622343
2024-12-18,396.2,392.8,[],0,-100,-100,0.0,0.0,0.0,0.0,-339.9999999999977,-339.9999999999977,-339.9999999999977,1008604.349,-0.0003370426731763042,1015818.039,-7213.689999999944,-0.710136040417367
2024-12-19,405.4,396.2,[],0,-100,-100,0.0,0.0,0.0,0.0,-919.9999999999989,-919.9999999999989,-919.9999999999989,1007684.349,-0.0009125677932520448,1015818.039,-8133.689999999944,-0.8007034417312552
2024-12-20,416.6,405.4,[],0,-100,-100,0.0,0.0,0.0,0.0,-1120.0000000000045,-1120.0000000000045,-1120.0000000000045,1006564.349,-0.0011120772887070831,1015818.039,-9253.689999999944,-0.9109594085481627
2024-12-23,410.4,416.6,[],0,-100,-100,0.0,0.0,0.0,0.0,620.0000000000045,620.0000000000045,620.0000000000045,1007184.349,0.0006157670221773392,1015818.039,-8633.689999999944,-0.8499248554888033
2024-12-24,410.2,410.4,[],0,-100,-100,0.0,0.0,0.0,0.0,19.999999999998863,19.999999999998863,19.999999999998863,1007204.349,1.9857140799629273e-05,1015818.039,-8613.689999999944,-0.8479559989385013
2024-12-27,407.6,410.2,[],0,-100,-100,0.0,0.0,0.0,0.0,259.9999999999966,259.9999999999966,259.9999999999966,1007464.349,0.00025810695495633886,1015818.039,-8353.689999999944,-0.8223608637845763
2024-12-30,409.2,407.6,[],0,-100,-100,0.0,0.0,0.0,0.0,-159.9999999999966,-159.9999999999966,-159.9999999999966,1007304.349,-0.0001588271651184701,1015818.039,-8513.689999999944,-0.8381117161869918
2024-12-31,407.2,409.2,[],0,-100,-100,0.0,0.0,0.0,0.0,200.0,200.0,200.0,1007504.349,0.00019853001513784035,1015818.039,-8313.689999999944,-0.8184231506839725
2025-01-02,406.2,407.2,[],0,-100,-100,0.0,0.0,0.0,0.0,100.0,100.0,100.0,1007604.349,9.925022921228494e-05,1015818.039,-8213.689999999944,-0.8085788679324629
2025-01-03,404.4,406.2,[],0,-100,-100,0.0,0.0,0.0,0.0,180.00000000000114,180.00000000000114,180.00000000000114,1007784.349,0.00017862559282700918,1015818.039,-8033.689999999944,-0.7908591589797456
2025-01-06,399.6,404.4,[],0,-100,-100,0.0,0.0,0.0,0.0,479.99999999999545,479.99999999999545,479.99999999999545,1008264.349,0.00047617898272595444,1015818.039,-7553.689999999944,-0.7436066017724996
2025-01-07,369.8,399.6,[],0,-100,-100,0.0,0.0,0.0,0.0,2980.000000000001,2980.000000000001,2980.000000000001,1011244.349,0.0029512149819926592,1015818.039,-4573.689999999944,-0.4502469757775136
2025-01-08,359.4,369.8,[],0,-100,-100,0.0,0.0,0.0,0.0,1040.0000000000034,1040.0000000000034,1040.0000000000034,1012284.349,0.0010279074298271856,1015818.039,-3533.689999999944,-0.34786643516181387
2025-01-09,363.6,359.4,"[TradeData(gateway_name='BACKTESTING', extra=None, symbol='00700', exchange=<Exchange.SEHK: 'SEHK'>, orderid='7', tradeid='6', direction=<Direction.LONG: 'Long'>, offset=<Offset.CLOSE: 'Close'>, price=355.2, volume=100, datetime=datetime.datetime(2025, 1, 9, 0, 0, tzinfo=zoneinfo.ZoneInfo(key='Asia/Shanghai')))]",1,-100,0,35520.0,53.28,5.0,840.0000000000034,-420.00000000000455,419.99999999999886,361.7199999999989,1012646.069,0.0003572666009972195,1015818.039,-3171.969999999972,-0.3122576955930561
2025-01-10,359.8,363.6,[],0,0,0,0.0,0.0,0.0,0.0,-0.0,0.0,0.0,1012646.069,0.0,1015818.039,-3171.969999999972,-0.3122576955930561
2025-01-13,356.2,359.8,"[TradeData(gateway_name='BACKTESTING', extra=None, symbol='00700', exchange=<Exchange.SEHK: 'SEHK'>, orderid='8', tradeid='7', direction=<Direction.LONG: 'Long'>, offset=<Offset.OPEN: 'Open'>, price=355.0, volume=100, datetime=datetime.datetime(2025, 1, 13, 0, 0, tzinfo=zoneinfo.ZoneInfo(key='Asia/Shanghai')))]",1,0,100,35500.0,53.25,5.0,119.99999999999886,-0.0,119.99999999999886,61.74999999999886,1012707.819,6.097699802989609e-05,1015818.039,-3110.219999999972,-0.30617885099399894
2025-01-14,365.2,356.2,[],0,100,100,0.0,0.0,0.0,0.0,900.0,900.0,900.0,1013607.819,0.0008883118131296913,1015818.039,-2210.219999999972,-0.21758030623041258
2025-01-15,370.2,365.2,[],0,100,100,0.0,0.0,0.0,0.0,500.0,500.0,500.0,1014107.819,0.0004931658076347128,1015818.039,-1710.219999999972,-0.16835889247286462
2025-01-16,372.6,370.2,[],0,100,100,0.0,0.0,0.0,0.0,240.0000000000034,240.0000000000034,240.0000000000034,1014347.819,0.00023663322640521132,1015818.039,-1470.219999999972,-0.1447326138692416
2025-01-17,370.0,372.6,[],0,100,100,0.0,0.0,0.0,0.0,-260.0000000000023,-260.0000000000023,-260.0000000000023,1014087.819,-0.00025635518973652466,1015818.039,-1730.219999999972,-0.17032774902316652
2025-01-20,380.0,370.0,[],0,100,100,0.0,0.0,0.0,0.0,1000.0,1000.0,1000.0,1015087.819,0.0009856220055350156,1015818.039,-730.2199999999721,-0.0718849215080706
2025-01-21,377.6,380.0,[],0,100,100,0.0,0.0,0.0,0.0,-239.99999999999773,-239.99999999999773,-239.99999999999773,1014847.819,-0.0002364607001576835,1015818.039,-970.2199999999721,-0.09551120011169363
2025-01-22,373.6,377.6,[],0,100,100,0.0,0.0,0.0,0.0,-400.0,-400.0,-400.0,1014447.819,-0.00039422546196830443,1015818.039,-1370.219999999972,-0.13488833111773202
2025-01-23,371.4,373.6,[],0,100,100,0.0,0.0,0.0,0.0,-220.00000000000455,-220.00000000000455,-220.00000000000455,1014227.819,-0.00021689026746467242,1015818.039,-1590.219999999972,-0.15654575317105313
2025-01-24,380.8,371.4,[],0,100,100,0.0,0.0,0.0,0.0,940.0000000000034,940.0000000000034,940.0000000000034,1015167.819,0.0009263842393502018,1015818.039,-650.2199999999721,-0.06400949530686294
2025-01-27,385.8,380.8,[],0,100,100,0.0,0.0,0.0,0.0,500.0,500.0,500.0,1015667.819,0.0004924081503661683,1015818.039,-150.21999999997206,-0.014788081549314963
2025-01-28,391.4,385.8,[],0,100,100,0.0,0.0,0.0,0.0,559.9999999999966,559.9999999999966,559.9999999999966,1016227.819,0.0005512094260215555,1016227.819,0.0,0.0
2025-02-03,394.4,391.4,[],0,100,100,0.0,0.0,0.0,0.0,300.0,300.0,300.0,1016527.819,0.00029516582964522124,1016527.819,0.0,0.0
2025-02-04,411.0,394.4,[],0,100,100,0.0,0.0,0.0,0.0,1660.0000000000023,1660.0000000000023,1660.0000000000023,1018187.819,0.001631677996957425,1018187.819,0.0,0.0
2025-02-05,408.0,411.0,[],0,100,100,0.0,0.0,0.0,0.0,-300.0,-300.0,-300.0,1017887.819,-0.0002946845358511794,1018187.819,-300.0,-0.02946411206280597
2025-02-06,410.6,408.0,[],0,100,100,0.0,0.0,0.0,0.0,260.0000000000023,260.0000000000023,260.0000000000023,1018147.819,0.0002553982814060234,1018187.819,-40.0,-0.003928548275040795
2025-02-07,418.4,410.6,[],0,100,100,0.0,0.0,0.0,0.0,779.9999999999955,779.9999999999955,779.9999999999955,1018927.819,0.0007658037075985283,1018927.819,0.0,0.0
2025-02-10,427.2,418.4,[],0,100,100,0.0,0.0,0.0,0.0,880.0000000000011,880.0000000000011,880.0000000000011,1019807.819,0.0008632801999921601,1019807.819,0.0,0.0
2025-02-11,417.6,427.2,"[TradeData(gateway_name='BACKTESTING', extra=None, symbol='00700', exchange=<Exchange.SEHK: 'SEHK'>, orderid='9', tradeid='8', direction=<Direction.SHORT: 'Short'>, offset=<Offset.CLOSE: 'Close'>, price=430.2, volume=100, datetime=datetime.datetime(2025, 2, 11, 0, 0, tzinfo=zoneinfo.ZoneInfo(key='Asia/Shanghai')))]",1,100,0,43020.0,64.53,5.0,1259.9999999999966,-959.9999999999966,300.0,230.47,1020038.289,0.00022596802776121892,1020038.289,0.0,0.0
2025-02-12,434.4,417.6,[],0,0,0,0.0,0.0,0.0,0.0,0.0,0.0,0.0,1020038.289,0.0,1020038.289,0.0,0.0
2025-02-13,432.2,434.4,[],0,0,0,0.0,0.0,0.0,0.0,-0.0,0.0,0.0,1020038.289,0.0,1020038.289,0.0,0.0
2025-02-14,465.0,432.2,[],0,0,0,0.0,0.0,0.0,0.0,0.0,0.0,0.0,1020038.289,0.0,1020038.289,0.0,0.0
2025-02-17,483.8,465.0,"[TradeData(gateway_name='BACKTESTING', extra=None, symbol='00700', exchange=<Exchange.SEHK: 'SEHK'>, orderid='10', tradeid='9', direction=<Direction.SHORT: 'Short'>, offset=<Offset.OPEN: 'Open'>, price=496.2, volume=100, datetime=datetime.datetime(2025, 2, 17, 0, 0, tzinfo=zoneinfo.ZoneInfo(key='Asia/Shanghai')))]",1,0,-100,49620.0,74.43,5.0,1239.9999999999977,0.0,1239.9999999999977,1160.5699999999977,1021198.859,0.0011371242446705835,1021198.859,0.0,0.0
2025-02-18,493.7,483.8,[],0,-100,-100,0.0,0.0,0.0,0.0,-989.9999999999977,-989.9999999999977,-989.9999999999977,1020208.859,-0.0009699190111627735,1021198.859,-990.0,-0.09694487917558474
2025-02-19,488.0,493.7,[],0,-100,-100,0.0,0.0,0.0,0.0,569.9999999999989,569.9999999999989,569.9999999999989,1020778.859,0.0005585531062163827,1021198.859,-420.0,-0.04112813055933898
2025-02-20,477.0,488.0,[],0,-100,-100,0.0,0.0,0.0,0.0,1100.0,1100.0,1100.0,1021878.859,0.0010770283211319453,1021878.859,0.0,0.0
2025-02-21,507.2,477.0,[],0,-100,-100,0.0,0.0,0.0,0.0,-3019.999999999999,-3019.999999999999,-3019.999999999999,1018858.859,-0.0029597161633678143,1021878.859,-3020.0,-0.2955340521434547
2025-02-24,487.4,507.2,[],0,-100,-100,0.0,0.0,0.0,0.0,1980.0000000000011,1980.0000000000011,1980.0000000000011,1020838.859,0.0019414647616250664,1021878.859,-1040.0,-0.10177331596993142
2025-02-25,475.0,487.4,[],0,-100,-100,0.0,0.0,0.0,0.0,1239.9999999999977,1239.9999999999977,1239.9999999999977,1022078.859,0.0012139501668170765,1022078.859,0.0,0.0
2025-02-26,491.7,475.0,[],0,-100,-100,0.0,0.0,0.0,0.0,-1669.9999999999989,-1669.9999999999989,-1669.9999999999989,1020408.859,-0.0016352611155751257,1022078.859,-1670.0,-0.1633924804622145
2025-02-27,485.6,491.7,[],0,-100,-100,0.0,0.0,0.0,0.0,609.9999999999966,609.9999999999966,609.9999999999966,1021018.8589999999,0.0005976209814107445,1022078.859,-1060.0000000001164,-0.10371019717962059
2025-02-28,468.8,485.6,[],0,-100,-100,0.0,0.0,0.0,0.0,1680.0000000000011,1680.0000000000011,1680.0000000000011,1022698.8589999999,0.0016440630363141195,1022698.8589999999,0.0,0.0
2025-03-03,473.4,468.8,[],0,-100,-100,0.0,0.0,0.0,0.0,-459.9999999999966,-459.9999999999966,-459.9999999999966,1022238.859,-0.00044989145997902135,1022698.8589999999,-459.9999999998836,-0.04497902739909908
2025-03-04,481.2,473.4,[],0,-100,-100,0.0,0.0,0.0,0.0,-780.0000000000011,-780.0000000000011,-780.0000000000011,1021458.859,-0.0007633223162144368,1022698.8589999999,-1239.9999999998836,-0.12124781298889506
2025-03-05,495.7,481.2,[],0,-100,-100,0.0,0.0,0.0,0.0,-1450.0,-1450.0,-1450.0,1020008.859,-0.0014205468262378628,1022698.8589999999,-2689.9999999998836,-0.2630295297904389
2025-03-06,534.2,495.7,[],0,-100,-100,0.0,0.0,0.0,0.0,-3850.0000000000055,-3850.0000000000055,-3850.0000000000055,1016158.8589999999,-0.003781618335351803,1022698.8589999999,-6540.0,-0.6394844330221356
2025-03-07,523.7,534.2,[],0,-100,-100,0.0,0.0,0.0,0.0,1050.0,1050.0,1050.0,1017208.8589999999,0.0010327695124042284,1022698.8589999999,-5490.0,-0.5368149139589488
2025-03-10,506.7,523.7,[],0,-100,-100,0.0,0.0,0.0,0.0,1700.0000000000057,1700.0000000000057,1700.0000000000057,1018908.859,0.0016698449013947318,1022698.8589999999,-3789.9999999998836,-0.37058807357092044
2025-03-11,507.7,506.7,[],0,-100,-100,0.0,0.0,0.0,0.0,-100.0,-100.0,-100.0,1018808.859,-9.814902152234441e-05,1022698.8589999999,-3889.9999999998836,-0.3803661230055097
2025-03-12,502.2,507.7,[],0,-100,-100,0.0,0.0,0.0,0.0,550.0,550.0,550.0,1019358.859,0.0005397004461339685,1022698.8589999999,-3339.9999999998836,-0.3265868511152689
2025-03-13,497.7,502.2,[],0,-100,-100,0.0,0.0,0.0,0.0,450.0,450.0,450.0,1019808.859,0.0004413565429979675,1022698.8589999999,-2889.9999999998836,-0.2825856286596174
2025-03-14,511.7,497.7,[],0,-100,-100,0.0,0.0,0.0,0.0,-1400.0,-1400.0,-1400.0,1018408.859,-0.0013737494358999694,1022698.8589999999,-4289.999999999884,-0.4194783207438666
2025-03-17,514.7,511.7,[],0,-100,-100,0.0,0.0,0.0,0.0,-300.0000000000057,-300.0000000000057,-300.0000000000057,1018108.8589999999,-0.0002946205667827449,1022698.8589999999,-4590.0,-0.4488124690476457
2025-03-18,531.2,514.7,[],0,-100,-100,0.0,0.0,0.0,0.0,-1650.0,-1650.0,-1650.0,1016458.8589999999,-0.0016219665210785038,1022698.8589999999,-6240.0,-0.610150284718368
2025-03-19,530.2,531.2,[],0,-100,-100,0.0,0.0,0.0,0.0,100.0,100.0,100.0,1016558.8589999999,9.83759257928351e-05,1022698.8589999999,-6140.0,-0.6003722352837787
2025-03-20,509.7,530.2,[],0,-100,-100,0.0,0.0,0.0,0.0,2050.0000000000055,2050.0000000000055,2050.0000000000055,1018608.859,0.00201457666137211,1022698.8589999999,-4089.9999999998836,-0.3999222218746881
2025-03-21,501.7,509.7,[],0,-100,-100,0.0,0.0,0.0,0.0,800.0,800.0,800.0,1019408.859,0.0007850766301235763,1022698.8589999999,-3289.9999999998836,-0.3216978263979743
2025-03-24,503.2,501.7,[],0,-100,-100,0.0,0.0,0.0,0.0,-150.0,-150.0,-150.0,1019258.859,-0.0001471549276484041,1022698.8589999999,-3439.9999999998836,-0.3363649005498581
2025-03-25,492.2,503.2,[],0,-100,-100,0.0,0.0,0.0,0.0,1100.0,1100.0,1100.0,1020358.859,0.0010786336056427947,1022698.8589999999,-2339.9999999998836,-0.2288063567693766
2025-03-26,496.7,492.2,[],0,-100,-100,0.0,0.0,0.0,0.0,-450.0,-450.0,-450.0,1019908.859,-0.00044111858784693975,1022698.8589999999,-2789.9999999998836,-0.27280757922502813
2025-03-27,499.2,496.7,[],0,-100,-100,0.0,0.0,0.0,0.0,-250.0,-250.0,-250.0,1019658.859,-0.0002451499884468219,1022698.8589999999,-3039.9999999998836,-0.2972527028115012
2025-03-28,499.7,499.2,[],0,-100,-100,0.0,0.0,0.0,0.0,-50.0,-50.0,-50.0,1019608.859,-4.903721033653449e-05,1022698.8589999999,-3089.9999999998836,-0.30214172752879587
2025-03-31,487.2,499.7,[],0,-100,-100,0.0,0.0,0.0,0.0,1250.0,1250.0,1250.0,1020858.859,0.0012252094412879676,1022698.8589999999,-1839.9999999998836,-0.17991610959643045
2025-04-01,494.2,487.2,[],0,-100,-100,0.0,0.0,0.0,0.0,-700.0,-700.0,-700.0,1020158.859,-0.0006859323378455712,1022698.8589999999,-2539.9999999998836,-0.24836245563855508
2025-04-02,494.2,494.2,[],0,-100,-100,0.0,0.0,0.0,0.0,-0.0,0.0,0.0,1020158.859,0.0,1022698.8589999999,-2539.9999999998836,-0.24836245563855508
2025-04-03,488.0,494.2,[],0,-100,-100,0.0,0.0,0.0,0.0,619.9999999999989,619.9999999999989,619.9999999999989,1020778.859,0.0006075638796851061,1022698.8589999999,-1919.9999999998836,-0.18773854914410185
2025-04-07,425.6,488.0,[],0,-100,-100,0.0,0.0,0.0,0.0,6239.999999999998,6239.999999999998,6239.999999999998,1027018.859,0.006094370804932225,1027018.859,0.0,0.0
2025-04-08,430.6,425.6,[],0,-100,-100,0.0,0.0,0.0,0.0,-500.0,-500.0,-500.0,1026518.859,-0.00048696452516834045,1027018.859,-500.0,-0.04868459771876497
2025-04-09,431.4,430.6,[],0,-100,-100,0.0,0.0,0.0,0.0,-79.99999999999545,-79.99999999999545,-79.99999999999545,1026438.859,-7.793633481978806e-05,1027018.859,-580.0,-0.05647413335376736
2025-04-10,435.0,431.4,[],0,-100,-100,0.0,0.0,0.0,0.0,-360.0000000000023,-360.0000000000023,-360.0000000000023,1026078.859,-0.0003507886928667801,1027018.859,-940.0,-0.09152704371127814
2025-04-11,433.6,435.0,[],0,-100,-100,0.0,0.0,0.0,0.0,139.99999999999773,139.99999999999773,139.99999999999773,1026218.859,0.0001364324473873236,1027018.859,-800.0,-0.07789535635002394
2025-04-14,444.2,433.6,[],0,-100,-100,0.0,0.0,0.0,0.0,-1059.9999999999966,-1059.9999999999966,-1059.9999999999966,1025158.859,-0.001033451894344913,1027018.859,-1860.0,-0.18110670351380567
2025-04-15,446.2,444.2,[],0,-100,-100,0.0,0.0,0.0,0.0,-200.0,-200.0,-200.0,1024958.859,-0.0001951107479131728,1027018.859,-2060.0,-0.20058054260131164
2025-04-16,438.2,446.2,[],0,-100,-100,0.0,0.0,0.0,0.0,800.0,800.0,800.0,1025758.859,0.0007802146863611837,1027018.859,-1260.0,-0.1226851862512877
2025-04-17,448.2,438.2,[],0,-100,-100,0.0,0.0,0.0,0.0,-1000.0,-1000.0,-1000.0,1024758.859,-0.0009753635099072842,1027018.859,-2260.0,-0.22005438168881766
2025-04-22,450.6,448.2,[],0,-100,-100,0.0,0.0,0.0,0.0,-240.0000000000034,-240.0000000000034,-240.0000000000034,1024518.859,-0.00023422886901977238,1027018.859,-2500.0,-0.2434229885938248
2025-04-23,464.4,450.6,[],0,-100,-100,0.0,0.0,0.0,0.0,-1379.9999999999955,-1379.9999999999955,-1379.9999999999955,1023138.859,-0.001347881725348312,1027018.859,-3880.0,-0.3777924782976161
2025-04-24,461.2,464.4,[],0,-100,-100,0.0,0.0,0.0,0.0,319.99999999999886,319.99999999999886,319.99999999999886,1023458.859,0.0003127141204089223,1027018.859,-3560.0,-0.34663433575760655
2025-04-25,468.4,461.2,[],0,-100,-100,0.0,0.0,0.0,0.0,-719.9999999999989,-719.9999999999989,-719.9999999999989,1022738.859,-0.0007037443384690254,1027018.859,-4280.0,-0.4167401564726281
2025-04-28,468.4,468.4,[],0,-100,-100,0.0,0.0,0.0,0.0,-0.0,0.0,0.0,1022738.859,0.0,1027018.859,-4280.0,-0.4167401564726281
2025-04-29,463.2,468.4,[],0,-100,-100,0.0,0.0,0.0,0.0,519.9999999999989,519.9999999999989,519.9999999999989,1023258.859,0.000508309473291803,1027018.859,-3760.0,-0.36610817484511254
2025-04-30,467.4,463.2,[],0,-100,-100,0.0,0.0,0.0,0.0,-419.99999999999886,-419.99999999999886,-419.99999999999886,1022838.859,-0.000410537583033444,1027018.859,-4180.0,-0.4070032369288751
2025-05-02,478.0,467.4,[],0,-100,-100,0.0,0.0,0.0,0.0,-1060.0000000000023,-1060.0000000000023,-1060.0000000000023,1021778.859,-0.0010368687365223204,1027018.859,-5240.0,-0.5102145840926569
2025-05-06,485.6,478.0,[],0,-100,-100,0.0,0.0,0.0,0.0,-760.0000000000023,-760.0000000000023,-760.0000000000023,1021018.8589999999,-0.0007440776229266678,1027018.859,-6000.000000000116,-0.584215172625191
2025-05-07,480.0,485.6,[],0,-100,-100,0.0,0.0,0.0,0.0,560.0000000000023,560.0000000000023,560.0000000000023,1021578.859,0.0005483213939737683,1027018.859,-5440.0,-0.5296884231801628
2025-05-08,488.2,480.0,[],0,-100,-100,0.0,0.0,0.0,0.0,-819.9999999999989,-819.9999999999989,-819.9999999999989,1020758.859,-0.0008030014202206569,1027018.859,-6260.0,-0.6095311634389373
2025-05-09,484.8,488.2,[],0,-100,-100,0.0,0.0,0.0,0.0,339.9999999999977,339.9999999999977,339.9999999999977,1021098.8589999999,0.0003330300638924362,1027018.859,-5920.000000000116,-0.5764256369901885
2025-05-12,507.7,484.8,[],0,-100,-100,0.0,0.0,0.0,0.0,-2289.9999999999977,-2289.9999999999977,-2289.9999999999977,1018808.859,-0.0022452005468380325,1027018.859,-8210.0,-0.7994010945421207
2025-05-13,496.2,507.7,[],0,-100,-100,0.0,0.0,0.0,0.0,1150.0,1150.0,1150.0,1019958.859,0.0011281325594987858,1027018.859,-7060.0,-0.6874265197889613
2025-05-14,511.2,496.2,[],0,-100,-100,0.0,0.0,0.0,0.0,-1500.0,-1500.0,-1500.0,1018458.859,-0.0014717300163779444,1027018.859,-8560.0,-0.8334803129452562
2025-05-15,510.2,511.2,[],0,-100,-100,0.0,0.0,0.0,0.0,100.0,100.0,100.0,1018558.859,9.818274941508557e-05,1027018.859,-8460.0,-0.8237433934015033
2025-05-16,502.7,510.2,[],0,-100,-100,0.0,0.0,0.0,0.0,750.0,750.0,750.0,1019308.859,0.0007360635111270899,1027018.859,-7710.0,-0.7507164968233557
2025-05-19,508.7,502.7,[],0,-100,-100,0.0,0.0,0.0,0.0,-600.0,-600.0,-600.0,1018708.859,-0.000588807459361614,1027018.859,-8310.0,-0.8091380140858737
2025-05-20,511.7,508.7,[],0,-100,-100,0.0,0.0,0.0,0.0,-300.0,-300.0,-300.0,1018408.859,-0.00029453379106952736,1027018.859,-8610.0,-0.8383487727171327
2025-05-21,515.2,511.7,[],0,-100,-100,0.0,0.0,0.0,0.0,-350.0000000000057,-350.0000000000057,-350.0000000000057,1018058.8589999999,-0.0003437324346981646,1027018.859,-8960.000000000116,-0.8724279911202795
2025-05-22,511.2,515.2,[],0,-100,-100,0.0,0.0,0.0,0.0,400.0000000000057,400.0000000000057,400.0000000000057,1018458.859,0.0003928274245871346,1027018.859,-8560.0,-0.8334803129452562
2025-05-23,512.7,511.2,[],0,-100,-100,0.0,0.0,0.0,0.0,-150.00000000000568,-150.00000000000568,-150.00000000000568,1018308.8589999999,-0.00014729220121238978,1027018.859,-8710.000000000116,-0.848085692260897
2025-05-26,504.7,512.7,[],0,-100,-100,0.0,0.0,0.0,0.0,800.0000000000057,800.0000000000057,800.0000000000057,1019108.859,0.0007853078276940154,1027018.859,-7910.0,-0.7701903359108617
2025-05-27,506.7,504.7,[],0,-100,-100,0.0,0.0,0.0,0.0,-200.0,-200.0,-200.0,1018908.859,-0.00019626914808014304,1027018.859,-8110.0,-0.7896641749983677
2025-05-28,500.7,506.7,[],0,-100,-100,0.0,0.0,0.0,0.0,600.0,600.0,600.0,1019508.859,0.0005886919172940656,1027018.859,-7510.0,-0.7312426577358498
2025-05-29,505.2,500.7,[],0,-100,-100,0.0,0.0,0.0,0.0,-450.0,-450.0,-450.0,1019058.859,-0.00044148644495421675,1027018.859,-7960.0,-0.7750587956827383
2025-05-30,492.9,505.2,[],0,-100,-100,0.0,0.0,0.0,0.0,1230.0000000000011,1230.0000000000011,1230.0000000000011,1020288.859,0.0012062681986888487,1027018.859,-6730.0,-0.6552946852945764
2025-06-02,493.1,492.9,[],0,-100,-100,0.0,0.0,0.0,0.0,-20.000000000004547,-20.000000000004547,-20.000000000004547,1020268.8589999999,-1.9602483991807386e-05,1027018.859,-6750.000000000116,-0.6572420692033384
2025-06-03,499.7,493.1,[],0,-100,-100,0.0,0.0,0.0,0.0,-659.9999999999966,-659.9999999999966,-659.9999999999966,1019608.859,-0.0006470976345360442,1027018.859,-7410.0,-0.7215057381920967
2025-06-04,506.7,499.7,[],0,-100,-100,0.0,0.0,0.0,0.0,-700.0,-700.0,-700.0,1018908.859,-0.0006867735525008121,1027018.859,-8110.0,-0.7896641749983677
2025-06-05,509.7,506.7,[],0,-100,-100,0.0,0.0,0.0,0.0,-300.0,-300.0,-300.0,1018608.859,-0.00029447596898674093,1027018.859,-8410.0,-0.8188749336296267
2025-06-06,509.7,509.7,[],0,-100,-100,0.0,0.0,0.0,0.0,-0.0,0.0,0.0,1018608.859,0.0,1027018.859,-8410.0,-0.8188749336296267
2025-06-09,512.7,509.7,[],0,-100,-100,0.0,0.0,0.0,0.0,-300.0000000000057,-300.0000000000057,-300.0000000000057,1018308.8589999999,-0.00029456271062715066,1027018.859,-8710.000000000116,-0.848085692260897
2025-06-10,508.2,512.7,[],0,-100,-100,0.0,0.0,0.0,0.0,450.0000000000057,450.0000000000057,450.0000000000057,1018758.859,0.00044181153463261695,1027018.859,-8260.0,-0.8042695543139973
2025-06-11,512.7,508.2,[],0,-100,-100,0.0,0.0,0.0,0.0,-450.0000000000057,-450.0000000000057,-450.0000000000057,1018308.8589999999,-0.00044181153463260003,1027018.859,-8710.000000000116,-0.848085692260897
2025-06-12,504.7,512.7,[],0,-100,-100,0.0,0.0,0.0,0.0,800.0000000000057,800.0000000000057,800.0000000000057,1019108.859,0.0007853078276940154,1027018.859,-7910.0,-0.7701903359108617
2025-06-13,504.7,504.7,[],0,-100,-100,0.0,0.0,0.0,0.0,-0.0,0.0,0.0,1019108.859,0.0,1027018.859,-7910.0,-0.7701903359108617
2025-06-16,504.2,504.7,[],0,-100,-100,0.0,0.0,0.0,0.0,50.0,50.0,50.0,1019158.859,4.9061268613929856e-05,1027018.859,-7860.0,-0.7653218761389853
2025-06-17,508.2,504.2,[],0,-100,-100,0.0,0.0,0.0,0.0,-400.0,-400.0,-400.0,1018758.859,-0.0003925575616755646,1027018.859,-8260.0,-0.8042695543139973
2025-06-18,502.7,508.2,[],0,-100,-100,0.0,0.0,0.0,0.0,550.0,550.0,550.0,1019308.859,0.0005397269271221481,1027018.859,-7710.0,-0.7507164968233557
2025-06-19,492.7,502.7,[],0,-100,-100,0.0,0.0,0.0,0.0,1000.0,1000.0,1000.0,1020308.859,0.0009805759886297896,1027018.859,-6710.0,-0.6533473013858258
2025-06-20,500.2,492.7,[],0,-100,-100,0.0,0.0,0.0,0.0,-750.0,-750.0,-750.0,1019558.859,-0.0007353418333722791,1027018.859,-7460.0,-0.7263741979639733
2025-06-23,498.7,500.2,[],0,-100,-100,0.0,0.0,0.0,0.0,150.0,150.0,150.0,1019708.859,0.00014711163124543465,1027018.859,-7310.0,-0.7117688186483437
2025-06-24,504.2,498.7,[],0,-100,-100,0.0,0.0,0.0,0.0,-550.0,-550.0,-550.0,1019158.859,-0.0005395151519496799,1027018.859,-7860.0,-0.7653218761389853
2025-06-25,507.2,504.2,[],0,-100,-100,0.0,0.0,0.0,0.0,-300.0,-300.0,-300.0,1018858.859,-0.00029440372330152734,1027018.859,-8160.0,-0.7945326347702443
2025-06-26,507.7,507.2,[],0,-100,-100,0.0,0.0,0.0,0.0,-50.0,-50.0,-50.0,1018808.859,-4.907571491497873e-05,1027018.859,-8210.0,-0.7994010945421207
2025-06-27,507.7,507.7,[],0,-100,-100,0.0,0.0,0.0,0.0,-0.0,0.0,0.0,1018808.859,0.0,1027018.859,-8210.0,-0.7994010945421207
2025-06-30,497.7,507.7,[],0,-100,-100,0.0,0.0,0.0,0.0,1000.0,1000.0,1000.0,1019808.859,0.0009810569891318813,1027018.859,-7210.0,-0.7020318991045907
2025-07-02,496.2,497.7,[],0,-100,-100,0.0,0.0,0.0,0.0,150.0,150.0,150.0,1019958.859,0.00014707557036677612,1027018.859,-7060.0,-0.6874265197889613
2025-07-03,495.7,496.2,[],0,-100,-100,0.0,0.0,0.0,0.0,50.0,50.0,50.0,1020008.859,4.902038357659658e-05,1027018.859,-7010.0,-0.6825580600170849
2025-07-04,491.5,495.7,[],0,-100,-100,0.0,0.0,0.0,0.0,419.99999999999886,419.99999999999886,419.99999999999886,1020428.859,0.0004116763792658101,1027018.859,-6590.0,-0.6416629979333223
2025-07-07,496.7,491.5,[],0,-100,-100,0.0,0.0,0.0,0.0,-519.9999999999989,-519.9999999999989,-519.9999999999989,1019908.859,-0.0005097195495344882,1027018.859,-7110.0,-0.6922949795608379
2025-07-08,499.2,496.7,[],0,-100,-100,0.0,0.0,0.0,0.0,-250.0,-250.0,-250.0,1019658.859,-0.0002451499884468219,1027018.859,-7360.0,-0.7166372784202203
2025-07-09,492.3,499.2,[],0,-100,-100,0.0,0.0,0.0,0.0,689.9999999999977,689.9999999999977,689.9999999999977,1020348.8589999999,0.00067646805472758,1027018.859,-6670.000000000116,-0.649452533568336
2025-07-10,491.3,492.3,[],0,-100,-100,0.0,0.0,0.0,0.0,100.0,100.0,100.0,1020448.8589999999,9.80008936683306e-05,1027018.859,-6570.000000000116,-0.639715614024583
2025-07-11,491.3,491.3,[],0,-100,-100,0.0,0.0,0.0,0.0,-0.0,0.0,0.0,1020448.8589999999,0.0,1027018.859,-6570.000000000116,-0.639715614024583
2025-07-14,494.7,491.3,[],0,-100,-100,0.0,0.0,0.0,0.0,-339.9999999999977,-339.9999999999977,-339.9999999999977,1020108.859,-0.0003332422309323798,1027018.859,-6910.0,-0.6728211404733319
2025-07-15,512.2,494.7,[],0,-100,-100,0.0,0.0,0.0,0.0,-1750.0000000000057,-1750.0000000000057,-1750.0000000000057,1018358.8589999999,-0.0017169763489164906,1027018.859,-8660.000000000116,-0.8432172324890205
2025-07-16,511.2,512.2,[],0,-100,-100,0.0,0.0,0.0,0.0,100.00000000000568,100.00000000000568,100.00000000000568,1018458.859,9.819239021405661e-05,1027018.859,-8560.0,-0.8334803129452562
2025-07-17,511.7,511.2,[],0,-100,-100,0.0,0.0,0.0,0.0,-50.0,-50.0,-50.0,1018408.859,-4.9094989888781575e-05,1027018.859,-8610.0,-0.8383487727171327
2025-07-18,513.7,511.7,[],0,-100,-100,0.0,0.0,0.0,0.0,-200.00000000000568,-200.00000000000568,-200.00000000000568,1018208.8589999999,-0.00019640406628638666,1027018.859,-8810.000000000116,-0.8578226118046501
2025-07-21,516.2,513.7,[],0,-100,-100,0.0,0.0,0.0,0.0,-250.0,-250.0,-250.0,1017958.8589999999,-0.00024555934076182215,1027018.859,-9060.000000000116,-0.8821649106640325
2025-07-22,520.7,516.2,[],0,-100,-100,0.0,0.0,0.0,0.0,-450.0,-450.0,-450.0,1017508.8589999999,-0.0004421588250719639,1027018.859,-9510.000000000116,-0.925981048610921
2025-07-23,546.7,520.7,[],0,-100,-100,0.0,0.0,0.0,0.0,-2600.0,-2600.0,-2600.0,1014908.8589999999,-0.0025585305572669013,1027018.859,-12110.000000000116,-1.1791409567484987
2025-07-24,551.7,546.7,[],0,-100,-100,0.0,0.0,0.0,0.0,-500.0,-500.0,-500.0,1014408.8589999999,-0.0004927764693353345,1027018.859,-12610.000000000116,-1.2278255544672636
2025-07-25,545.2,551.7,[],0,-100,-100,0.0,0.0,0.0,0.0,650.0,650.0,650.0,1015058.8589999999,0.0006405620709910229,1027018.859,-11960.000000000116,-1.1645355774328692
2025-07-28,550.2,545.2,[],0,-100,-100,0.0,0.0,0.0,0.0,-500.0,-500.0,-500.0,1014558.8589999999,-0.0004927036315071448,1027018.859,-12460.000000000116,-1.2132201751516343
2025-07-29,549.7,550.2,[],0,-100,-100,0.0,0.0,0.0,0.0,50.0,50.0,50.0,1014608.8589999999,4.9281288645204104e-05,1027018.859,-12410.000000000116,-1.2083517153797578
2025-07-30,543.7,549.7,[],0,-100,-100,0.0,0.0,0.0,0.0,600.0,600.0,600.0,1015208.8589999999,0.0005911861071606633,1027018.859,-11810.000000000116,-1.1499301981172398
2025-07-31,544.7,543.7,[],0,-100,-100,0.0,0.0,0.0,0.0,-100.0,-100.0,-100.0,1015108.8589999999,-9.850675014484069e-05,1027018.859,-11910.000000000116,-1.1596671176609927
2025-08-01,529.7,544.7,[],0,-100,-100,0.0,0.0,0.0,0.0,1500.0,1500.0,1500.0,1016608.8589999999,0.0014765833454599719,1027018.859,-10410.000000000116,-1.0136133245046979
2025-08-04,544.7,529.7,[],0,-100,-100,0.0,0.0,0.0,0.0,-1500.0,-1500.0,-1500.0,1015108.8589999999,-0.0014765833454599003,1027018.859,-11910.000000000116,-1.1596671176609927
2025-08-05,553.7,544.7,[],0,-100,-100,0.0,0.0,0.0,0.0,-900.0,-900.0,-900.0,1014208.8589999999,-0.0008869976850095347,1027018.859,-12810.000000000116,-1.2472993935547698
2025-08-06,563.2,553.7,[],0,-100,-100,0.0,0.0,0.0,0.0,-950.0,-950.0,-950.0,1013258.8589999999,-0.0009371296628704879,1027018.859,-13760.000000000116,-1.3398001292204231
2025-08-07,561.7,563.2,[],0,-100,-100,0.0,0.0,0.0,0.0,150.0,150.0,150.0,1013408.8589999999,0.00014802623927108712,1027018.859,-13610.000000000116,-1.3251947499047936
2025-08-08,555.7,561.7,[],0,-100,-100,0.0,0.0,0.0,0.0,600.0,600.0,600.0,1014008.8589999999,0.0005918859366664951,1027018.859,-13010.000000000116,-1.2667732326422758
2025-08-11,555.7,555.7,[],0,-100,-100,0.0,0.0,0.0,0.0,-0.0,0.0,0.0,1014008.8589999999,0.0,1027018.859,-13010.000000000116,-1.2667732326422758
2025-08-12,554.2,555.7,[],0,-100,-100,0.0,0.0,0.0,0.0,150.0,150.0,150.0,1014158.8589999999,0.00014791676146135642,1027018.859,-12860.000000000116,-1.2521678533266463
2025-08-13,580.7,554.2,[],0,-100,-100,0.0,0.0,0.0,0.0,-2650.0,-2650.0,-2650.0,1011508.8589999999,-0.002616422711586594,1027018.859,-15510.000000000116,-1.5101962212361006
2025-08-14,584.7,580.7,[],0,-100,-100,0.0,0.0,0.0,0.0,-400.0,-400.0,-400.0,1011108.8589999999,-0.0003955270456251109,1027018.859,-15910.000000000116,-1.5491438994111124
2025-08-15,586.7,584.7,[],0,-100,-100,0.0,0.0,0.0,0.0,-200.0,-200.0,-200.0,1010908.8589999999,-0.00019782220390242102,1027018.859,-16110.000000000116,-1.5686177384986184
2025-08-18,581.7,586.7,[],0,-100,-100,0.0,0.0,0.0,0.0,500.0,500.0,500.0,1011408.8589999999,0.0004944821535584862,1027018.859,-15610.000000000116,-1.5199331407798535
2025-08-19,587.2,581.7,[],0,-100,-100,0.0,0.0,0.0,0.0,-550.0,-550.0,-550.0,1010858.8589999999,-0.000543943819767731,1027018.859,-16160.000000000116,-1.573486198270495
2025-08-20,585.2,587.2,[],0,-100,-100,0.0,0.0,0.0,0.0,200.0,200.0,200.0,1011058.8589999999,0.00019783198779249497,1027018.859,-15960.000000000116,-1.554012359182989
2025-08-21,587.7,585.2,[],0,-100,-100,0.0,0.0,0.0,0.0,-250.0,-250.0,-250.0,1010808.8589999999,-0.00024729610057912786,1027018.859,-16210.000000000116,-1.5783546580423715
2025-08-22,594.7,587.7,[],0,-100,-100,0.0,0.0,0.0,0.0,-700.0,-700.0,-700.0,1010108.8589999999,-0.0006927546052566575,1027018.859,-16910.000000000116,-1.6465130948486426
2025-08-25,609.2,594.7,[],0,-100,-100,0.0,0.0,0.0,0.0,-1450.0,-1450.0,-1450.0,1008658.8589999999,-0.0014365201468418591,1027018.859,-18360.000000000116,-1.7876984282330608
2025-08-26,604.2,609.2,[],0,-100,-100,0.0,0.0,0.0,0.0,500.0,500.0,500.0,1009158.8589999999,0.0004955849141110894,1027018.859,-17860.000000000116,-1.739013830514296
2025-08-27,593.7,604.2,[],0,-100,-100,0.0,0.0,0.0,0.0,1050.0,1050.0,1050.0,1010208.8589999999,0.0010399295633655523,1027018.859,-16810.000000000116,-1.6367761753048895
2025-08-28,588.7,593.7,[],0,-100,-100,0.0,0.0,0.0,0.0,500.0,500.0,500.0,1010708.8589999999,0.0004948247083478492,1027018.859,-16310.000000000116,-1.5880915775861246
2025-08-29,591.2,588.7,[],0,-100,-100,0.0,0.0,0.0,0.0,-250.0,-250.0,-250.0,1010458.8589999999,-0.00024738174773769286,1027018.859,-16560.000000000116,-1.612433876445507
2025-09-01,599.7,591.2,[],0,-100,-100,0.0,0.0,0.0,0.0,-850.0,-850.0,-850.0,1009608.8589999999,-0.0008415559959612874,1027018.859,-17410.000000000116,-1.6951976925674073
2025-09-02,595.2,599.7,[],0,-100,-100,0.0,0.0,0.0,0.0,450.0,450.0,450.0,1010058.8589999999,0.00044561786420215655,1027018.859,-16960.000000000116,-1.651381554620519
2025-09-03,593.2,595.2,[],0,-100,-100,0.0,0.0,0.0,0.0,200.0,200.0,200.0,1010258.8589999999,0.00019798866175502943,1027018.859,-16760.000000000116,-1.6319077155330128
2025-09-04,587.2,593.2,[],0,-100,-100,0.0,0.0,0.0,0.0,600.0,600.0,600.0,1010858.8589999999,0.0005937308968025515,1027018.859,-16160.000000000116,-1.573486198270495
2025-09-05,600.2,587.2,[],0,-100,-100,0.0,0.0,0.0,0.0,-1300.0,-1300.0,-1300.0,1009558.8589999999,-0.0012868627787412392,1027018.859,-17460.000000000116,-1.700066152339284
2025-09-08,612.2,600.2,[],0,-100,-100,0.0,0.0,0.0,0.0,-1200.0,-1200.0,-1200.0,1008358.8589999999,-0.0011893449675871891,1027018.859,-18660.000000000116,-1.8169091868643197
2025-09-09,621.7,612.2,[],0,-100,-100,0.0,0.0,0.0,0.0,-950.0,-950.0,-950.0,1007408.8589999999,-0.0009425689893249451,1027018.859,-19610.000000000116,-1.9094099225299734
2025-09-10,628.2,621.7,[],0,-100,-100,0.0,0.0,0.0,0.0,-650.0,-650.0,-650.0,1006758.8589999999,-0.0006454279023099449,1027018.859,-20260.000000000116,-1.9726998995643679
2025-09-11,624.2,628.2,[],0,-100,-100,0.0,0.0,0.0,0.0,400.0,400.0,400.0,1007158.8589999999,0.00039723569804743606,1027018.859,-19860.000000000116,-1.9337522213893559
2025-09-12,638.2,624.2,[],0,-100,-100,0.0,0.0,0.0,0.0,-1400.0,-1400.0,-1400.0,1005758.8589999999,-0.0013910158504961512,1027018.859,-21260.000000000116,-2.0700690950018976
2025-09-15,638.2,638.2,[],0,-100,-100,0.0,0.0,0.0,0.0,-0.0,0.0,0.0,1005758.8589999999,0.0,1027018.859,-21260.000000000116,-2.0700690950018976
2025-09-16,639.7,638.2,[],0,-100,-100,0.0,0.0,0.0,0.0,-150.0,-150.0,-150.0,1005608.8589999999,-0.00014915223997656634,1027018.859,-21410.000000000116,-2.084674474317527
2025-09-17,656.2,639.7,[],0,-100,-100,0.0,0.0,0.0,0.0,-1650.0,-1650.0,-1650.0,1003958.8589999999,-0.001642144582646771,1027018.859,-23060.000000000116,-2.2453336467894514
2025-09-18,636.7,656.2,[],0,-100,-100,0.0,0.0,0.0,0.0,1950.0,1950.0,1950.0,1005908.8589999999,0.001940426819526694,1027018.859,-21110.000000000116,-2.0554637156862685
2025-09-19,637.2,636.7,[],0,-100,-100,0.0,0.0,0.0,0.0,-50.0,-50.0,-50.0,1005858.8589999999,-4.970752792479373e-05,1027018.859,-21160.000000000116,-2.0603321754581447
2025-09-22,635.7,637.2,[],0,-100,-100,0.0,0.0,0.0,0.0,150.0,150.0,150.0,1006008.8589999999,0.00014911517187336034,1027018.859,-21010.000000000116,-2.045726796142515
2025-09-23,630.2,635.7,[],0,-100,-100,0.0,0.0,0.0,0.0,550.0,550.0,550.0,1006558.8589999999,0.0005465654733233185,1027018.859,-20460.000000000116,-1.9921737386518736
2025-09-24,643.2,630.2,[],0,-100,-100,0.0,0.0,0.0,0.0,-1300.0,-1300.0,-1300.0,1005258.8589999999,-0.0012923637855532188,1027018.859,-21760.000000000116,-2.118753692720663
2025-09-25,644.7,643.2,[],0,-100,-100,0.0,0.0,0.0,0.0,-150.0,-150.0,-150.0,1005108.8589999999,-0.00014922643149843727,1027018.859,-21910.000000000116,-2.133359072036292
2025-09-26,638.7,644.7,[],0,-100,-100,0.0,0.0,0.0,0.0,600.0,600.0,600.0,1005708.8589999999,0.0005967721613310752,1027018.859,-21310.000000000116,-2.0749375547737743
2025-09-29,654.7,638.7,[],0,-100,-100,0.0,0.0,0.0,0.0,-1600.0,-1600.0,-1600.0,1004108.8589999999,-0.0015921845286537325,1027018.859,-22910.000000000116,-2.2307282674738222
2025-09-30,657.7,654.7,[],0,-100,-100,0.0,0.0,0.0,0.0,-300.0,-300.0,-300.0,1003808.8589999999,-0.00029881702775259324,1027018.859,-23210.000000000116,-2.259939026105081
2025-10-02,671.2,657.7,[],0,-100,-100,0.0,0.0,0.0,0.0,-1350.0,-1350.0,-1350.0,1002458.8589999999,-0.0013457827104929314,1027018.859,-24560.000000000116,-2.3913874399457464
2025-10-03,668.2,671.2,[],0,-100,-100,0.0,0.0,0.0,0.0,300.0,300.0,300.0,1002758.8589999999,0.00029921938106297223,1027018.859,-24260.000000000116,-2.3621766813144873
2025-10-06,672.2,668.2,[],0,-100,-100,0.0,0.0,0.0,0.0,-400.0,-400.0,-400.0,1002358.8589999999,-0.00039897907411154615,1027018.859,-24660.000000000116,-2.4011243594894993
2025-10-08,669.7,672.2,[],0,-100,-100,0.0,0.0,0.0,0.0,250.0,250.0,250.0,1002608.8589999999,0.0002493805751096356,1027018.859,-24410.000000000116,-2.3767820606301173
2025-10-09,670.2,669.7,[],0,-100,-100,0.0,0.0,0.0,0.0,-50.0,-50.0,-50.0,1002558.8589999999,-4.987114001634121e-05,1027018.859,-24460.000000000116,-2.3816505204019935
2025-10-10,646.2,670.2,[],0,-100,-100,0.0,0.0,0.0,0.0,2400.0,2400.0,2400.0,1004958.8589999999,0.0023910136601735647,1027018.859,-22060.000000000116,-2.1479644513519216
2025-10-13,633.7,646.2,[],0,-100,-100,0.0,0.0,0.0,0.0,1250.0,1250.0,1250.0,1006208.8589999999,0.001243059094246903,1027018.859,-20810.000000000116,-2.026252957055009
2025-10-14,615.7,633.7,[],0,-100,-100,0.0,0.0,0.0,0.0,1800.0,1800.0,1800.0,1008008.8589999999,0.0017872948520687353,1027018.859,-19010.000000000116,-1.8509884052674552
2025-10-15,621.7,615.7,[],0,-100,-100,0.0,0.0,0.0,0.0,-600.0,-600.0,-600.0,1007408.8589999999,-0.0005954100853306872,1027018.859,-19610.000000000116,-1.9094099225299734
2025-10-16,614.7,621.7,[],0,-100,-100,0.0,0.0,0.0,0.0,700.0,700.0,700.0,1008108.8589999999,0.0006946106421128194,1027018.859,-18910.000000000116,-1.8412514857237023
2025-10-17,602.7,614.7,[],0,-100,-100,0.0,0.0,0.0,0.0,1200.0,1200.0,1200.0,1009308.8589999999,0.0011896397367957602,1027018.859,-17710.000000000116,-1.7244084511986664
2025-10-20,622.2,602.7,[],0,-100,-100,0.0,0.0,0.0,0.0,-1950.0,-1950.0,-1950.0,1007358.8589999999,-0.0019338838920560173,1027018.859,-19660.000000000116,-1.9142783823018497
2025-10-21,625.2,622.2,[],0,-100,-100,0.0,0.0,0.0,0.0,-300.0,-300.0,-300.0,1007058.8589999999,-0.00029785282321266463,1027018.859,-19960.000000000116,-1.943489140933109
2025-10-22,618.2,625.2,[],0,-100,-100,0.0,0.0,0.0,0.0,700.0,700.0,700.0,1007758.8589999999,0.0006948519679082831,1027018.859,-19260.000000000116,-1.8753307041268379
2025-10-23,627.7,618.2,[],0,-100,-100,0.0,0.0,0.0,0.0,-950.0,-950.0,-950.0,1006808.8589999999,-0.000943130441265569,1027018.859,-20210.000000000116,-1.967831439792491
2025-10-24,632.2,627.7,[],0,-100,-100,0.0,0.0,0.0,0.0,-450.0,-450.0,-450.0,1006358.8589999999,-0.00044705664954910925,1027018.859,-20660.000000000116,-2.01164757773938
2025-10-27,650.7,632.2,[],0,-100,-100,0.0,0.0,0.0,0.0,-1850.0,-1850.0,-1850.0,1004508.8589999999,-0.0018400022093824078,1027018.859,-22510.000000000116,-2.1917805892988103
2025-10-28,639.7,650.7,[],0,-100,-100,0.0,0.0,0.0,0.0,1100.0,1100.0,1100.0,1005608.8589999999,0.0010944633739136227,1027018.859,-21410.000000000116,-2.084674474317527
2025-10-30,645.7,639.7,[],0,-100,-100,0.0,0.0,0.0,0.0,-600.0,-600.0,-600.0,1005008.8589999999,-0.000596831523405836,1027018.859,-22010.000000000116,-2.1430959915800454
2025-10-31,623.7,645.7,[],0,-100,-100,0.0,0.0,0.0,0.0,2200.0,2200.0,2200.0,1007208.8589999999,0.002186642982925195,1027018.859,-19810.000000000116,-1.9288837616174792
2025-11-03,622.7,623.7,[],0,-100,-100,0.0,0.0,0.0,0.0,100.0,100.0,100.0,1007308.8589999999,9.927934531293418e-05,1027018.859,-19710.000000000116,-1.9191468420737263
2025-11-04,623.7,622.7,[],0,-100,-100,0.0,0.0,0.0,0.0,-100.0,-100.0,-100.0,1007208.8589999999,-9.927934531286486e-05,1027018.859,-19810.000000000116,-1.9288837616174792
2025-11-05,623.7,623.7,[],0,-100,-100,0.0,0.0,0.0,0.0,-0.0,0.0,0.0,1007208.8589999999,0.0,1027018.859,-19810.000000000116,-1.9288837616174792
2025-11-06,638.7,623.7,[],0,-100,-100,0.0,0.0,0.0,0.0,-1500.0,-1500.0,-1500.0,1005708.8589999999,-0.0014903741610881591,1027018.859,-21310.000000000116,-2.0749375547737743
2025-11-07,628.7,638.7,[],0,-100,-100,0.0,0.0,0.0,0.0,1000.0,1000.0,1000.0,1006708.8589999999,0.0009938295348560337,1027018.859,-20310.000000000116,-1.977568359336244
2025-11-10,644.2,628.7,[],0,-100,-100,0.0,0.0,0.0,0.0,-1550.0,-1550.0,-1550.0,1005158.8589999999,-0.0015408570780324985,1027018.859,-21860.000000000116,-2.1284906122644154
2025-11-11,644.7,644.2,[],0,-100,-100,0.0,0.0,0.0,0.0,-50.0,-50.0,-50.0,1005108.8589999999,-4.974461815468426e-05,1027018.859,-21910.000000000116,-2.133359072036292
2025-11-12,651.7,644.7,[],0,-100,-100,0.0,0.0,0.0,0.0,-700.0,-700.0,-700.0,1004408.8589999999,-0.0006966846045128206,1027018.859,-22610.000000000116,-2.201517508842563
2025-11-13,650.7,651.7,[],0,-100,-100,0.0,0.0,0.0,0.0,100.0,100.0,100.0,1004508.8589999999,9.955609349913967e-05,1027018.859,-22510.000000000116,-2.1917805892988103
2025-11-14,635.7,650.7,[],0,-100,-100,0.0,0.0,0.0,0.0,1500.0,1500.0,1500.0,1006008.8589999999,0.0014921532547421098,1027018.859,-21010.000000000116,-2.045726796142515
2025-11-17,631.2,635.7,[],0,-100,-100,0.0,0.0,0.0,0.0,450.0,450.0,450.0,1006458.8589999999,0.0004472121500136462,1027018.859,-20560.000000000116,-2.0019106581956265
2025-11-18,618.2,631.2,[],0,-100,-100,0.0,0.0,0.0,0.0,1300.0,1300.0,1300.0,1007758.8589999999,0.0012908238954413677,1027018.859,-19260.000000000116,-1.8753307041268379
2025-11-19,617.2,618.2,[],0,-100,-100,0.0,0.0,0.0,0.0,100.0,100.0,100.0,1007858.8589999999,9.922516476122188e-05,1027018.859,-19160.000000000116,-1.8655937845830848
2025-11-20,615.7,617.2,[],0,-100,-100,0.0,0.0,0.0,0.0,150.0,150.0,150.0,1008008.8589999999,0.00014881928902120035,1027018.859,-19010.000000000116,-1.8509884052674552
2025-11-21,604.7,615.7,[],0,-100,-100,0.0,0.0,0.0,0.0,1100.0,1100.0,1100.0,1009108.8589999999,0.0010906652588752726,1027018.859,-17910.000000000116,-1.7438822902861721
2025-11-24,619.2,604.7,[],0,-100,-100,0.0,0.0,0.0,0.0,-1450.0,-1450.0,-1450.0,1007658.8589999999,-0.0014379447240291574,1027018.859,-19360.000000000116,-1.8850676236705908
2025-11-25,619.7,619.2,[],0,-100,-100,0.0,0.0,0.0,0.0,-50.0,-50.0,-50.0,1007608.8589999999,-4.9621198775381535e-05,1027018.859,-19410.000000000116,-1.8899360834424672
2025-11-26,614.2,619.7,[],0,-100,-100,0.0,0.0,0.0,0.0,550.0,550.0,550.0,1008158.8589999999,0.0005456978090652405,1027018.859,-18860.000000000116,-1.836383025951826
2025-11-27,606.2,614.2,[],0,-100,-100,0.0,0.0,0.0,0.0,800.0,800.0,800.0,1008958.8589999999,0.0007932110603230522,1027018.859,-18060.000000000116,-1.7584876696018021
2025-11-28,606.2,606.2,[],0,-100,-100,0.0,0.0,0.0,0.0,-0.0,0.0,0.0,1008958.8589999999,0.0,1027018.859,-18060.000000000116,-1.7584876696018021
2025-12-01,614.2,606.2,[],0,-100,-100,0.0,0.0,0.0,0.0,-800.0,-800.0,-800.0,1008158.8589999999,-0.0007932110603229928,1027018.859,-18860.000000000116,-1.836383025951826
2025-12-02,611.7,614.2,[],0,-100,-100,0.0,0.0,0.0,0.0,250.0,250.0,250.0,1008408.8589999999,0.0002479460511534458,1027018.859,-18610.000000000116,-1.8120407270924435
2025-12-03,605.7,611.7,[],0,-100,-100,0.0,0.0,0.0,0.0,600.0,600.0,600.0,1009008.8589999999,0.0005948198157843707,1027018.859,-18010.000000000116,-1.7536192098299253
2025-12-04,606.7,605.7,[],0,-100,-100,0.0,0.0,0.0,0.0,-100.0,-100.0,-100.0,1008908.8589999999,-9.911206903016748e-05,1027018.859,-18110.000000000116,-1.7633561293736784
2025-12-05,604.7,606.7,[],0,-100,-100,0.0,0.0,0.0,0.0,200.0,200.0,200.0,1009108.8589999999,0.00019821431583163317,1027018.859,-17910.000000000116,-1.7438822902861721
2025-12-08,599.7,604.7,[],0,-100,-100,0.0,0.0,0.0,0.0,500.0,500.0,500.0,1009608.8589999999,0.0004953639686877695,1027018.859,-17410.000000000116,-1.6951976925674073
2025-12-09,597.2,599.7,[],0,-100,-100,0.0,0.0,0.0,0.0,250.0,250.0,250.0,1009858.8589999999,0.00024758999517420497,1027018.859,-17160.000000000116,-1.6708553937080248
2025-12-10,597.7,597.2,[],0,-100,-100,0.0,0.0,0.0,0.0,-50.0,-50.0,-50.0,1009808.8589999999,-4.951309521318553e-05,1027018.859,-17210.000000000116,-1.6757238534799015
2025-12-11,596.2,597.7,[],0,-100,-100,0.0,0.0,0.0,0.0,150.0,150.0,150.0,1009958.8589999999,0.00014853193160684034,1027018.859,-17060.000000000116,-1.661118474164272
2025-12-12,610.7,596.2,[],0,-100,-100,0.0,0.0,0.0,0.0,-1450.0,-1450.0,-1450.0,1008508.8589999999,-0.001436733653448103,1027018.859,-18510.000000000116,-1.8023038075486904
2025-12-15,597.7,610.7,[],0,-100,-100,0.0,0.0,0.0,0.0,1300.0,1300.0,1300.0,1009808.8589999999,0.0012882017218413763,1027018.859,-17210.000000000116,-1.6757238534799015
2025-12-16,591.2,597.7,[],0,-100,-100,0.0,0.0,0.0,0.0,650.0,650.0,650.0,1010458.8589999999,0.0006434790960001489,1027018.859,-16560.000000000116,-1.612433876445507
2025-12-17,599.7,591.2,[],0,-100,-100,0.0,0.0,0.0,0.0,-850.0,-850.0,-850.0,1009608.8589999999,-0.0008415559959612874,1027018.859,-17410.000000000116,-1.6951976925674073
2025-12-18,599.7,599.7,[],0,-100,-100,0.0,0.0,0.0,0.0,-0.0,0.0,0.0,1009608.8589999999,0.0,1027018.859,-17410.000000000116,-1.6951976925674073
2025-12-19,608.7,599.7,[],0,-100,-100,0.0,0.0,0.0,0.0,-900.0,-900.0,-900.0,1008708.8589999999,-0.0008918318970554213,1027018.859,-18310.000000000116,-1.7828299684611846
2025-12-22,609.2,608.7,[],0,-100,-100,0.0,0.0,0.0,0.0,-50.0,-50.0,-50.0,1008658.8589999999,-4.9569545070186956e-05,1027018.859,-18360.000000000116,-1.7876984282330608
2025-12-23,596.7,609.2,[],0,-100,-100,0.0,0.0,0.0,0.0,1250.0,1250.0,1250.0,1009908.8589999999,0.0012385020810879192,1027018.859,-17110.000000000116,-1.6659869339361484
2025-12-24,597.7,596.7,[],0,-100,-100,0.0,0.0,0.0,0.0,-100.0,-100.0,-100.0,1009808.8589999999,-9.902373900119505e-05,1027018.859,-17210.000000000116,-1.6757238534799015
2025-12-29,591.2,597.7,[],0,-100,-100,0.0,0.0,0.0,0.0,650.0,650.0,650.0,1010458.8589999999,0.0006434790960001489,1027018.859,-16560.000000000116,-1.612433876445507
2025-12-30,594.7,591.2,[],0,-100,-100,0.0,0.0,0.0,0.0,-350.0,-350.0,-350.0,1010108.8589999999,-0.000346437291244997,1027018.859,-16910.000000000116,-1.6465130948486426
2025-12-31,593.7,594.7,[],0,-100,-100,0.0,0.0,0.0,0.0,100.0,100.0,100.0,1010208.8589999999,9.899433063497762e-05,1027018.859,-16810.000000000116,-1.6367761753048895
2026-01-02,617.7,593.7,[],0,-100,-100,0.0,0.0,0.0,0.0,-2400.0,-2400.0,-2400.0,1007808.8589999999,-0.00237857290361181,1027018.859,-19210.000000000116,-1.8704622443549614
2026-01-05,619.2,617.7,[],0,-100,-100,0.0,0.0,0.0,0.0,-150.0,-150.0,-150.0,1007658.8589999999,-0.00014884882445632416,1027018.859,-19360.000000000116,-1.8850676236705908
2026-01-06,627.2,619.2,[],0,-100,-100,0.0,0.0,0.0,0.0,-800.0,-800.0,-800.0,1006858.8589999999,-0.0007942348036016637,1027018.859,-20160.000000000116,-1.9629629800206148
2026-01-07,619.2,627.2,[],0,-100,-100,0.0,0.0,0.0,0.0,800.0,800.0,800.0,1007658.8589999999,0.0007942348036016549,1027018.859,-19360.000000000116,-1.8850676236705908
2026-01-08,610.7,619.2,[],0,-100,-100,0.0,0.0,0.0,0.0,850.0,850.0,850.0,1008508.8589999999,0.000843183870836638,1027018.859,-18510.000000000116,-1.8023038075486904
2026-01-09,605.7,610.7,[],0,-100,-100,0.0,0.0,0.0,0.0,500.0,500.0,500.0,1009008.8589999999,0.0004956586063911501,1027018.859,-18010.000000000116,-1.7536192098299253
2026-01-12,617.7,605.7,[],0,-100,-100,0.0,0.0,0.0,0.0,-1200.0,-1200.0,-1200.0,1007808.8589999999,-0.001189993652771472,1027018.859,-19210.000000000116,-1.8704622443549614
2026-01-13,622.2,617.7,[],0,-100,-100,0.0,0.0,0.0,0.0,-450.0,-450.0,-450.0,1007358.8589999999,-0.0004466129577804819,1027018.859,-19660.000000000116,-1.9142783823018497
2026-01-14,627.7,622.2,[],0,-100,-100,0.0,0.0,0.0,0.0,-550.0,-550.0,-550.0,1006808.8589999999,-0.0005461312965698124,1027018.859,-20210.000000000116,-1.967831439792491
2026-01-15,616.7,627.7,[],0,-100,-100,0.0,0.0,0.0,0.0,1100.0,1100.0,1100.0,1007908.8589999999,0.0010919644965390186,1027018.859,-19110.000000000116,-1.8607253248112083
2026-01-16,612.2,616.7,[],0,-100,-100,0.0,0.0,0.0,0.0,450.0,450.0,450.0,1008358.8589999999,0.00044636930250330323,1027018.859,-18660.000000000116,-1.8169091868643197
2026-01-19,604.7,612.2,[],0,-100,-100,0.0,0.0,0.0,0.0,750.0,750.0,750.0,1009108.8589999999,0.0007435063548810484,1027018.859,-17910.000000000116,-1.7438822902861721
2026-01-20,595.7,604.7,[],0,-100,-100,0.0,0.0,0.0,0.0,900.0,900.0,900.0,1010008.8589999999,0.0008914785419213941,1027018.859,-17010.000000000116,-1.6562500143923953
2026-01-21,597.2,595.7,[],0,-100,-100,0.0,0.0,0.0,0.0,-150.0,-150.0,-150.0,1009858.8589999999,-0.00014852457805926466,1027018.859,-17160.000000000116,-1.6708553937080248
2026-01-22,592.2,597.2,[],0,-100,-100,0.0,0.0,0.0,0.0,500.0,500.0,500.0,1010358.8589999999,0.0004949961637839404,1027018.859,-16660.000000000116,-1.6221707959892602
2026-01-23,589.7,592.2,[],0,-100,-100,0.0,0.0,0.0,0.0,250.0,250.0,250.0,1010608.8589999999,0.00024740622925190396,1027018.859,-16410.000000000116,-1.5978284971298777
2026-01-26,594.2,589.7,[],0,-100,-100,0.0,0.0,0.0,0.0,-450.0,-450.0,-450.0,1010158.8589999999,-0.0004453752931919334,1027018.859,-16860.000000000116,-1.641644635076766
2026-01-27,601.7,594.2,[],0,-100,-100,0.0,0.0,0.0,0.0,-750.0,-750.0,-750.0,1009408.8589999999,-0.0007427332372108461,1027018.859,-17610.000000000116,-1.7146715316549135
2026-01-28,615.7,601.7,[],0,-100,-100,0.0,0.0,0.0,0.0,-1400.0,-1400.0,-1400.0,1008008.8589999999,-0.0013879130853705211,1027018.859,-19010.000000000116,-1.8509884052674552
2026-01-29,616.7,615.7,[],0,-100,-100,0.0,0.0,0.0,0.0,-100.0,-100.0,-100.0,1007908.8589999999,-9.921039850895941e-05,1027018.859,-19110.000000000116,-1.8607253248112083
2026-01-30,600.7,616.7,[],0,-100,-100,0.0,0.0,0.0,0.0,1600.0,1600.0,1600.0,1009508.8589999999,0.0015861864612265082,1027018.859,-17510.000000000116,-1.7049346121111604
2026-02-02,593.2,600.7,[],0,-100,-100,0.0,0.0,0.0,0.0,750.0,750.0,750.0,1010258.8589999999,0.0007426596908024965,1027018.859,-16760.000000000116,-1.6319077155330128
2026-02-03,575.7,593.2,[],0,-100,-100,0.0,0.0,0.0,0.0,1750.0,1750.0,1750.0,1012008.8589999999,0.0017307307249744845,1027018.859,-15010.000000000116,-1.4615116235173355
2026-02-04,552.7,575.7,[],0,-100,-100,0.0,0.0,0.0,0.0,2300.0,2300.0,2300.0,1014308.8589999999,0.00227012868448003,1027018.859,-12710.000000000116,-1.2375624740110167
2026-02-05,553.2,552.7,"[TradeData(gateway_name='BACKTESTING', extra=None, symbol='00700', exchange=<Exchange.SEHK: 'SEHK'>, orderid='11', tradeid='10', direction=<Direction.LONG: 'Long'>, offset=<Offset.CLOSE: 'Close'>, price=544.7, volume=100, datetime=datetime.datetime(2026, 2, 5, 0, 0, tzinfo=zoneinfo.ZoneInfo(key='Asia/Shanghai')))]",1,-100,0,54470.00000000001,81.70500000000001,5.0,850.0,-50.0,800.0,713.295,1015022.154,0.0007029853925316363,1027018.859,-11996.705000000075,-1.1681095137513997
2026-02-06,542.2,553.2,"[TradeData(gateway_name='BACKTESTING', extra=None, symbol='00700', exchange=<Exchange.SEHK: 'SEHK'>, orderid='12', tradeid='11', direction=<Direction.LONG: 'Long'>, offset=<Offset.OPEN: 'Open'>, price=540.7, volume=100, datetime=datetime.datetime(2026, 2, 6, 0, 0, tzinfo=zoneinfo.ZoneInfo(key='Asia/Shanghai')))]",1,0,100,54070.00000000001,81.10500000000002,5.0,150.0,-0.0,150.0,63.89499999999998,1015086.049,6.294738371742333e-05,1027018.859,-11932.810000000056,-1.161888109008917
2026-02-09,554.7,542.2,[],0,100,100,0.0,0.0,0.0,0.0,1250.0,1250.0,1250.0,1016336.049,0.00123066511779592,1027018.859,-10682.810000000056,-1.0401766147120046
2026-02-10,545.7,554.7,[],0,100,100,0.0,0.0,0.0,0.0,-900.0,-900.0,-900.0,1015436.049,-0.0008859261919688609,1027018.859,-11582.810000000056,-1.1278088906057815
2026-02-11,542.7,545.7,[],0,100,100,0.0,0.0,0.0,0.0,-300.0,-300.0,-300.0,1015136.049,-0.00029548323103453057,1027018.859,-11882.810000000056,-1.1570196492370404
2026-02-12,530.2,542.7,[],0,100,100,0.0,0.0,0.0,0.0,-1250.0,-1250.0,-1250.0,1013886.049,-0.0012321207929373826,1027018.859,-13132.810000000056,-1.278731143533953
2026-02-13,526.7,530.2,[],0,100,100,0.0,0.0,0.0,0.0,-350.0,-350.0,-350.0,1013536.049,-0.00034526604383191504,1027018.859,-13482.810000000056,-1.3128103619370883
2026-02-16,527.7,526.7,[],0,100,100,0.0,0.0,0.0,0.0,100.0,100.0,100.0,1013636.049,9.865960584191713e-05,1027018.859,-13382.810000000056,-1.3030734423933354
2026-02-20,516.7,527.7,[],0,100,100,0.0,0.0,0.0,0.0,-1100.0,-1100.0,-1100.0,1012536.049,-0.0010857913887527787,1027018.859,-14482.810000000056,-1.4101795573746183
2026-02-23,532.7,516.7,[],0,100,100,0.0,0.0,0.0,0.0,1600.0,1600.0,1600.0,1014136.049,0.0015789434649910064,1027018.859,-12882.810000000056,-1.2543888446745703
2026-02-24,514.7,532.7,[],0,100,100,0.0,0.0,0.0,0.0,-1800.0,-1800.0,-1800.0,1012336.049,-0.0017764868069610085,1027018.859,-14682.810000000056,-1.4296533964621243
2026-02-25,517.2,514.7,[],0,100,100,0.0,0.0,0.0,0.0,250.0,250.0,250.0,1012586.049,0.000246923080662761,1027018.859,-14432.810000000056,-1.4053110976027416
2026-02-26,506.7,517.2,[],0,100,100,0.0,0.0,0.0,0.0,-1050.0000000000057,-1050.0000000000057,-1050.0000000000057,1011536.049,-0.0010374869136804267,1027018.859,-15482.810000000056,-1.5075487528121483
2026-02-27,512.7,506.7,[],0,100,100,0.0,0.0,0.0,0.0,600.0000000000057,600.0000000000057,600.0000000000057,1012136.049,0.0005929814599651542,1027018.859,-14882.810000000056,-1.4491272355496303
2026-03-02,508.7,512.7,[],0,100,100,0.0,0.0,0.0,0.0,-400.0000000000057,-400.0000000000057,-400.0000000000057,1011736.049,-0.00039528190106828616,1027018.859,-15282.810000000056,-1.4880749137246423
2026-03-03,505.2,508.7,[],0,100,100,0.0,0.0,0.0,0.0,-350.0,-350.0,-350.0,1011386.049,-0.0003459998819029896,1027018.859,-15632.810000000056,-1.5221541321277776
2026-03-04,500.7,505.2,[],0,100,100,0.0,0.0,0.0,0.0,-450.0,-450.0,-450.0,1010936.049,-0.00044503297261310696,1027018.859,-16082.810000000056,-1.5659702700746663
2026-03-05,496.7,500.7,[],0,100,100,0.0,0.0,0.0,0.0,-400.0,-400.0,-400.0,1010536.049,-0.00039575120093553076,1027018.859,-16482.810000000056,-1.6049179482496783
2026-03-06,513.7,496.7,[],0,100,100,0.0,0.0,0.0,0.0,1700.0000000000057,1700.0000000000057,1700.0000000000057,1012236.049,0.001680862022895428,1027018.859,-14782.810000000056,-1.4393903160058774
2026-03-09,510.7,513.7,[],0,100,100,0.0,0.0,0.0,0.0,-300.0000000000057,-300.0000000000057,-300.0000000000057,1011936.049,-0.00029641748593705084,1027018.859,-15082.810000000056,-1.468601074637136
2026-03-10,548.2,510.7,[],0,100,100,0.0,0.0,0.0,0.0,3750.0000000000055,3750.0000000000055,3750.0000000000055,1015686.049,0.0036989183332751985,1027018.859,-11332.810000000056,-1.1034665917463988
2026-03-11,546.7,548.2,[],0,100,100,0.0,0.0,0.0,0.0,-150.0,-150.0,-150.0,1015536.049,-0.00014769433674472626,1027018.859,-11482.810000000056,-1.1180719710620286
2026-03-12,541.2,546.7,[],0,100,100,0.0,0.0,0.0,0.0,-550.0,-550.0,-550.0,1014986.049,-0.0005417326056117971,1027018.859,-12032.810000000056,-1.17162502855267
2026-03-13,542.2,541.2,[],0,100,100,0.0,0.0,0.0,0.0,100.0,100.0,100.0,1015086.049,9.851866855320797e-05,1027018.859,-11932.810000000056,-1.161888109008917
2026-03-16,553.2,542.2,[],0,100,100,0.0,0.0,0.0,0.0,1100.0,1100.0,1100.0,1016186.049,0.0010830652462669903,1027018.859,-10832.810000000056,-1.0547819940276342
2026-03-17,544.7,553.2,[],0,100,100,0.0,0.0,0.0,0.0,-850.0,-850.0,-850.0,1015336.049,-0.0008368110299543926,1027018.859,-11682.810000000056,-1.1375458101495344
2026-03-18,545.2,544.7,[],0,100,100,0.0,0.0,0.0,0.0,50.0,50.0,50.0,1015386.049,4.924356716194012e-05,1027018.859,-11632.810000000056,-1.132677350377658
2026-03-19,507.7,545.2,[],0,100,100,0.0,0.0,0.0,0.0,-3750.0000000000055,-3750.0000000000055,-3750.0000000000055,1011636.049,-0.003700013218262042,1027018.859,-15382.810000000056,-1.4978118332683952
2026-03-20,502.7,507.7,[],0,100,100,0.0,0.0,0.0,0.0,-500.0,-500.0,-500.0,1011136.049,-0.0004943710768779159,1027018.859,-15882.810000000056,-1.5464964309871603
2026-03-23,493.1,502.7,[],0,100,100,0.0,0.0,0.0,0.0,-959.9999999999966,-959.9999999999966,-959.9999999999966,1010176.049,-0.0009498781243444081,1027018.859,-16842.810000000056,-1.6399708586071888
2026-03-24,508.7,493.1,[],0,100,100,0.0,0.0,0.0,0.0,1559.9999999999966,1559.9999999999966,1559.9999999999966,1011736.049,0.0015430940950313375,1027018.859,-15282.810000000056,-1.4880749137246423
2026-03-25,500.2,508.7,[],0,100,100,0.0,0.0,0.0,0.0,-850.0,-850.0,-850.0,1010886.049,-0.0008404931903781794,1027018.859,-16132.810000000056,-1.5708387298465427
2026-03-26,490.3,500.2,[],0,100,100,0.0,0.0,0.0,0.0,-989.9999999999977,-989.9999999999977,-989.9999999999977,1009896.049,-0.0009798187347200681,1027018.859,-17122.810000000056,-1.6672342333296972
2026-03-27,488.1,490.3,[],0,100,100,0.0,0.0,0.0,0.0,-219.99999999999886,-219.99999999999886,-219.99999999999886,1009676.049,-0.00021786793458677354,1027018.859,-17342.810000000056,-1.6886554563259537
2026-03-30,476.3,488.1,[],0,100,100,0.0,0.0,0.0,0.0,-1180.0000000000011,-1180.0000000000011,-1180.0000000000011,1008496.049,-0.0011693751346916127,1027018.859,-18522.810000000056,-1.8035511069422392
2026-03-31,478.7,476.3,[],0,100,100,0.0,0.0,0.0,0.0,239.99999999999773,239.99999999999773,239.99999999999773,1008736.049,0.00023794981387643063,1027018.859,-18282.810000000056,-1.780182500037232
2026-04-01,491.3,478.7,[],0,100,100,0.0,0.0,0.0,0.0,1260.0000000000023,1260.0000000000023,1260.0000000000023,1009996.049,0.0012483084455506177,1027018.859,-17022.810000000056,-1.6574973137859443
2026-04-02,483.9,491.3,[],0,100,100,0.0,0.0,0.0,0.0,-740.0000000000034,-740.0000000000034,-740.0000000000034,1009256.049,-0.000732944671802765,1027018.859,-17762.810000000056,-1.7295505184097164
2026-04-08,502.7,483.9,[],0,100,100,0.0,0.0,0.0,0.0,1880.0000000000011,1880.0000000000011,1880.0000000000011,1011136.049,0.0018610254360653979,1027018.859,-15882.810000000056,-1.5464964309871603
2026-04-09,503.2,502.7,[],0,100,100,0.0,0.0,0.0,0.0,50.0,50.0,50.0,1011186.049,4.944810726216065e-05,1027018.859,-15832.810000000056,-1.5416279712152836
2026-04-10,499.2,503.2,[],0,100,100,0.0,0.0,0.0,0.0,-400.0,-400.0,-400.0,1010786.049,-0.00039565333825699857,1027018.859,-16232.810000000056,-1.5805756493902958
2026-04-13,484.7,499.2,[],0,100,100,0.0,0.0,0.0,0.0,-1450.0,-1450.0,-1450.0,1009336.049,-0.0014355570393014808,1027018.859,-17682.810000000056,-1.721760982774714
2026-04-14,487.9,484.7,[],0,100,100,0.0,0.0,0.0,0.0,319.99999999999886,319.99999999999886,319.99999999999886,1009656.049,0.00031698985151711604,1027018.859,-17362.810000000056,-1.6906028402347044
2026-04-15,493.7,487.9,[],0,100,100,0.0,0.0,0.0,0.0,580.0000000000011,580.0000000000011,580.0000000000011,1010236.049,0.0005742881181771564,1027018.859,-16782.810000000056,-1.6341287068809371
2026-04-16,511.7,493.7,[],0,100,100,0.0,0.0,0.0,0.0,1800.0,1800.0,1800.0,1012036.049,0.0017801763443548227,1027018.859,-14982.810000000056,-1.4588641550933832
2026-04-17,505.2,511.7,[],0,100,100,0.0,0.0,0.0,0.0,-650.0,-650.0,-650.0,1011386.049,-0.0006424759549686953,1027018.859,-15632.810000000056,-1.5221541321277776
2026-04-20,517.2,505.2,[],0,100,100,0.0,0.0,0.0,0.0,1200.0000000000057,1200.0000000000057,1200.0000000000057,1012586.049,0.0011857872366865367,1027018.859,-14432.810000000056,-1.4053110976027416
2026-04-21,513.7,517.2,[],0,100,100,0.0,0.0,0.0,0.0,-350.0,-350.0,-350.0,1012236.049,-0.0003457093873398243,1027018.859,-14782.810000000056,-1.4393903160058774
2026-04-22,498.7,513.7,[],0,100,100,0.0,0.0,0.0,0.0,-1500.0000000000057,-1500.0000000000057,-1500.0000000000057,1010736.049,-0.0014829668450512124,1027018.859,-16282.810000000056,-1.585444109162172
2026-04-23,489.9,498.7,[],0,100,100,0.0,0.0,0.0,0.0,-880.0000000000011,-880.0000000000011,-880.0000000000011,1009856.049,-0.0008710318688356266,1027018.859,-17162.810000000056,-1.6711290011471986
2026-04-24,488.1,489.9,[],0,100,100,0.0,0.0,0.0,0.0,-179.99999999999545,-179.99999999999545,-179.99999999999545,1009676.049,-0.0001782591132420274,1027018.859,-17342.810000000056,-1.6886554563259537
2026-04-27,473.3,488.1,[],0,100,100,0.0,0.0,0.0,0.0,-1480.0000000000011,-1480.0000000000011,-1480.0000000000011,1008196.049,-0.0014668920461828867,1027018.859,-18822.810000000056,-1.832761865573498
2026-04-28,468.5,473.3,[],0,100,100,0.0,0.0,0.0,0.0,-480.00000000000114,-480.00000000000114,-480.00000000000114,1007716.049,-0.00047621124903939597,1027018.859,-19302.810000000056,-1.8794990793835127
2026-04-29,473.9,468.5,[],0,100,100,0.0,0.0,0.0,0.0,539.9999999999977,539.9999999999977,539.9999999999977,1008256.049,0.0005357217130640327,1027018.859,-18762.810000000056,-1.8269197138472464
2026-04-30,462.5,473.9,[],0,100,100,0.0,0.0,0.0,0.0,-1139.9999999999977,-1139.9999999999977,-1139.9999999999977,1007116.049,-0.0011313048570208144,1027018.859,-19902.810000000056,-1.9379205966460304
2026-05-04,467.7,462.5,[],0,100,100,0.0,0.0,0.0,0.0,519.9999999999989,519.9999999999989,519.9999999999989,1007636.049,0.0005161925500041818,1027018.859,-19382.810000000056,-1.887288615018515
2026-05-05,466.9,467.7,[],0,100,100,0.0,0.0,0.0,0.0,-80.00000000000114,-80.00000000000114,-80.00000000000114,1007556.049,-7.93968973195163e-05,1027018.859,-19462.810000000056,-1.8950781506535175
2026-05-06,457.7,466.9,[],0,100,100,0.0,0.0,0.0,0.0,-919.9999999999989,-919.9999999999989,-919.9999999999989,1006636.049,-0.00091351769763469,1027018.859,-20382.810000000056,-1.9846578104560448
2026-05-07,472.1,457.7,[],0,100,100,0.0,0.0,0.0,0.0,1440.0000000000034,1440.0000000000034,1440.0000000000034,1008076.049,0.0014294848843572194,1027018.859,-18942.810000000056,-1.844446169026002
2026-05-08,466.1,472.1,[],0,100,100,0.0,0.0,0.0,0.0,-600.0,-600.0,-600.0,1007476.049,-0.0005953703884099117,1027018.859,-19542.810000000056,-1.9028676862885199
2026-05-11,459.1,466.1,[],0,100,100,0.0,0.0,0.0,0.0,-700.0,-700.0,-700.0,1006776.049,-0.0006950470885698642,1027018.859,-20242.810000000056,-1.9710261230947905
2026-05-12,451.9,459.1,[],0,100,100,0.0,0.0,0.0,0.0,-720.0000000000045,-720.0000000000045,-720.0000000000045,1006056.049,-0.0007154099255711727,1027018.859,-20962.810000000056,-2.041131943809812
2026-05-13,457.3,451.9,[],0,100,100,0.0,0.0,0.0,0.0,540.0000000000034,540.0000000000034,540.0000000000034,1006596.049,0.0005366054207721222,1027018.859,-20422.810000000056,-1.988552578273546
2026-05-14,454.9,457.3,[],0,100,100,0.0,0.0,0.0,0.0,-240.0000000000034,-240.0000000000034,-240.0000000000034,1006356.049,-0.00023845575001577547,1027018.859,-20662.810000000056,-2.0119211851785535
2026-05-15,456.4,454.9,[],0,100,100,0.0,0.0,0.0,0.0,150.0,150.0,150.0,1006506.049,0.00014904150704278155,1027018.859,-20512.810000000056,-1.997315805862924
2026-05-18,449.2,456.4,[],0,100,100,0.0,0.0,0.0,0.0,-719.9999999999989,-719.9999999999989,-719.9999999999989,1005786.049,-0.0007156019063443177,1027018.859,-21232.810000000056,-2.0674216265779455
2026-05-19,460.0,449.2,[],0,100,100,0.0,0.0,0.0,0.0,1080.0000000000011,1080.0000000000011,1080.0000000000011,1006866.049,0.0010732109188007427,1027018.859,-20152.810000000056,-1.9622628955054129
2026-05-20,455.2,460.0,[],0,100,100,0.0,0.0,0.0,0.0,-480.00000000000114,-480.00000000000114,-480.00000000000114,1006386.049,-0.00047684044096807816,1027018.859,-20632.810000000056,-2.0090001093154273
2026-05-21,439.0,455.2,[],0,100,100,0.0,0.0,0.0,0.0,-1619.9999999999989,-1619.9999999999989,-1619.9999999999989,1004766.049,-0.001611017239309596,1027018.859,-22252.810000000056,-2.1667382059242257
2026-05-22,441.4,439.0,[],0,100,100,0.0,0.0,0.0,0.0,239.99999999999773,239.99999999999773,239.99999999999773,1005006.049,0.0002388330511500037,1027018.859,-22012.810000000056,-2.143369599019219
2026-05-26,439.0,441.4,[],0,100,100,0.0,0.0,0.0,0.0,-239.99999999999773,-239.99999999999773,-239.99999999999773,1004766.049,-0.00023883305115007653,1027018.859,-22252.810000000056,-2.1667382059242257
2026-05-27,434.4,439.0,[],0,100,100,0.0,0.0,0.0,0.0,-460.0000000000023,-460.0000000000023,-460.0000000000023,1004306.049,-0.0004579228475634678,1027018.859,-22712.810000000056,-2.2115280358254896
2026-05-28,425.0,434.4,[],0,100,100,0.0,0.0,0.0,0.0,-939.9999999999977,-939.9999999999977,-939.9999999999977,1003366.049,-0.0009364079618616636,1027018.859,-23652.810000000056,-2.303055079536768
2026-05-29,427.2,425.0,[],0,100,100,0.0,0.0,0.0,0.0,219.99999999999886,219.99999999999886,219.99999999999886,1003586.049,0.00021923791913164498,1027018.859,-23432.810000000056,-2.281633856540511
2026-06-01,436.0,427.2,[],0,100,100,0.0,0.0,0.0,0.0,880.0000000000011,880.0000000000011,880.0000000000011,1004466.049,0.0008764713397738156,1027018.859,-22552.810000000056,-2.195948964555485
2026-06-02,481.6,436.0,[],0,100,100,0.0,0.0,0.0,0.0,4560.000000000002,4560.000000000002,4560.000000000002,1009026.049,0.004529451891648272,1027018.859,-17992.810000000056,-1.7519454333603481
2026-06-03,466.4,481.6,[],0,100,100,0.0,0.0,0.0,0.0,-1520.0000000000045,-1520.0000000000045,-1520.0000000000045,1007506.049,-0.001507538897476062,1027018.859,-19512.810000000056,-1.899946610425394
2026-06-04,459.0,466.4,[],0,100,100,0.0,0.0,0.0,0.0,-739.9999999999977,-739.9999999999977,-739.9999999999977,1006766.049,-0.0007347567729569408,1027018.859,-20252.810000000056,-1.971999815049166
2026-06-05,453.2,459.0,[],0,100,100,0.0,0.0,0.0,0.0,-580.0000000000011,-580.0000000000011,-580.0000000000011,1006186.049,-0.0005762680757550443,1027018.859,-20832.810000000056,-2.0284739484029335
2026-06-08,446.4,453.2,[],0,100,100,0.0,0.0,0.0,0.0,-680.0000000000011,-680.0000000000011,-680.0000000000011,1005506.049,-0.0006760478172330737,1027018.859,-21512.810000000056,-2.0946850013004537
2026-06-09,453.2,446.4,[],0,100,100,0.0,0.0,0.0,0.0,680.0000000000011,680.0000000000011,680.0000000000011,1006186.049,0.0006760478172330144,1027018.859,-20832.810000000056,-2.0284739484029335
2026-06-10,465.6,453.2,[],0,100,100,0.0,0.0,0.0,0.0,1240.0000000000034,1240.0000000000034,1240.0000000000034,1007426.049,0.0012316177062861742,1027018.859,-19592.810000000056,-1.9077361460603963
2026-06-11,457.2,465.6,[],0,100,100,0.0,0.0,0.0,0.0,-840.0000000000034,-840.0000000000034,-840.0000000000034,1006586.049,-0.0008341559115174151,1027018.859,-20432.810000000056,-1.9895262702279215
2026-06-12,463.6,457.2,[],0,100,100,0.0,0.0,0.0,0.0,640.0000000000034,640.0000000000034,640.0000000000034,1007226.049,0.0006356104645337975,1027018.859,-19792.810000000056,-1.9272099851479023
2026-06-15,459.6,463.6,[],0,100,100,0.0,0.0,0.0,0.0,-400.0,-400.0,-400.0,1006826.049,-0.0003972091939989212,1027018.859,-20192.810000000056,-1.9661576633229143
2026-06-16,447.4,459.6,[],0,100,100,0.0,0.0,0.0,0.0,-1220.0000000000045,-1220.0000000000045,-1220.0000000000045,1005606.049,-0.001212463417443383,1027018.859,-21412.810000000056,-2.0849480817567008
2026-06-17,445.4,447.4,[],0,100,100,0.0,0.0,0.0,0.0,-200.0,-200.0,-200.0,1005406.049,-0.0001989048209688303,1027018.859,-21612.810000000056,-2.104421920844207
2026-06-18,440.2,445.4,[],0,100,100,0.0,0.0,0.0,0.0,-519.9999999999989,-519.9999999999989,-519.9999999999989,1004886.049,-0.0005173377661037476,1027018.859,-22132.810000000056,-2.1550539024717223
2026-06-22,433.0,440.2,[],0,100,100,0.0,0.0,0.0,0.0,-719.9999999999989,-719.9999999999989,-719.9999999999989,1004166.049,-0.0007167559582363603,1027018.859,-22852.810000000056,-2.2251597231867435
2026-06-23,414.8,433.0,[],0,100,100,0.0,0.0,0.0,0.0,-1819.9999999999989,-1819.9999999999989,-1819.9999999999989,1002346.049,-0.0018140937210788207,1027018.859,-24672.810000000056,-2.402371658883048
2026-06-24,428.8,414.8,[],0,100,100,0.0,0.0,0.0,0.0,1400.0,1400.0,1400.0,1003746.049,0.0013957487083226775,1027018.859,-23272.810000000056,-2.2660547852705064
2026-06-25,421.4,428.8,[],0,100,100,0.0,0.0,0.0,0.0,-740.0000000000034,-740.0000000000034,-740.0000000000034,1003006.049,-0.0007375101630932364,1027018.859,-24012.810000000056,-2.3381079898942785
2026-06-26,411.8,421.4,[],0,100,100,0.0,0.0,0.0,0.0,-959.9999999999966,-959.9999999999966,-959.9999999999966,1002046.049,-0.0009575811763839625,1027018.859,-24972.810000000056,-2.4315824175143073
2026-06-29,420.2,411.8,[],0,100,100,0.0,0.0,0.0,0.0,839.9999999999977,839.9999999999977,839.9999999999977,1002886.049,0.0008379336636759203,1027018.859,-24132.810000000056,-2.3497922933467823
2026-06-30,429.8,420.2,[],0,100,100,0.0,0.0,0.0,0.0,960.0000000000023,960.0000000000023,960.0000000000023,1003846.049,0.0009567795065329529,1027018.859,-23172.810000000056,-2.2563178657267535
2026-07-02,430.2,429.8,[],0,100,100,0.0,0.0,0.0,0.0,39.999999999997726,39.999999999997726,39.999999999997726,1003886.049,3.9845953596164674e-05,1027018.859,-23132.810000000056,-2.252423097909252
2026-07-03,431.2,430.2,[],0,100,100,0.0,0.0,0.0,0.0,100.0,100.0,100.0,1003986.049,9.960793835656653e-05,1027018.859,-23032.810000000056,-2.242686178365499
2026-07-06,452.0,431.2,[],0,100,100,0.0,0.0,0.0,0.0,2080.000000000001,2080.000000000001,2080.000000000001,1006066.049,0.002069598837261734,1027018.859,-20952.810000000056,-2.0401582518554373
2026-07-07,461.2,452.0,[],0,100,100,0.0,0.0,0.0,0.0,919.9999999999989,919.9999999999989,919.9999999999989,1006986.049,0.0009140350266801205,1027018.859,-20032.810000000056,-1.9505785920529095
2026-07-08,478.8,461.2,[],0,100,100,0.0,0.0,0.0,0.0,1760.0000000000023,1760.0000000000023,1760.0000000000023,1008746.049,0.0017462642471161606,1027018.859,-18272.810000000056,-1.7792088080828568
2026-07-09,469.6,478.8,[],0,100,100,0.0,0.0,0.0,0.0,-919.9999999999989,-919.9999999999989,-919.9999999999989,1007826.049,-0.0009124395450487287,1027018.859,-19192.810000000056,-1.8687884678853843
2026-07-10,460.2,469.6,[],0,100,100,0.0,0.0,0.0,0.0,-940.0000000000034,-940.0000000000034,-940.0000000000034,1006886.049,-0.0009331358749881113,1027018.859,-20132.810000000056,-1.9603155115966622
2026-07-13,457.6,460.2,[],0,100,100,0.0,0.0,0.0,0.0,-259.9999999999966,-259.9999999999966,-259.9999999999966,1006626.049,-0.00025825521654754453,1027018.859,-20392.810000000056,-1.98563150241042
2026-07-14,456.2,457.6,[],0,100,100,0.0,0.0,0.0,0.0,-140.0000000000034,-140.0000000000034,-140.0000000000034,1006486.049,-0.00013908813161945207,1027018.859,-20532.810000000056,-1.9992631897716744
2026-07-15,474.0,456.2,[],0,100,100,0.0,0.0,0.0,0.0,1780.0000000000011,1780.0000000000011,1780.0000000000011,1008266.049,0.0017669672262798845,1027018.859,-18752.810000000056,-1.825946021892871
2026-07-16,484.0,474.0,[],0,100,100,0.0,0.0,0.0,0.0,1000.0,1000.0,1000.0,1009266.049,0.000991310208033473,1027018.859,-17752.810000000056,-1.728576826455341
2026-07-17,461.6,484.0,[],0,100,100,0.0,0.0,0.0,0.0,-2239.9999999999977,-2239.9999999999977,-2239.9999999999977,1007026.049,-0.0022219012054515586,1027018.859,-19992.810000000056,-1.946683824235408
2026-07-20,477.8,461.6,[],0,100,100,0.0,0.0,0.0,0.0,1619.9999999999989,1619.9999999999989,1619.9999999999989,1008646.049,0.001607404647227618,1027018.859,-18372.810000000056,-1.7889457276266099
2026-07-21,474.0,477.8,[],0,100,100,0.0,0.0,0.0,0.0,-380.00000000000114,-380.00000000000114,-380.00000000000114,1008266.049,-0.00037681364980961593,1027018.859,-18752.810000000056,-1.825946021892871
2026-07-22,440.6,474.0,[],0,100,100,0.0,0.0,0.0,0.0,-3339.9999999999977,-3339.9999999999977,-3339.9999999999977,1004926.049,-0.0033181166047086285,1027018.859,-22092.810000000056,-2.1511591346542214
2026-07-23,445.2,440.6,[],0,100,100,0.0,0.0,0.0,0.0,459.9999999999966,459.9999999999966,459.9999999999966,1005386.049,0.00045764039174402604,1027018.859,-21632.810000000056,-2.106369304752957
2026-07-24,434.6,445.2,[],0,100,100,0.0,0.0,0.0,0.0,-1059.9999999999966,-1059.9999999999966,-1059.9999999999966,1004326.049,-0.0010548775611683317,1027018.859,-22692.810000000056,-2.2095806519167387
2026-07-27,443.0,434.6,[],0,100,100,0.0,0.0,0.0,0.0,839.9999999999977,839.9999999999977,839.9999999999977,1005166.049,0.0008360321991437034,1027018.859,-21852.810000000056,-2.127790527749214
2026-07-28,447.2,443.0,[],0,100,100,0.0,0.0,0.0,0.0,419.99999999999886,419.99999999999886,419.99999999999886,1005586.049,0.0004177541393848644,1027018.859,-21432.810000000056,-2.0868954656654513
2026-07-29,466.4,447.2,[],0,100,100,0.0,0.0,0.0,0.0,1919.9999999999989,1919.9999999999989,1919.9999999999989,1007506.049,0.0019075139027021125,1027018.859,-19512.810000000056,-1.899946610425394
2026-07-30,471.8,466.4,[],0,100,100,0.0,0.0,0.0,0.0,540.0000000000034,540.0000000000034,540.0000000000034,1008046.049,0.0005358333465616548,1027018.859,-18972.810000000056,-1.8473672448891278
2026-07-31,475.2,471.8,[],0,100,100,0.0,0.0,0.0,0.0,339.9999999999977,339.9999999999977,339.9999999999977,1008386.049,0.0003372293106813856,1027018.859,-18632.810000000056,-1.8142617184403675
2026-08-03,490.4,475.2,[],0,100,100,0.0,0.0,0.0,0.0,1519.9999999999989,1519.9999999999989,1519.9999999999989,1009906.049,0.0015062242862431718,1027018.859,-17112.810000000056,-1.666260541375322
2026-08-04,487.6,490.4,[],0,100,100,0.0,0.0,0.0,0.0,-279.99999999999545,-279.99999999999545,-279.99999999999545,1009626.049,-0.00027729195497455396,1027018.859,-17392.810000000056,-1.6935239160978304
2026-08-05,492.2,487.6,[],0,100,100,0.0,0.0,0.0,0.0,459.9999999999966,459.9999999999966,459.9999999999966,1010086.049,0.0004555104743980189,1027018.859,-16932.810000000056,-1.6487340861965665
2026-08-06,479.2,492.2,[],0,100,100,0.0,0.0,0.0,0.0,-1300.0,-1300.0,-1300.0,1008786.049,-0.0012878479830042765,1027018.859,-18232.810000000056,-1.7753140402653558
2026-08-07,478.8,479.2,[],0,100,100,0.0,0.0,0.0,0.0,-39.999999999997726,-39.999999999997726,-39.999999999997726,1008746.049,-3.9652405079379774e-05,1027018.859,-18272.810000000056,-1.7792088080828568
2026-08-10,481.4,478.8,[],0,100,100,0.0,0.0,0.0,0.0,259.9999999999966,259.9999999999966,259.9999999999966,1009006.049,0.0002577125323736729,1027018.859,-18012.810000000056,-1.7538928172690988
2026-08-11,470.8,481.4,[],0,100,100,0.0,0.0,0.0,0.0,-1059.9999999999966,-1059.9999999999966,-1059.9999999999966,1007946.049,-0.0010510909987808778,1027018.859,-19072.810000000056,-1.8571041644328805
2026-08-12,461.6,470.8,[],0,100,100,0.0,0.0,0.0,0.0,-919.9999999999989,-919.9999999999989,-919.9999999999989,1007026.049,-0.0009131640729349268,1027018.859,-19992.810000000056,-1.946683824235408
2026-08-13,441.0,461.6,[],0,100,100,0.0,0.0,0.0,0.0,-2060.0000000000023,-2060.0000000000023,-2060.0000000000023,1004966.049,-0.0020477224755253475,1027018.859,-22052.810000000056,-2.14726436683672
2026-08-14,440.0,441.0,[],0,100,100,0.0,0.0,0.0,0.0,-100.0,-100.0,-100.0,1004866.049,-9.951080011313783e-05,1027018.859,-22152.810000000056,-2.157001286380473
2026-08-17,446.4,440.0,[],0,100,100,0.0,0.0,0.0,0.0,639.9999999999977,639.9999999999977,639.9999999999977,1005506.049,0.000636698074209497,1027018.859,-21512.810000000056,-2.0946850013004537
2026-08-18,442.4,446.4,[],0,100,100,0.0,0.0,0.0,0.0,-400.0,-400.0,-400.0,1005106.049,-0.0003978887878722208,1027018.859,-21912.810000000056,-2.1336326794754656
2026-08-19,447.2,442.4,[],0,100,100,0.0,0.0,0.0,0.0,480.00000000000114,480.00000000000114,480.00000000000114,1005586.049,0.00047744755111497265,1027018.859,-21432.810000000056,-2.0868954656654513
2026-08-20,451.4,447.2,[],0,100,100,0.0,0.0,0.0,0.0,419.99999999999886,419.99999999999886,419.99999999999886,1006006.049,0.0004175796937368477,1027018.859,-21012.810000000056,-2.0460004035816888
2026-08-21,457.0,451.4,[],0,100,100,0.0,0.0,0.0,0.0,560.0000000000023,560.0000000000023,560.0000000000023,1006566.049,0.0005565018167635678,1027018.859,-20452.810000000056,-1.9914736541366722
2026-08-24,440.0,457.0,[],0,100,100,0.0,0.0,0.0,0.0,-1700.0,-1700.0,-1700.0,1004866.049,-0.0016903383479527454,1027018.859,-22152.810000000056,-2.157001286380473
2026-08-25,442.0,440.0,[],0,100,100,0.0,0.0,0.0,0.0,200.0,200.0,200.0,1005066.049,0.0001990116988122212,1027018.859,-21952.810000000056,-2.1375274472929666
2026-08-26,445.4,442.0,[],0,100,100,0.0,0.0,0.0,0.0,339.9999999999977,339.9999999999977,339.9999999999977,1005406.049,0.00033822901952178773,1027018.859,-21612.810000000056,-2.104421920844207
2026-08-27,448.4,445.4,[],0,100,100,0.0,0.0,0.0,0.0,300.0,300.0,300.0,1005706.049,0.00029834239724729864,1027018.859,-21312.810000000056,-2.0752111622129474
