code,name,lot_size,stock_type,stock_child_type,stock_owner,option_type,strike_time,strike_price,suspension,listing_date,stock_id,delisting,index_option_type,main_contract,last_trade_time,exchange_type
HK.00001,长和,500,STOCK,N/A,,N/A,,N/A,N/A,2015-03-18,4440996184065,False,N/A,False,,HK_MAINBOARD
HK.00002,中电控股,500,STOCK,N/A,,N/A,,N/A,N/A,1970-01-01,2,False,N/A,False,,HK_MAINBOARD
HK.00003,香港中华煤气,1000,STOCK,N/A,,N/A,,N/A,N/A,1970-01-01,3,False,N/A,False,,HK_MAINBOARD
HK.00004,九龙仓集团,1000,STOCK,N/A,,N/A,,N/A,N/A,1970-01-01,4,False,N/A,False,,HK_MAINBOARD
HK.00005,汇丰控股,400,STOCK,N/A,,N/A,,N/A,N/A,1970-01-01,5,False,N/A,False,,HK_MAINBOARD
HK.00006,电能实业,500,STOCK,N/A,,N/A,,N/A,N/A,1976-08-16,6,False,N/A,False,,HK_MAINBOARD
HK.00007,智富资源投资,10000,STOCK,N/A,,N/A,,N/A,N/A,2000-09-08,48133698486279,False,N/A,False,,HK_MAINBOARD
HK.00008,电讯盈科,1000,STOCK,N/A,,N/A,,N/A,N/A,1994-10-18,38890928865288,False,N/A,False,,HK_MAINBOARD
HK.00009,金奥国际,6000,STOCK,N/A,,N/A,,N/A,N/A,2001-09-12,49718541418505,False,N/A,False,,HK_MAINBOARD
HK.00010,恒隆集团,1000,STOCK,N/A,,N/A,,N/A,N/A,1972-10-12,4355096838154,False,N/A,False,,HK_MAINBOARD
HK.00011,恒生银行,100,STOCK,N/A,,N/A,,N/A,N/A,1972-06-20,3865470566411,False,N/A,False,,HK_MAINBOARD
HK.00012,恒基地产,1000,STOCK,N/A,,N/A,,N/A,N/A,1981-07-23,18124761989132,False,N/A,False,,HK_MAINBOARD
HK.00013,和黄医药,500,STOCK,N/A,,N/A,,N/A,N/A,2021-06-30,80723910328333,False,N/A,False,,HK_MAINBOARD
HK.00014,希慎兴业,1000,STOCK,N/A,,N/A,,N/A,N/A,1981-09-18,18369575125006,False,N/A,False,,HK_MAINBOARD
HK.00016,新鸿基地产,500,STOCK,N/A,,N/A,,N/A,N/A,1972-09-08,4209067950096,False,N/A,False,,HK_MAINBOARD
HK.00017,新世界发展,1000,STOCK,N/A,,N/A,,N/A,N/A,1972-11-23,4535485464593,False,N/A,False,,HK_MAINBOARD
HK.00018,东方企控集团,2000,STOCK,N/A,,N/A,,N/A,N/A,1987-08-17,27646704484370,False,N/A,False,,HK_MAINBOARD
HK.00019,太古股份公司A,500,STOCK,N/A,,N/A,,N/A,N/A,1970-01-01,19,False,N/A,False,,HK_MAINBOARD
HK.00020,商汤-W,1000,STOCK,N/A,,N/A,,N/A,N/A,2021-12-30,81462644703252,False,N/A,False,,HK_MAINBOARD
HK.00021,大中华控股,5000,STOCK,N/A,,N/A,,N/A,N/A,1970-01-01,21,False,N/A,False,,HK_MAINBOARD
HK.00022,茂盛控股,40000,STOCK,N/A,,N/A,,N/A,N/A,1972-12-14,4625679777814,False,N/A,False,,HK_MAINBOARD
HK.00023,东亚银行,200,STOCK,N/A,,N/A,,N/A,N/A,1970-01-01,23,False,N/A,False,,HK_MAINBOARD
HK.00025,CHEVALIER INT'L,2000,STOCK,N/A,,N/A,,N/A,N/A,1984-12-05,23411866730521,False,N/A,False,,HK_MAINBOARD
HK.00026,中华汽车,200,STOCK,N/A,,N/A,,N/A,N/A,1970-01-01,26,False,N/A,False,,HK_MAINBOARD
HK.00027,银河娱乐,1000,STOCK,N/A,,N/A,,N/A,N/A,1991-10-07,34136400068635,False,N/A,False,,HK_MAINBOARD
HK.00028,天安,1000,STOCK,N/A,,N/A,,N/A,N/A,1987-03-18,26989574488092,False,N/A,False,,HK_MAINBOARD
HK.00029,达力集团,2000,STOCK,N/A,,N/A,,N/A,N/A,1973-01-25,29,False,N/A,False,,HK_MAINBOARD
HK.00030,云白国际,2000,STOCK,N/A,,N/A,,N/A,N/A,1991-10-09,34144990003230,False,N/A,False,,HK_MAINBOARD
HK.00031,航天控股,2000,STOCK,N/A,,N/A,,N/A,N/A,1981-08-25,18266495909919,False,N/A,False,,HK_MAINBOARD
HK.00032,港通控股,1000,STOCK,N/A,,N/A,,N/A,N/A,1974-07-30,7172595384352,False,N/A,False,,HK_MAINBOARD
HK.00033,INTL GENIUS,2000,STOCK,N/A,,N/A,,N/A,N/A,2007-11-19,59420872540193,False,N/A,False,,HK_MAINBOARD
HK.00034,九龙建业,1000,STOCK,N/A,,N/A,,N/A,N/A,1995-07-04,40003325394978,False,N/A,False,,HK_MAINBOARD
HK.00035,远东发展,1000,STOCK,N/A,,N/A,,N/A,N/A,1972-09-21,4264902524963,False,N/A,False,,HK_MAINBOARD
HK.00036,远东控股国际,6000,STOCK,N/A,,N/A,,N/A,N/A,1973-02-12,4883377815588,False,N/A,False,,HK_MAINBOARD
HK.00037,远东酒店实业,2000,STOCK,N/A,,N/A,,N/A,N/A,1979-07-03,14899241549861,False,N/A,False,,HK_MAINBOARD
HK.00038,第一拖拉机股份,2000,STOCK,N/A,,N/A,,N/A,N/A,1997-06-23,43095701848102,False,N/A,False,,HK_MAINBOARD
HK.00039,中国北大荒,8000,STOCK,N/A,,N/A,,N/A,N/A,2001-01-16,48692044234791,False,N/A,False,,HK_MAINBOARD
HK.00040,金山科技工业,1000,STOCK,N/A,,N/A,,N/A,N/A,1984-07-02,22741851832360,False,N/A,False,,HK_MAINBOARD
HK.00041,鹰君,1000,STOCK,N/A,,N/A,,N/A,N/A,1972-10-26,41,False,N/A,False,,HK_MAINBOARD
HK.00042,东北电气,2000,STOCK,N/A,,N/A,,N/A,N/A,1995-07-06,40011915329578,False,N/A,False,,HK_MAINBOARD
HK.00045,大酒店,500,STOCK,N/A,,N/A,,N/A,N/A,1970-01-01,45,False,N/A,False,,HK_MAINBOARD
HK.00046,科联系统,2000,STOCK,N/A,,N/A,,N/A,N/A,1998-05-18,44508746088494,False,N/A,False,,HK_MAINBOARD
HK.00048,中国汽车内饰,10000,STOCK,N/A,,N/A,,N/A,N/A,2010-09-29,63909113364528,False,N/A,False,,HK_MAINBOARD
HK.00050,香港小轮(集团),1000,STOCK,N/A,,N/A,,N/A,N/A,1970-01-01,50,False,N/A,False,,HK_MAINBOARD
HK.00051,海港企业,1000,STOCK,N/A,,N/A,,N/A,N/A,1971-02-15,51,False,N/A,False,,HK_MAINBOARD
HK.00052,大快活集团,500,STOCK,N/A,,N/A,,N/A,N/A,1991-10-09,34144990003252,False,N/A,False,,HK_MAINBOARD
HK.00053,国浩集团,1000,STOCK,N/A,,N/A,,N/A,N/A,1983-05-03,20912195764277,False,N/A,False,,HK_MAINBOARD
HK.00055,中星集团控股,10000,STOCK,N/A,,N/A,,N/A,N/A,1992-09-10,35592393982007,False,N/A,False,,HK_MAINBOARD
HK.00057,震雄集团,2000,STOCK,N/A,,N/A,,N/A,N/A,1991-10-22,34200824578105,False,N/A,False,,HK_MAINBOARD
HK.00058,新威国际,20000,STOCK,N/A,,N/A,,N/A,N/A,1999-09-03,46540265619514,False,N/A,False,,HK_MAINBOARD
HK.00059,天誉置业,2000,STOCK,N/A,,N/A,,N/A,N/A,1993-11-16,37447819853883,False,N/A,False,,HK_MAINBOARD
HK.00060,香港食品投资,2000,STOCK,N/A,,N/A,,N/A,N/A,1992-12-16,36009005809724,False,N/A,False,,HK_MAINBOARD
HK.00061,绿领控股,20000,STOCK,N/A,,N/A,,N/A,N/A,1999-07-06,46286862549053,False,N/A,False,,HK_MAINBOARD
HK.00062,载通,400,STOCK,N/A,,N/A,,N/A,N/A,1970-01-01,62,False,N/A,False,,HK_MAINBOARD
HK.00063,中亚烯谷集团,1000,STOCK,N/A,,N/A,,N/A,N/A,1986-02-26,25336012079167,False,N/A,False,,HK_MAINBOARD
HK.00064,结好控股,2000,STOCK,N/A,,N/A,,N/A,N/A,2002-06-06,50865297686592,False,N/A,False,,HK_MAINBOARD
HK.00065,弘海高新资源,4000,STOCK,N/A,,N/A,,N/A,N/A,2001-08-30,49662706843713,False,N/A,False,,HK_MAINBOARD
HK.00066,港铁公司,500,STOCK,N/A,,N/A,,N/A,N/A,2000-10-05,48249662603330,False,N/A,False,,HK_MAINBOARD
HK.00069,香格里拉(亚洲),2000,STOCK,N/A,,N/A,,N/A,N/A,1993-06-17,36794984824901,False,N/A,False,,HK_MAINBOARD
HK.00070,金粤控股,10000,STOCK,N/A,,N/A,,N/A,N/A,1998-07-01,70,False,N/A,False,,HK_MAINBOARD
HK.00071,美丽华酒店,1000,STOCK,N/A,,N/A,,N/A,N/A,1970-07-25,71,False,N/A,False,,HK_MAINBOARD
HK.00072,超媒体控股,2000,STOCK,N/A,,N/A,,N/A,N/A,2009-09-09,62255550955592,False,N/A,False,,HK_MAINBOARD
HK.00073,亚洲果业,1000,STOCK,N/A,,N/A,,N/A,N/A,2009-11-26,62590558404681,False,N/A,False,,HK_MAINBOARD
HK.00075,渝太地产,2000,STOCK,N/A,,N/A,,N/A,N/A,1984-11-12,23313082482763,False,N/A,False,,HK_MAINBOARD
HK.00076,谊砾控股,4000,STOCK,N/A,,N/A,,N/A,N/A,1984-09-24,23102629085260,False,N/A,False,,HK_MAINBOARD
HK.00077,进智公共交通,2000,STOCK,N/A,,N/A,,N/A,N/A,2004-04-15,53781580480589,False,N/A,False,,HK_MAINBOARD
HK.00078,REGAL INT'L,2000,STOCK,N/A,,N/A,,N/A,N/A,1980-11-03,78,False,N/A,False,,HK_MAINBOARD
HK.00079,世纪建业,4000,STOCK,N/A,,N/A,,N/A,N/A,1993-07-08,36885179138127,False,N/A,False,,HK_MAINBOARD
HK.00080,CAI控股,10000,STOCK,N/A,,N/A,,N/A,N/A,2011-01-06,64334315126864,False,N/A,False,,HK_MAINBOARD
HK.00081,中国海外宏洋集团,1000,STOCK,N/A,,N/A,,N/A,N/A,1984-04-26,22454089023569,False,N/A,False,,HK_MAINBOARD
HK.00082,疯狂体育,2000,STOCK,N/A,,N/A,,N/A,N/A,1991-10-25,34213709480018,False,N/A,False,,HK_MAINBOARD
HK.00083,信和置业,2000,STOCK,N/A,,N/A,,N/A,N/A,1981-04-08,17669495455827,False,N/A,False,,HK_MAINBOARD
HK.00084,宝光实业,1000,STOCK,N/A,,N/A,,N/A,N/A,1972-10-02,4312147165268,False,N/A,False,,HK_MAINBOARD
HK.00085,中电华大科技,2000,STOCK,N/A,,N/A,,N/A,N/A,1997-07-25,43233140801621,False,N/A,False,,HK_MAINBOARD
HK.00086,新鸿基公司,1000,STOCK,N/A,,N/A,,N/A,N/A,1983-10-03,21569325760598,False,N/A,False,,HK_MAINBOARD
HK.00087,太古股份公司B,2500,STOCK,N/A,,N/A,,N/A,N/A,1973-05-01,5218385264727,False,N/A,False,,HK_MAINBOARD
HK.00088,TAI CHEUNG HOLD,1000,STOCK,N/A,,N/A,,N/A,N/A,1972-12-11,4612794875992,False,N/A,False,,HK_MAINBOARD
HK.00089,大生地产,1000,STOCK,N/A,,N/A,,N/A,N/A,1973-02-21,4922032521305,False,N/A,False,,HK_MAINBOARD
HK.00090,普星能量,2000,STOCK,N/A,,N/A,,N/A,N/A,2009-07-10,61993557950554,False,N/A,False,,HK_MAINBOARD
HK.00092,冠军科技集团,12000,STOCK,N/A,,N/A,,N/A,N/A,1992-08-19,35497904701532,False,N/A,False,,HK_MAINBOARD
HK.00093,零在科技金融,2000,STOCK,N/A,,N/A,,N/A,N/A,1991-10-23,34205119545437,False,N/A,False,,HK_MAINBOARD
HK.00094,绿心集团,80000,STOCK,N/A,,N/A,,N/A,N/A,1988-06-20,28969554411614,False,N/A,False,,HK_MAINBOARD
HK.00095,绿景中国地产,2000,STOCK,N/A,,N/A,,N/A,N/A,2005-12-02,56341380989023,False,N/A,False,,HK_MAINBOARD
HK.00096,YUSEI,2000,STOCK,N/A,,N/A,,N/A,N/A,2005-10-13,56126632624224,False,N/A,False,,HK_MAINBOARD
HK.00097,恒基发展,1000,STOCK,N/A,,N/A,,N/A,N/A,1972-11-06,4462471020641,False,N/A,False,,HK_MAINBOARD
HK.00098,兴发铝业,1000,STOCK,N/A,,N/A,,N/A,N/A,2008-03-31,59992103190626,False,N/A,False,,HK_MAINBOARD
HK.00099,王氏国际,1000,STOCK,N/A,,N/A,,N/A,N/A,1983-12-15,21882858373219,False,N/A,False,,HK_MAINBOARD
HK.00100,MINIMAX-WP,20,STOCK,N/A,,N/A,,N/A,N/A,2026-01-09,87840671137892,False,N/A,False,,HK_MAINBOARD
HK.00101,恒隆地产,1000,STOCK,N/A,,N/A,,N/A,N/A,1970-01-01,101,False,N/A,False,,HK_MAINBOARD
HK.00103,首佳科技,1000,STOCK,N/A,,N/A,,N/A,N/A,1992-04-09,34930969018471,False,N/A,False,,HK_MAINBOARD
HK.00104,ASIA COMM HOLD,5000,STOCK,N/A,,N/A,,N/A,N/A,1987-07-28,27560805138536,False,N/A,False,,HK_MAINBOARD
HK.00105,凯联国际酒店,2000,STOCK,N/A,,N/A,,N/A,N/A,1985-10-24,24799141167209,False,N/A,False,,HK_MAINBOARD
HK.00106,朗诗绿色管理,4000,STOCK,N/A,,N/A,,N/A,N/A,1986-03-24,25447681228906,False,N/A,False,,HK_MAINBOARD
HK.00107,四川成渝高速公路,2000,STOCK,N/A,,N/A,,N/A,N/A,1997-10-07,43550968381547,False,N/A,False,,HK_MAINBOARD
HK.00108,国锐生活,2000,STOCK,N/A,,N/A,,N/A,N/A,1973-02-09,4870492913772,False,N/A,False,,HK_MAINBOARD
HK.00110,中国长远,4000,STOCK,N/A,,N/A,,N/A,N/A,2004-01-26,53437983096942,False,N/A,False,,HK_MAINBOARD
HK.00111,信达国际控股,2000,STOCK,N/A,,N/A,,N/A,N/A,2000-08-01,47970489729135,False,N/A,False,,HK_MAINBOARD
HK.00113,迪生创建,500,STOCK,N/A,,N/A,,N/A,N/A,1973-03-15,5016521801841,False,N/A,False,,HK_MAINBOARD
HK.00114,HERALD HOLD,5000,STOCK,N/A,,N/A,,N/A,N/A,1970-03-12,114,False,N/A,False,,HK_MAINBOARD
HK.00115,钧濠集团,2000,STOCK,N/A,,N/A,,N/A,N/A,1999-10-13,115,False,N/A,False,,HK_MAINBOARD
HK.00116,周生生,1000,STOCK,N/A,,N/A,,N/A,N/A,1973-04-06,5111011082356,False,N/A,False,,HK_MAINBOARD
HK.00117,天利控股集团,2000,STOCK,N/A,,N/A,,N/A,N/A,2007-12-21,59558311493749,False,N/A,False,,HK_MAINBOARD
HK.00118,大同机械,2000,STOCK,N/A,,N/A,,N/A,N/A,1988-12-12,29716878721142,False,N/A,False,,HK_MAINBOARD
HK.00119,保利置业集团,1000,STOCK,N/A,,N/A,,N/A,N/A,1973-08-30,5738076307575,False,N/A,False,,HK_MAINBOARD
HK.00120,COSMOPOL INT'L,600,STOCK,N/A,,N/A,,N/A,N/A,1970-08-01,120,False,N/A,False,,HK_MAINBOARD
HK.00122,鳄鱼恤,2000,STOCK,N/A,,N/A,,N/A,N/A,1971-09-01,122,False,N/A,False,,HK_MAINBOARD
HK.00123,越秀地产,1000,STOCK,N/A,,N/A,,N/A,N/A,1992-12-15,36004710842491,False,N/A,False,,HK_MAINBOARD
HK.00124,粤海置地,2000,STOCK,N/A,,N/A,,N/A,N/A,1997-08-08,43293270343804,False,N/A,False,,HK_MAINBOARD
HK.00125,新兴光学,2000,STOCK,N/A,,N/A,,N/A,N/A,1999-05-25,46106473922685,False,N/A,False,,HK_MAINBOARD
HK.00126,佳宁娜,2000,STOCK,N/A,,N/A,,N/A,N/A,1991-11-01,34243774251134,False,N/A,False,,HK_MAINBOARD
HK.00127,华人置业,500,STOCK,N/A,,N/A,,N/A,N/A,1970-01-01,127,False,N/A,False,,HK_MAINBOARD
HK.00128,安宁控股,4000,STOCK,N/A,,N/A,,N/A,N/A,1972-11-16,128,False,N/A,False,,HK_MAINBOARD
HK.00129,泛海集团,2000,STOCK,N/A,,N/A,,N/A,N/A,1973-01-24,4801773437057,False,N/A,False,,HK_MAINBOARD
HK.00130,慕诗国际,2000,STOCK,N/A,,N/A,,N/A,N/A,2002-02-11,50371376447618,False,N/A,False,,HK_MAINBOARD
HK.00131,卓能(集团),1000,STOCK,N/A,,N/A,,N/A,N/A,1973-02-09,131,False,N/A,False,,HK_MAINBOARD
HK.00132,兴业控股,1000,STOCK,N/A,,N/A,,N/A,N/A,1973-05-18,5291399708804,False,N/A,False,,HK_MAINBOARD
HK.00133,招商局中国基金,2000,STOCK,N/A,,N/A,,N/A,N/A,1993-07-22,36945308680325,False,N/A,False,,HK_MAINBOARD
HK.00135,昆仑能源,2000,STOCK,N/A,,N/A,,N/A,N/A,1973-03-13,5007931867271,False,N/A,False,,HK_MAINBOARD
HK.00136,中国儒意,4000,STOCK,N/A,,N/A,,N/A,N/A,1997-09-25,43499428774024,False,N/A,False,,HK_MAINBOARD
HK.00137,金辉集团,1000,STOCK,N/A,,N/A,,N/A,N/A,1991-12-06,34394098106505,False,N/A,False,,HK_MAINBOARD
HK.00138,中建富通,2000,STOCK,N/A,,N/A,,N/A,N/A,1991-11-11,34286723924106,False,N/A,False,,HK_MAINBOARD
HK.00139,小鱼盈通,10000,STOCK,N/A,,N/A,,N/A,N/A,1994-03-15,37958920962187,False,N/A,False,,HK_MAINBOARD
HK.00142,第一太平,2000,STOCK,N/A,,N/A,,N/A,N/A,1988-09-12,29326036697230,False,N/A,False,,HK_MAINBOARD
HK.00144,招商局港口,2000,STOCK,N/A,,N/A,,N/A,N/A,1992-07-15,35347580846224,False,N/A,False,,HK_MAINBOARD
HK.00145,信能低碳,8000,STOCK,N/A,,N/A,,N/A,N/A,1972-07-01,3912715206801,False,N/A,False,,HK_MAINBOARD
HK.00146,TAI PING CARPET,1000,STOCK,N/A,,N/A,,N/A,N/A,1973-11-17,146,False,N/A,False,,HK_MAINBOARD
HK.00147,国际商业结算,5000,STOCK,N/A,,N/A,,N/A,N/A,1988-06-05,28905129902227,False,N/A,False,,HK_MAINBOARD
HK.00148,建滔集团,500,STOCK,N/A,,N/A,,N/A,N/A,1993-10-08,37280316129428,False,N/A,False,,HK_MAINBOARD
HK.00149,中国农产品交易,5000,STOCK,N/A,,N/A,,N/A,N/A,1973-03-12,5003636899989,False,N/A,False,,HK_MAINBOARD
HK.00150,HYPEBEAST,2800,STOCK,N/A,,N/A,,N/A,N/A,2016-04-11,77141907603606,False,N/A,False,,HK_MAINBOARD
HK.00151,中国旺旺,1000,STOCK,N/A,,N/A,,N/A,N/A,2008-03-26,59970628354199,False,N/A,False,,HK_MAINBOARD
HK.00152,深圳国际,500,STOCK,N/A,,N/A,,N/A,N/A,1972-09-25,4282082394264,False,N/A,False,,HK_MAINBOARD
HK.00154,北京控股环境集团,1000,STOCK,N/A,,N/A,,N/A,N/A,1970-01-01,154,False,N/A,False,,HK_MAINBOARD
HK.00156,力宝华润,2000,STOCK,N/A,,N/A,,N/A,N/A,1973-03-01,156,False,N/A,False,,HK_MAINBOARD
HK.00157,自然美,10000,STOCK,N/A,,N/A,,N/A,N/A,2002-03-28,50564649975965,False,N/A,False,,HK_MAINBOARD
HK.00158,万邦投资,500,STOCK,N/A,,N/A,,N/A,N/A,1972-08-29,4166118277278,False,N/A,False,,HK_MAINBOARD
HK.00159,布莱克万矿业,4000,STOCK,N/A,,N/A,,N/A,N/A,2002-09-19,51316269252767,False,N/A,False,,HK_MAINBOARD
HK.00160,汉国置业,2000,STOCK,N/A,,N/A,,N/A,N/A,1988-12-30,160,False,N/A,False,,HK_MAINBOARD
HK.00162,世纪金花,2000,STOCK,N/A,,N/A,,N/A,N/A,2000-10-23,48326972014754,False,N/A,False,,HK_MAINBOARD
HK.00163,英皇国际,10000,STOCK,N/A,,N/A,,N/A,N/A,1972-11-14,4496830759075,False,N/A,False,,HK_MAINBOARD
HK.00164,中国宝力科技,5000,STOCK,N/A,,N/A,,N/A,N/A,1973-01-26,4810363371684,False,N/A,False,,HK_MAINBOARD
HK.00165,中国光大控股,2000,STOCK,N/A,,N/A,,N/A,N/A,1973-02-26,4943507357861,False,N/A,False,,HK_MAINBOARD
HK.00166,新时代集团控股,2000,STOCK,N/A,,N/A,,N/A,N/A,1998-10-13,45144401248422,False,N/A,False,,HK_MAINBOARD
HK.00167,IDT INT'L,18000,STOCK,N/A,,N/A,,N/A,N/A,1988-10-21,29493540421799,False,N/A,False,,HK_MAINBOARD
HK.00168,青岛啤酒股份,2000,STOCK,N/A,,N/A,,N/A,N/A,1993-07-15,36915243909288,False,N/A,False,,HK_MAINBOARD
HK.00169,万达酒店发展,1000,STOCK,N/A,,N/A,,N/A,N/A,2002-06-04,50856707752105,False,N/A,False,,HK_MAINBOARD
HK.00171,银建国际,2000,STOCK,N/A,,N/A,,N/A,N/A,1970-01-01,171,False,N/A,False,,HK_MAINBOARD
HK.00173,嘉华国际,1000,STOCK,N/A,,N/A,,N/A,N/A,1987-02-06,26817775796397,False,N/A,False,,HK_MAINBOARD
HK.00174,盛洋投资,2000,STOCK,N/A,,N/A,,N/A,N/A,1988-10-05,29424820945070,False,N/A,False,,HK_MAINBOARD
HK.00175,吉利汽车,1000,STOCK,N/A,,N/A,,N/A,N/A,1973-02-23,4930622455983,False,N/A,False,,HK_MAINBOARD
HK.00176,先机企业集团,2000,STOCK,N/A,,N/A,,N/A,N/A,1994-04-28,38147899523248,False,N/A,False,,HK_MAINBOARD
HK.00177,江苏宁沪高速公路,2000,STOCK,N/A,,N/A,,N/A,N/A,1997-06-27,43112881717425,False,N/A,False,,HK_MAINBOARD
HK.00178,莎莎国际,2000,STOCK,N/A,,N/A,,N/A,N/A,1997-06-13,43052752175282,False,N/A,False,,HK_MAINBOARD
HK.00179,德昌电机控股,500,STOCK,N/A,,N/A,,N/A,N/A,1984-07-11,22780506538163,False,N/A,False,,HK_MAINBOARD
HK.00180,开达集团,2000,STOCK,N/A,,N/A,,N/A,N/A,1985-05-24,24142011170996,False,N/A,False,,HK_MAINBOARD
HK.00181,闽港控股,20000,STOCK,N/A,,N/A,,N/A,N/A,1973-02-22,4926327488693,False,N/A,False,,HK_MAINBOARD
HK.00182,协合新能源,10000,STOCK,N/A,,N/A,,N/A,N/A,1991-11-27,34355443400886,False,N/A,False,,HK_MAINBOARD
HK.00183,宏辉集团,8000,STOCK,N/A,,N/A,,N/A,N/A,2002-05-21,50796578209975,False,N/A,False,,HK_MAINBOARD
HK.00184,激成投资,2000,STOCK,N/A,,N/A,,N/A,N/A,1973-02-24,4934917423288,False,N/A,False,,HK_MAINBOARD
HK.00185,正商实业,1000,STOCK,N/A,,N/A,,N/A,N/A,1972-12-20,4651449581753,False,N/A,False,,HK_MAINBOARD
HK.00186,敏捷控股,30000,STOCK,N/A,,N/A,,N/A,N/A,1987-07-08,27474905792698,False,N/A,False,,HK_MAINBOARD
HK.00187,京城机电股份,2000,STOCK,N/A,,N/A,,N/A,N/A,1993-08-06,37009733189819,False,N/A,False,,HK_MAINBOARD
HK.00188,新华汇富金融,5000,STOCK,N/A,,N/A,,N/A,N/A,2000-09-15,48163763257532,False,N/A,False,,HK_MAINBOARD
HK.00189,东岳集团,1000,STOCK,N/A,,N/A,,N/A,N/A,2007-12-10,59511066853565,False,N/A,False,,HK_MAINBOARD
HK.00191,丽新国际,1000,STOCK,N/A,,N/A,,N/A,N/A,1987-12-03,28106265985215,False,N/A,False,,HK_MAINBOARD
HK.00193,冠中地产,3000,STOCK,N/A,,N/A,,N/A,N/A,1972-09-11,4221952852161,False,N/A,False,,HK_MAINBOARD
HK.00194,廖创兴企业,2000,STOCK,N/A,,N/A,,N/A,N/A,1972-11-13,4492535791810,False,N/A,False,,HK_MAINBOARD
HK.00195,绿科科技国际,2000,STOCK,N/A,,N/A,,N/A,N/A,2008-11-12,60962765799619,False,N/A,False,,HK_MAINBOARD
HK.00196,宏华集团,1000,STOCK,N/A,,N/A,,N/A,N/A,2008-03-07,59889023975620,False,N/A,False,,HK_MAINBOARD
HK.00197,亨泰,5000,STOCK,N/A,,N/A,,N/A,N/A,2001-12-03,50070728736965,False,N/A,False,,HK_MAINBOARD
HK.00199,德祥地产,1000,STOCK,N/A,,N/A,,N/A,N/A,1994-03-18,37971805864135,False,N/A,False,,HK_MAINBOARD
HK.00200,新濠国际发展,1000,STOCK,N/A,,N/A,,N/A,N/A,1970-01-01,200,False,N/A,False,,HK_MAINBOARD
HK.00201,华大酒店,2000,STOCK,N/A,,N/A,,N/A,N/A,1972-11-17,4509715661001,False,N/A,False,,HK_MAINBOARD
HK.00202,润中国际控股,5000,STOCK,N/A,,N/A,,N/A,N/A,2000-08-31,48099338748106,False,N/A,False,,HK_MAINBOARD
HK.00204,资本界金控,5000,STOCK,N/A,,N/A,,N/A,N/A,2000-12-12,48541720379596,False,N/A,False,,HK_MAINBOARD
HK.00205,BFB HEALTH,10000,STOCK,N/A,,N/A,,N/A,N/A,1993-01-05,36094905155789,False,N/A,False,,HK_MAINBOARD
HK.00206,华商能源,1000,STOCK,N/A,,N/A,,N/A,N/A,2005-11-28,56324201119950,False,N/A,False,,HK_MAINBOARD
HK.00209,瀛晟科学,10000,STOCK,N/A,,N/A,,N/A,N/A,2002-03-06,50470160695505,False,N/A,False,,HK_MAINBOARD
HK.00210,达芙妮国际,2000,STOCK,N/A,,N/A,,N/A,N/A,1995-11-03,40527311405266,False,N/A,False,,HK_MAINBOARD
HK.00211,STYLAND HOLD,10000,STOCK,N/A,,N/A,,N/A,N/A,1991-12-05,34389803139283,False,N/A,False,,HK_MAINBOARD
HK.00212,NANYANG HOLD,500,STOCK,N/A,,N/A,,N/A,N/A,1970-01-01,212,False,N/A,False,,HK_MAINBOARD
HK.00213,NATIONAL ELEC H,2000,STOCK,N/A,,N/A,,N/A,N/A,1985-02-04,23673859735765,False,N/A,False,,HK_MAINBOARD
HK.00214,汇汉控股,2000,STOCK,N/A,,N/A,,N/A,N/A,1986-01-06,25116968747222,False,N/A,False,,HK_MAINBOARD
HK.00215,和记电讯香港,2000,STOCK,N/A,,N/A,,N/A,N/A,2009-05-08,61722975011031,False,N/A,False,,HK_MAINBOARD
HK.00216,建业实业,4000,STOCK,N/A,,N/A,,N/A,N/A,1973-01-31,4831838208216,False,N/A,False,,HK_MAINBOARD
HK.00217,中国诚通发展集团,2000,STOCK,N/A,,N/A,,N/A,N/A,1970-01-01,217,False,N/A,False,,HK_MAINBOARD
HK.00218,申万宏源香港,5000,STOCK,N/A,,N/A,,N/A,N/A,1970-01-01,218,False,N/A,False,,HK_MAINBOARD
HK.00219,顺豪物业,2000,STOCK,N/A,,N/A,,N/A,N/A,1973-05-10,5257039970523,False,N/A,False,,HK_MAINBOARD
HK.00220,统一企业中国,1000,STOCK,N/A,,N/A,,N/A,N/A,2007-12-17,59541131624668,False,N/A,False,,HK_MAINBOARD
HK.00222,闽信集团,2000,STOCK,N/A,,N/A,,N/A,N/A,1982-06-28,19585050869982,False,N/A,False,,HK_MAINBOARD
HK.00223,易生活控股,20000,STOCK,N/A,,N/A,,N/A,N/A,2002-04-10,50620484550879,False,N/A,False,,HK_MAINBOARD
HK.00224,建生国际,4000,STOCK,N/A,,N/A,,N/A,N/A,1970-08-01,224,False,N/A,False,,HK_MAINBOARD
HK.00225,博富临置业,2000,STOCK,N/A,,N/A,,N/A,N/A,1972-12-19,4647154614497,False,N/A,False,,HK_MAINBOARD
HK.00227,第一上海,8000,STOCK,N/A,,N/A,,N/A,N/A,1972-08-24,4144643440867,False,N/A,False,,HK_MAINBOARD
HK.00228,中能控股,2000,STOCK,N/A,,N/A,,N/A,N/A,2002-02-18,50401441218788,False,N/A,False,,HK_MAINBOARD
HK.00229,利民实业,5000,STOCK,N/A,,N/A,,N/A,N/A,1984-11-22,23356032155877,False,N/A,False,,HK_MAINBOARD
HK.00230,五矿地产,2000,STOCK,N/A,,N/A,,N/A,N/A,1991-12-20,34454227648742,False,N/A,False,,HK_MAINBOARD
HK.00232,大陆航空科技控股,2000,STOCK,N/A,,N/A,,N/A,N/A,1991-12-12,34419867910376,False,N/A,False,,HK_MAINBOARD
HK.00234,新世纪集团,24000,STOCK,N/A,,N/A,,N/A,N/A,1972-11-24,4539780432106,False,N/A,False,,HK_MAINBOARD
HK.00235,中策资本控股,5000,STOCK,N/A,,N/A,,N/A,N/A,1972-12-04,4582730105067,False,N/A,False,,HK_MAINBOARD
HK.00236,香港生力啤,2000,STOCK,N/A,,N/A,,N/A,N/A,1970-01-01,236,False,N/A,False,,HK_MAINBOARD
HK.00237,安全货仓,2000,STOCK,N/A,,N/A,,N/A,N/A,1973-01-09,4737348927725,False,N/A,False,,HK_MAINBOARD
HK.00239,白花油,2500,STOCK,N/A,,N/A,,N/A,N/A,1991-12-18,34445637714159,False,N/A,False,,HK_MAINBOARD
HK.00240,利基控股,10000,STOCK,N/A,,N/A,,N/A,N/A,1973-03-15,240,False,N/A,False,,HK_MAINBOARD
HK.00241,阿里健康,2000,STOCK,N/A,,N/A,,N/A,N/A,1972-07-06,3934190043377,False,N/A,False,,HK_MAINBOARD
HK.00242,信德集团,2000,STOCK,N/A,,N/A,,N/A,N/A,1973-01-25,4806068404466,False,N/A,False,,HK_MAINBOARD
HK.00243,QPL INT'L,9000,STOCK,N/A,,N/A,,N/A,N/A,1987-01-20,26744761352435,False,N/A,False,,HK_MAINBOARD
HK.00244,先施,1000,STOCK,N/A,,N/A,,N/A,N/A,1970-01-01,244,False,N/A,False,,HK_MAINBOARD
HK.00245,中薇金融,5000,STOCK,N/A,,N/A,,N/A,N/A,1972-08-25,4148938408181,False,N/A,False,,HK_MAINBOARD
HK.00247,TST PROPERTIES,2000,STOCK,N/A,,N/A,,N/A,N/A,1972-07-20,3994319585527,False,N/A,False,,HK_MAINBOARD
HK.00248,香港通讯国际控股,4000,STOCK,N/A,,N/A,,N/A,N/A,2001-11-09,49967649521912,False,N/A,False,,HK_MAINBOARD
HK.00251,爪哇控股,2000,STOCK,N/A,,N/A,,N/A,N/A,1973-10-03,5884105195771,False,N/A,False,,HK_MAINBOARD
HK.00252,华信地产财务,2000,STOCK,N/A,,N/A,,N/A,N/A,1973-03-01,252,False,N/A,False,,HK_MAINBOARD
HK.00253,顺豪控股,2000,STOCK,N/A,,N/A,,N/A,N/A,1973-02-20,253,False,N/A,False,,HK_MAINBOARD
HK.00254,国家联合资源,20000,STOCK,N/A,,N/A,,N/A,N/A,1972-11-16,4505420693758,False,N/A,False,,HK_MAINBOARD
HK.00255,龙记集团,2000,STOCK,N/A,,N/A,,N/A,N/A,1993-03-05,36348308226303,False,N/A,False,,HK_MAINBOARD
HK.00256,冠城钟表珠宝,2000,STOCK,N/A,,N/A,,N/A,N/A,1991-12-10,34411277975808,False,N/A,False,,HK_MAINBOARD
HK.00257,光大环境,1000,STOCK,N/A,,N/A,,N/A,N/A,1970-01-01,257,False,N/A,False,,HK_MAINBOARD
HK.00258,汤臣集团,2000,STOCK,N/A,,N/A,,N/A,N/A,1982-07-26,258,False,N/A,False,,HK_MAINBOARD
HK.00259,亿都(国际控股),2000,STOCK,N/A,,N/A,,N/A,N/A,1993-09-01,37121402339587,False,N/A,False,,HK_MAINBOARD
HK.00261,GBA集团,16000,STOCK,N/A,,N/A,,N/A,N/A,2002-11-07,51526722650373,False,N/A,False,,HK_MAINBOARD
HK.00262,迪臣发展国际,5000,STOCK,N/A,,N/A,,N/A,N/A,1997-06-10,43039867273478,False,N/A,False,,HK_MAINBOARD
HK.00264,中联发展控股,4000,STOCK,N/A,,N/A,,N/A,N/A,2003-03-12,52063593562376,False,N/A,False,,HK_MAINBOARD
HK.00265,港誉智慧城市服务,2000,STOCK,N/A,,N/A,,N/A,N/A,1972-12-12,265,False,N/A,False,,HK_MAINBOARD
HK.00266,天德地产,2000,STOCK,N/A,,N/A,,N/A,N/A,1986-02-26,266,False,N/A,False,,HK_MAINBOARD
HK.00267,中信股份,1000,STOCK,N/A,,N/A,,N/A,N/A,1986-02-26,25336012079371,False,N/A,False,,HK_MAINBOARD
HK.00268,金蝶国际,1000,STOCK,N/A,,N/A,,N/A,N/A,2005-07-20,55761560404236,False,N/A,False,,HK_MAINBOARD
HK.00269,中国资源交通,5000,STOCK,N/A,,N/A,,N/A,N/A,1973-03-19,5033701671181,False,N/A,False,,HK_MAINBOARD
HK.00270,粤海投资,2000,STOCK,N/A,,N/A,,N/A,N/A,1970-01-01,270,False,N/A,False,,HK_MAINBOARD
HK.00271,亚证地产,1000,STOCK,N/A,,N/A,,N/A,N/A,1973-02-28,4952097292559,False,N/A,False,,HK_MAINBOARD
HK.00272,瑞安房地产,500,STOCK,N/A,,N/A,,N/A,N/A,2006-10-04,57655640981776,False,N/A,False,,HK_MAINBOARD
HK.00274,复兴亚洲,10000,STOCK,N/A,,N/A,,N/A,N/A,2000-12-18,48567490183442,False,N/A,False,,HK_MAINBOARD
HK.00276,蒙古能源,6000,STOCK,N/A,,N/A,,N/A,N/A,1972-08-23,4140348473620,False,N/A,False,,HK_MAINBOARD
HK.00277,太兴置业,2000,STOCK,N/A,,N/A,,N/A,N/A,1989-01-04,277,False,N/A,False,,HK_MAINBOARD
HK.00279,裕承科金,6000,STOCK,N/A,,N/A,,N/A,N/A,1988-05-10,28793460752663,False,N/A,False,,HK_MAINBOARD
HK.00280,景福集团,2000,STOCK,N/A,,N/A,,N/A,N/A,1988-03-28,28604482191640,False,N/A,False,,HK_MAINBOARD
HK.00285,比亚迪电子,500,STOCK,N/A,,N/A,,N/A,N/A,2007-12-20,59554016526621,False,N/A,False,,HK_MAINBOARD
HK.00286,爱帝宫,2000,STOCK,N/A,,N/A,,N/A,N/A,1990-09-06,32439887986974,False,N/A,False,,HK_MAINBOARD
HK.00287,永发置业,2000,STOCK,N/A,,N/A,,N/A,N/A,1973-03-15,287,False,N/A,False,,HK_MAINBOARD
HK.00288,万洲国际,500,STOCK,N/A,,N/A,,N/A,N/A,2014-08-05,69947837382944,False,N/A,False,,HK_MAINBOARD
HK.00289,WING ON CO,1000,STOCK,N/A,,N/A,,N/A,N/A,1970-01-01,289,False,N/A,False,,HK_MAINBOARD
HK.00290,国富量子,2000,STOCK,N/A,,N/A,,N/A,N/A,2001-05-03,49151605735714,False,N/A,False,,HK_MAINBOARD
HK.00291,华润啤酒,500,STOCK,N/A,,N/A,,N/A,N/A,1970-01-01,291,False,N/A,False,,HK_MAINBOARD
HK.00293,国泰航空,1000,STOCK,N/A,,N/A,,N/A,N/A,1986-05-14,25671019528485,False,N/A,False,,HK_MAINBOARD
HK.00294,长江制衣,1000,STOCK,N/A,,N/A,,N/A,N/A,1970-09-15,294,False,N/A,False,,HK_MAINBOARD
HK.00295,江山控股,25000,STOCK,N/A,,N/A,,N/A,N/A,1970-11-28,1417339207975,False,N/A,False,,HK_MAINBOARD
HK.00296,英皇娱乐酒店,5000,STOCK,N/A,,N/A,,N/A,N/A,1973-03-01,296,False,N/A,False,,HK_MAINBOARD
HK.00297,中化化肥,2000,STOCK,N/A,,N/A,,N/A,N/A,1996-09-30,41953240547625,False,N/A,False,,HK_MAINBOARD
HK.00298,庄士中国,10000,STOCK,N/A,,N/A,,N/A,N/A,1970-01-01,298,False,N/A,False,,HK_MAINBOARD
HK.00299,宝新置地,5000,STOCK,N/A,,N/A,,N/A,N/A,2004-04-30,53846004990251,False,N/A,False,,HK_MAINBOARD
HK.00300,美的集团,100,STOCK,N/A,,N/A,,N/A,N/A,2024-09-17,85787676770604,False,N/A,False,,HK_MAINBOARD
HK.00301,三和精化,2000,STOCK,N/A,,N/A,,N/A,N/A,2020-01-16,78408922956077,False,N/A,False,,HK_MAINBOARD
HK.00302,中手游,2000,STOCK,N/A,,N/A,,N/A,N/A,2019-10-31,78103980278062,False,N/A,False,,HK_MAINBOARD
HK.00303,VTECH HOLDINGS,100,STOCK,N/A,,N/A,,N/A,N/A,1992-11-05,35832912150831,False,N/A,False,,HK_MAINBOARD
HK.00305,五菱汽车,10000,STOCK,N/A,,N/A,,N/A,N/A,1992-11-23,35910221562161,False,N/A,False,,HK_MAINBOARD
HK.00306,冠忠巴士集团,2000,STOCK,N/A,,N/A,,N/A,N/A,1996-09-25,41931765711154,False,N/A,False,,HK_MAINBOARD
HK.00308,香港中旅,2000,STOCK,N/A,,N/A,,N/A,N/A,1992-11-11,35858681954612,False,N/A,False,,HK_MAINBOARD
HK.00309,新华通讯频媒,1000,STOCK,N/A,,N/A,,N/A,N/A,2003-07-25,52643414147381,False,N/A,False,,HK_MAINBOARD
HK.00310,嘉进投资国际,15000,STOCK,N/A,,N/A,,N/A,N/A,2001-12-12,50109383442742,False,N/A,False,,HK_MAINBOARD
HK.00311,联泰控股,1000,STOCK,N/A,,N/A,,N/A,N/A,2004-07-15,54172422504759,False,N/A,False,,HK_MAINBOARD
HK.00312,岁宝百货,2000,STOCK,N/A,,N/A,,N/A,N/A,2010-11-17,64119566762296,False,N/A,False,,HK_MAINBOARD
HK.00313,裕田中国,25000,STOCK,N/A,,N/A,,N/A,N/A,1993-01-05,36094905155897,False,N/A,False,,HK_MAINBOARD
HK.00314,思派健康,200,STOCK,N/A,,N/A,,N/A,N/A,2022-12-23,83051782603066,False,N/A,False,,HK_MAINBOARD
HK.00315,数码通电讯,500,STOCK,N/A,,N/A,,N/A,N/A,1996-10-31,42086384533819,False,N/A,False,,HK_MAINBOARD
HK.00316,东方海外国际,500,STOCK,N/A,,N/A,,N/A,N/A,1992-07-31,35416300323132,False,N/A,False,,HK_MAINBOARD
HK.00317,中船防务,2000,STOCK,N/A,,N/A,,N/A,N/A,1993-08-06,37009733189949,False,N/A,False,,HK_MAINBOARD
HK.00318,黄河实业,5000,STOCK,N/A,,N/A,,N/A,N/A,2001-10-09,49834505535806,False,N/A,False,,HK_MAINBOARD
HK.00320,金宝通,2000,STOCK,N/A,,N/A,,N/A,N/A,2006-10-09,57677115818304,False,N/A,False,,HK_MAINBOARD
HK.00321,德永佳集团,2000,STOCK,N/A,,N/A,,N/A,N/A,1992-08-06,35442070126913,False,N/A,False,,HK_MAINBOARD
HK.00322,康师傅控股,2000,STOCK,N/A,,N/A,,N/A,N/A,1996-02-05,40931038331202,False,N/A,False,,HK_MAINBOARD
HK.00323,马鞍山钢铁股份,2000,STOCK,N/A,,N/A,,N/A,N/A,1993-11-03,37391985279299,False,N/A,False,,HK_MAINBOARD
HK.00325,布鲁可,300,STOCK,N/A,,N/A,,N/A,N/A,2025-01-10,86273008075077,False,N/A,False,,HK_MAINBOARD
HK.00326,中国星集团,10000,STOCK,N/A,,N/A,,N/A,N/A,1992-11-12,35862976921926,False,N/A,False,,HK_MAINBOARD
HK.00327,百富环球,1000,STOCK,N/A,,N/A,,N/A,N/A,2010-12-20,64261300683079,False,N/A,False,,HK_MAINBOARD
HK.00328,ALCO HOLDINGS,2000,STOCK,N/A,,N/A,,N/A,N/A,1992-11-27,35927401431368,False,N/A,False,,HK_MAINBOARD
HK.00329,东建国际,4000,STOCK,N/A,,N/A,,N/A,N/A,2001-05-09,49177375539529,False,N/A,False,,HK_MAINBOARD
HK.00330,思捷环球,10000,STOCK,N/A,,N/A,,N/A,N/A,1993-12-09,37546604101962,False,N/A,False,,HK_MAINBOARD
HK.00331,丰盛生活服务,1000,STOCK,N/A,,N/A,,N/A,N/A,2015-12-10,331,False,N/A,False,,HK_MAINBOARD
HK.00332,元亨燃气,4000,STOCK,N/A,,N/A,,N/A,N/A,1992-09-25,35656818491724,False,N/A,False,,HK_MAINBOARD
HK.00333,黛丽斯国际,2000,STOCK,N/A,,N/A,,N/A,N/A,1991-12-16,34437047779661,False,N/A,False,,HK_MAINBOARD
HK.00334,华显光电,8000,STOCK,N/A,,N/A,,N/A,N/A,1997-06-18,43074227011918,False,N/A,False,,HK_MAINBOARD
HK.00335,美建集团,2000,STOCK,N/A,,N/A,,N/A,N/A,2000-10-18,48305497178447,False,N/A,False,,HK_MAINBOARD
HK.00336,华宝国际,1000,STOCK,N/A,,N/A,,N/A,N/A,1992-01-22,34595961569616,False,N/A,False,,HK_MAINBOARD
HK.00337,绿地香港,1000,STOCK,N/A,,N/A,,N/A,N/A,2006-10-10,57681410785617,False,N/A,False,,HK_MAINBOARD
HK.00338,上海石油化工股份,2000,STOCK,N/A,,N/A,,N/A,N/A,1993-07-26,36962488549714,False,N/A,False,,HK_MAINBOARD
HK.00339,中国科创产业投资,10000,STOCK,N/A,,N/A,,N/A,N/A,2000-07-26,47944719925587,False,N/A,False,,HK_MAINBOARD
HK.00340,潼关黄金,2000,STOCK,N/A,,N/A,,N/A,N/A,1997-03-26,42713449759060,False,N/A,False,,HK_MAINBOARD
HK.00341,大家乐集团,2000,STOCK,N/A,,N/A,,N/A,N/A,1986-07-15,25937307500885,False,N/A,False,,HK_MAINBOARD
HK.00343,文化传信,5000,STOCK,N/A,,N/A,,N/A,N/A,1986-08-11,26053271617879,False,N/A,False,,HK_MAINBOARD
HK.00345,VITASOY INT'L,2000,STOCK,N/A,,N/A,,N/A,N/A,1994-03-30,38023345471833,False,N/A,False,,HK_MAINBOARD
HK.00346,延长石油国际,5000,STOCK,N/A,,N/A,,N/A,N/A,2001-04-19,49091476193626,False,N/A,False,,HK_MAINBOARD
HK.00347,鞍钢股份,2000,STOCK,N/A,,N/A,,N/A,N/A,1997-07-24,43228845834587,False,N/A,False,,HK_MAINBOARD
HK.00348,中国智能健康,10000,STOCK,N/A,,N/A,,N/A,N/A,1997-09-30,43520903610716,False,N/A,False,,HK_MAINBOARD
HK.00351,亚洲能源物流,10000,STOCK,N/A,,N/A,,N/A,N/A,1992-08-18,35493609734495,False,N/A,False,,HK_MAINBOARD
HK.00352,富阳,2000,STOCK,N/A,,N/A,,N/A,N/A,2006-07-05,57264798957920,False,N/A,False,,HK_MAINBOARD
HK.00353,能源国际投资,4000,STOCK,N/A,,N/A,,N/A,N/A,2001-07-26,49512382988641,False,N/A,False,,HK_MAINBOARD
HK.00354,中国软件国际,2000,STOCK,N/A,,N/A,,N/A,N/A,2003-06-20,52493090292066,False,N/A,False,,HK_MAINBOARD
HK.00355,世纪城市国际,4000,STOCK,N/A,,N/A,,N/A,N/A,1981-09-07,18322330485091,False,N/A,False,,HK_MAINBOARD
HK.00356,鼎立资本,30000,STOCK,N/A,,N/A,,N/A,N/A,2002-06-07,50869592654180,False,N/A,False,,HK_MAINBOARD
HK.00357,美兰空港,1000,STOCK,N/A,,N/A,,N/A,N/A,2002-11-18,51573967290725,False,N/A,False,,HK_MAINBOARD
HK.00358,江西铜业股份,1000,STOCK,N/A,,N/A,,N/A,N/A,1997-06-12,43048457208166,False,N/A,False,,HK_MAINBOARD
HK.00360,新焦点,4000,STOCK,N/A,,N/A,,N/A,N/A,2005-02-28,55151675048296,False,N/A,False,,HK_MAINBOARD
HK.00361,顺龙控股,20000,STOCK,N/A,,N/A,,N/A,N/A,2000-12-20,48576080118121,False,N/A,False,,HK_MAINBOARD
HK.00362,中国天化工,10000,STOCK,N/A,,N/A,,N/A,N/A,2001-05-02,49147310768490,False,N/A,False,,HK_MAINBOARD
HK.00363,上海实业控股,1000,STOCK,N/A,,N/A,,N/A,N/A,1996-05-30,41424959570283,False,N/A,False,,HK_MAINBOARD
HK.00365,芯成科技,2000,STOCK,N/A,,N/A,,N/A,N/A,2000-10-16,48296907243885,False,N/A,False,,HK_MAINBOARD
HK.00366,陆氏集团(越南),2000,STOCK,N/A,,N/A,,N/A,N/A,2001-04-04,49027051684206,False,N/A,False,,HK_MAINBOARD
HK.00367,庄士机构国际,4000,STOCK,N/A,,N/A,,N/A,N/A,1987-01-16,26727581483375,False,N/A,False,,HK_MAINBOARD
HK.00368,德合集团,4000,STOCK,N/A,,N/A,,N/A,N/A,2020-07-17,79207786873200,False,N/A,False,,HK_MAINBOARD
HK.00369,永泰地产,2000,STOCK,N/A,,N/A,,N/A,N/A,1973-02-07,4861902979441,False,N/A,False,,HK_MAINBOARD
HK.00370,港仔机器人,6000,STOCK,N/A,,N/A,,N/A,N/A,1996-03-26,41145786696050,False,N/A,False,,HK_MAINBOARD
HK.00371,北控水务集团,2000,STOCK,N/A,,N/A,,N/A,N/A,1993-04-19,36541581754739,False,N/A,False,,HK_MAINBOARD
HK.00372,保德国际发展,30000,STOCK,N/A,,N/A,,N/A,N/A,1992-02-13,34690450850164,False,N/A,False,,HK_MAINBOARD
HK.00373,联合集团,2000,STOCK,N/A,,N/A,,N/A,N/A,1973-01-12,4750233829749,False,N/A,False,,HK_MAINBOARD
HK.00374,四洲集团,2000,STOCK,N/A,,N/A,,N/A,N/A,1993-08-25,37091337568630,False,N/A,False,,HK_MAINBOARD
HK.00375,YGM TRADING,1000,STOCK,N/A,,N/A,,N/A,N/A,1988-01-25,28333899252087,False,N/A,False,,HK_MAINBOARD
HK.00376,云锋金融,2000,STOCK,N/A,,N/A,,N/A,N/A,1987-07-16,27509265531256,False,N/A,False,,HK_MAINBOARD
HK.00377,中国华君,80,STOCK,N/A,,N/A,,N/A,N/A,1993-04-19,36541581754745,False,N/A,False,,HK_MAINBOARD
HK.00379,恒嘉融资租赁,10000,STOCK,N/A,,N/A,,N/A,N/A,2002-11-13,51552492454267,False,N/A,False,,HK_MAINBOARD
HK.00380,中国管业,4000,STOCK,N/A,,N/A,,N/A,N/A,2000-12-21,48580375085436,False,N/A,False,,HK_MAINBOARD
HK.00381,权识国际,20000,STOCK,N/A,,N/A,,N/A,N/A,2001-01-22,48717814038909,False,N/A,False,,HK_MAINBOARD
HK.00382,中汇集团,2000,STOCK,N/A,,N/A,,N/A,N/A,2019-07-16,77653008712062,False,N/A,False,,HK_MAINBOARD
HK.00383,天安卓健,5000,STOCK,N/A,,N/A,,N/A,N/A,1991-07-31,33848637260159,False,N/A,False,,HK_MAINBOARD
HK.00384,中国燃气,200,STOCK,N/A,,N/A,,N/A,N/A,1995-10-20,40467181863296,False,N/A,False,,HK_MAINBOARD
HK.00385,建联集团,2000,STOCK,N/A,,N/A,,N/A,N/A,1993-10-15,37310380900737,False,N/A,False,,HK_MAINBOARD
HK.00386,中国石油化工股份,2000,STOCK,N/A,,N/A,,N/A,N/A,2000-10-19,48309792145794,False,N/A,False,,HK_MAINBOARD
HK.00387,力丰(集团),4000,STOCK,N/A,,N/A,,N/A,N/A,2003-07-10,52578989638019,False,N/A,False,,HK_MAINBOARD
HK.00388,香港交易所,100,STOCK,N/A,,N/A,,N/A,N/A,2000-06-27,47820165874052,False,N/A,False,,HK_MAINBOARD
HK.00389,通天酒业,2000,STOCK,N/A,,N/A,,N/A,N/A,2009-11-19,62560493633925,False,N/A,False,,HK_MAINBOARD
HK.00390,中国中铁,1000,STOCK,N/A,,N/A,,N/A,N/A,2007-12-07,59498181951878,False,N/A,False,,HK_MAINBOARD
HK.00391,美亚娱乐资讯,20000,STOCK,N/A,,N/A,,N/A,N/A,1993-10-18,37323265802631,False,N/A,False,,HK_MAINBOARD
HK.00392,北京控股,500,STOCK,N/A,,N/A,,N/A,N/A,1997-05-29,42988327666056,False,N/A,False,,HK_MAINBOARD
HK.00393,旭日企业,4000,STOCK,N/A,,N/A,,N/A,N/A,1996-09-17,41897405972873,False,N/A,False,,HK_MAINBOARD
HK.00396,兴利(香港)控股,2000,STOCK,N/A,,N/A,,N/A,N/A,2009-06-22,61916248539532,False,N/A,False,,HK_MAINBOARD
HK.00397,嬴集团,10000,STOCK,N/A,,N/A,,N/A,N/A,1993-10-13,37301790966157,False,N/A,False,,HK_MAINBOARD
HK.00398,东方表行集团,2000,STOCK,N/A,,N/A,,N/A,N/A,1993-10-12,37297495998862,False,N/A,False,,HK_MAINBOARD
HK.00399,星太链集团,5000,STOCK,N/A,,N/A,,N/A,N/A,2000-08-23,48064979009935,False,N/A,False,,HK_MAINBOARD
HK.00400,硬蛋创新,1000,STOCK,N/A,,N/A,,N/A,N/A,2014-07-18,69870527971728,False,N/A,False,,HK_MAINBOARD
HK.00401,万嘉集团,20000,STOCK,N/A,,N/A,,N/A,N/A,2013-10-11,68667937128849,False,N/A,False,,HK_MAINBOARD
HK.00403,星光集团,2000,STOCK,N/A,,N/A,,N/A,N/A,1993-03-03,36339718291859,False,N/A,False,,HK_MAINBOARD
HK.00406,有利集团,2000,STOCK,N/A,,N/A,,N/A,N/A,1991-08-28,33968896344470,False,N/A,False,,HK_MAINBOARD
HK.00408,叶氏化工集团,2000,STOCK,N/A,,N/A,,N/A,N/A,1991-08-21,33938831573400,False,N/A,False,,HK_MAINBOARD
HK.00410,SOHO中国,500,STOCK,N/A,,N/A,,N/A,N/A,2007-10-08,59240483914138,False,N/A,False,,HK_MAINBOARD
HK.00411,南顺(香港),1000,STOCK,N/A,,N/A,,N/A,N/A,1972-10-31,4436701217179,False,N/A,False,,HK_MAINBOARD
HK.00412,山高控股,1000,STOCK,N/A,,N/A,,N/A,N/A,1992-04-15,34956738822556,False,N/A,False,,HK_MAINBOARD
HK.00413,南华集团控股,8000,STOCK,N/A,,N/A,,N/A,N/A,1987-06-15,27376121545117,False,N/A,False,,HK_MAINBOARD
HK.00417,谢瑞麟,2000,STOCK,N/A,,N/A,,N/A,N/A,1987-06-29,27436251087265,False,N/A,False,,HK_MAINBOARD
HK.00418,方正控股,2000,STOCK,N/A,,N/A,,N/A,N/A,1995-12-21,40733469835682,False,N/A,False,,HK_MAINBOARD
HK.00419,弘毅文化集团,10000,STOCK,N/A,,N/A,,N/A,N/A,2002-10-23,51462298141091,False,N/A,False,,HK_MAINBOARD
HK.00420,福田实业,2000,STOCK,N/A,,N/A,,N/A,N/A,1988-04-19,28703266439588,False,N/A,False,,HK_MAINBOARD
HK.00422,越南制造加工出口,1000,STOCK,N/A,,N/A,,N/A,N/A,2007-12-20,59554016526758,False,N/A,False,,HK_MAINBOARD
HK.00423,经济日报集团,2000,STOCK,N/A,,N/A,,N/A,N/A,2005-08-03,55821689946535,False,N/A,False,,HK_MAINBOARD
HK.00425,敏实集团,2000,STOCK,N/A,,N/A,,N/A,N/A,2005-12-01,56337086022057,False,N/A,False,,HK_MAINBOARD
HK.00426,万华媒体,2000,STOCK,N/A,,N/A,,N/A,N/A,2005-10-18,56148107461034,False,N/A,False,,HK_MAINBOARD
HK.00428,中国天弓控股,4000,STOCK,N/A,,N/A,,N/A,N/A,1993-12-14,37568078938540,False,N/A,False,,HK_MAINBOARD
HK.00430,东方兴业控股,4000,STOCK,N/A,,N/A,,N/A,N/A,1993-03-30,36455682408878,False,N/A,False,,HK_MAINBOARD
HK.00431,大中华金融,4000,STOCK,N/A,,N/A,,N/A,N/A,1992-09-16,35618163786159,False,N/A,False,,HK_MAINBOARD
HK.00432,盈大地产,1000,STOCK,N/A,,N/A,,N/A,N/A,1993-09-20,37203006718384,False,N/A,False,,HK_MAINBOARD
HK.00433,北方矿业,10000,STOCK,N/A,,N/A,,N/A,N/A,1995-10-12,433,False,N/A,False,,HK_MAINBOARD
HK.00434,博雅互动,1000,STOCK,N/A,,N/A,,N/A,N/A,2013-11-12,68805376082354,False,N/A,False,,HK_MAINBOARD
HK.00436,新宇环保,20000,STOCK,N/A,,N/A,,N/A,N/A,2000-05-18,47648367182260,False,N/A,False,,HK_MAINBOARD
HK.00438,彩虹新能源,200,STOCK,N/A,,N/A,,N/A,N/A,2004-12-20,54851027337654,False,N/A,False,,HK_MAINBOARD
HK.00439,瀚源控股,2000,STOCK,N/A,,N/A,,N/A,N/A,1992-03-11,34806414967223,False,N/A,False,,HK_MAINBOARD
HK.00440,大新金融,400,STOCK,N/A,,N/A,,N/A,N/A,1987-11-05,27986006901176,False,N/A,False,,HK_MAINBOARD
HK.00442,域能控股,1000,STOCK,N/A,,N/A,,N/A,N/A,2015-03-11,70884140253626,False,N/A,False,,HK_MAINBOARD
HK.00444,SINCEREWATCH HK,10000,STOCK,N/A,,N/A,,N/A,N/A,2005-10-17,56143812493756,False,N/A,False,,HK_MAINBOARD
HK.00450,鸿兴印刷集团,2000,STOCK,N/A,,N/A,,N/A,N/A,1992-03-16,34827889803714,False,N/A,False,,HK_MAINBOARD
HK.00451,协鑫新能源,2000,STOCK,N/A,,N/A,,N/A,N/A,1992-03-25,34866544509379,False,N/A,False,,HK_MAINBOARD
HK.00455,天大药业,2000,STOCK,N/A,,N/A,,N/A,N/A,1992-03-30,34888019345863,False,N/A,False,,HK_MAINBOARD
HK.00456,新城市建设发展,2000,STOCK,N/A,,N/A,,N/A,N/A,2000-05-24,47674136986056,False,N/A,False,,HK_MAINBOARD
HK.00458,联亚集团,1000,STOCK,N/A,,N/A,,N/A,N/A,1988-01-06,28252294873546,False,N/A,False,,HK_MAINBOARD
HK.00459,鋑联控股,10000,STOCK,N/A,,N/A,,N/A,N/A,2001-03-15,48941152338379,False,N/A,False,,HK_MAINBOARD
HK.00460,四环医药,1000,STOCK,N/A,,N/A,,N/A,N/A,2010-10-28,64033667416524,False,N/A,False,,HK_MAINBOARD
HK.00464,中国智能科技,4000,STOCK,N/A,,N/A,,N/A,N/A,2005-06-16,55615531516368,False,N/A,False,,HK_MAINBOARD
HK.00465,富通科技,2000,STOCK,N/A,,N/A,,N/A,N/A,2009-12-04,62624918143441,False,N/A,False,,HK_MAINBOARD
HK.00467,联合能源集团,2000,STOCK,N/A,,N/A,,N/A,N/A,1992-04-08,34926674051539,False,N/A,False,,HK_MAINBOARD
HK.00468,纷美包装,1000,STOCK,N/A,,N/A,,N/A,N/A,2010-12-09,64214056042964,False,N/A,False,,HK_MAINBOARD
HK.00471,中播数据,4000,STOCK,N/A,,N/A,,N/A,N/A,2005-10-10,56113747722711,False,N/A,False,,HK_MAINBOARD
HK.00472,新丝路文旅,10000,STOCK,N/A,,N/A,,N/A,N/A,1988-01-29,28351079121368,False,N/A,False,,HK_MAINBOARD
HK.00474,信铭生命科技,6000,STOCK,N/A,,N/A,,N/A,N/A,2006-06-06,57140244906458,False,N/A,False,,HK_MAINBOARD
HK.00475,中发展控股,2000,STOCK,N/A,,N/A,,N/A,N/A,2007-04-17,58493159604699,False,N/A,False,,HK_MAINBOARD
HK.00476,科轩动力控股,10000,STOCK,N/A,,N/A,,N/A,N/A,1996-05-24,41399189766620,False,N/A,False,,HK_MAINBOARD
HK.00480,香港兴业国际,800,STOCK,N/A,,N/A,,N/A,N/A,1988-03-11,28531467747808,False,N/A,False,,HK_MAINBOARD
HK.00482,圣马丁国际,10000,STOCK,N/A,,N/A,,N/A,N/A,2005-05-12,55465207661026,False,N/A,False,,HK_MAINBOARD
HK.00483,包浩斯国际,2000,STOCK,N/A,,N/A,,N/A,N/A,2005-05-12,55465207661027,False,N/A,False,,HK_MAINBOARD
HK.00484,云游控股,3000,STOCK,N/A,,N/A,,N/A,N/A,2013-10-03,68633577390564,False,N/A,False,,HK_MAINBOARD
HK.00485,中国华星,20000,STOCK,N/A,,N/A,,N/A,N/A,1988-04-12,28668906701285,False,N/A,False,,HK_MAINBOARD
HK.00486,俄铝,1000,STOCK,N/A,,N/A,,N/A,N/A,2010-01-27,62856846377446,False,N/A,False,,HK_MAINBOARD
HK.00487,实德环球,4000,STOCK,N/A,,N/A,,N/A,N/A,2004-11-09,54674933678567,False,N/A,False,,HK_MAINBOARD
HK.00488,丽新发展,300,STOCK,N/A,,N/A,,N/A,N/A,1988-03-11,28531467747816,False,N/A,False,,HK_MAINBOARD
HK.00489,东风集团股份,2000,STOCK,N/A,,N/A,,N/A,N/A,2005-12-07,56362855825897,False,N/A,False,,HK_MAINBOARD
HK.00491,英皇文化产业,20000,STOCK,N/A,,N/A,,N/A,N/A,1992-06-10,35197256991211,False,N/A,False,,HK_MAINBOARD
HK.00493,国美零售,1000,STOCK,N/A,,N/A,,N/A,N/A,1992-04-15,34956738822637,False,N/A,False,,HK_MAINBOARD
HK.00495,PALADIN,5000,STOCK,N/A,,N/A,,N/A,N/A,1988-07-19,29094108463599,False,N/A,False,,HK_MAINBOARD
HK.00496,卡森国际,1000,STOCK,N/A,,N/A,,N/A,N/A,2005-10-20,56156697395696,False,N/A,False,,HK_MAINBOARD
HK.00497,资本策略地产,20000,STOCK,N/A,,N/A,,N/A,N/A,1992-04-15,34956738822641,False,N/A,False,,HK_MAINBOARD
HK.00498,蓝河控股,10000,STOCK,N/A,,N/A,,N/A,N/A,1993-09-21,37207301685746,False,N/A,False,,HK_MAINBOARD
HK.00499,青岛控股,2000,STOCK,N/A,,N/A,,N/A,N/A,1988-07-21,29102698398195,False,N/A,False,,HK_MAINBOARD
HK.00500,先丰服务集团,1000,STOCK,N/A,,N/A,,N/A,N/A,1988-07-28,29132763169268,False,N/A,False,,HK_MAINBOARD
HK.00501,豪威集团,100,STOCK,N/A,,N/A,,N/A,N/A,2026-01-12,87840671138293,False,N/A,False,,HK_MAINBOARD
HK.00505,兴业合金,1000,STOCK,N/A,,N/A,,N/A,N/A,2007-12-27,59584081297913,False,N/A,False,,HK_MAINBOARD
HK.00506,中国食品,2000,STOCK,N/A,,N/A,,N/A,N/A,1988-10-07,29433410879994,False,N/A,False,,HK_MAINBOARD
HK.00508,鼎亿集团投资,5000,STOCK,N/A,,N/A,,N/A,N/A,1988-10-26,29515015258620,False,N/A,False,,HK_MAINBOARD
HK.00509,世纪阳光,10000,STOCK,N/A,,N/A,,N/A,N/A,2004-02-17,53532472377853,False,N/A,False,,HK_MAINBOARD
HK.00510,时富金融服务集团,6000,STOCK,N/A,,N/A,,N/A,N/A,2008-03-03,59871844106750,False,N/A,False,,HK_MAINBOARD
HK.00511,电视广播,100,STOCK,N/A,,N/A,,N/A,N/A,1988-11-23,29635274342911,False,N/A,False,,HK_MAINBOARD
HK.00512,远大医药,500,STOCK,N/A,,N/A,,N/A,N/A,1995-12-19,40724879901184,False,N/A,False,,HK_MAINBOARD
HK.00513,恒和集团,10000,STOCK,N/A,,N/A,,N/A,N/A,1988-11-08,29570849833473,False,N/A,False,,HK_MAINBOARD
HK.00515,中华银科技,10000,STOCK,N/A,,N/A,,N/A,N/A,2006-06-23,57213259350531,False,N/A,False,,HK_MAINBOARD
HK.00517,中远海运国际,2000,STOCK,N/A,,N/A,,N/A,N/A,1992-02-11,34681860915717,False,N/A,False,,HK_MAINBOARD
HK.00518,同得仕(集团),2000,STOCK,N/A,,N/A,,N/A,N/A,1988-12-15,29729763623430,False,N/A,False,,HK_MAINBOARD
HK.00519,诺科达科技,5000,STOCK,N/A,,N/A,,N/A,N/A,1986-03-24,25447681229319,False,N/A,False,,HK_MAINBOARD
HK.00520,呷哺呷哺,500,STOCK,N/A,,N/A,,N/A,N/A,2014-12-17,70523363000840,False,N/A,False,,HK_MAINBOARD
HK.00521,CWT INT'L,10000,STOCK,N/A,,N/A,,N/A,N/A,1988-12-23,29764123361801,False,N/A,False,,HK_MAINBOARD
HK.00522,ASMPT,100,STOCK,N/A,,N/A,,N/A,N/A,1989-01-03,29811368002058,False,N/A,False,,HK_MAINBOARD
HK.00524,长城天下,50000,STOCK,N/A,,N/A,,N/A,N/A,1989-04-20,30275224470028,False,N/A,False,,HK_MAINBOARD
HK.00525,广深铁路股份,2000,STOCK,N/A,,N/A,,N/A,N/A,1996-05-14,41356240093709,False,N/A,False,,HK_MAINBOARD
HK.00526,利时集团控股,2000,STOCK,N/A,,N/A,,N/A,N/A,1995-10-11,40428527157774,False,N/A,False,,HK_MAINBOARD
HK.00527,瑞风新能源,12000,STOCK,N/A,,N/A,,N/A,N/A,2006-06-09,57153129808399,False,N/A,False,,HK_MAINBOARD
HK.00528,金达控股,2000,STOCK,N/A,,N/A,,N/A,N/A,2006-12-12,57951993725456,False,N/A,False,,HK_MAINBOARD
HK.00529,SIS INT'L,2000,STOCK,N/A,,N/A,,N/A,N/A,1992-08-18,35493609734673,False,N/A,False,,HK_MAINBOARD
HK.00532,WKK INTL (HOLD),2000,STOCK,N/A,,N/A,,N/A,N/A,1989-07-09,30618821853716,False,N/A,False,,HK_MAINBOARD
HK.00533,金利来集团,1000,STOCK,N/A,,N/A,,N/A,N/A,1992-09-18,35626753720853,False,N/A,False,,HK_MAINBOARD
HK.00535,金地商置,2000,STOCK,N/A,,N/A,,N/A,N/A,1989-10-16,31039728648727,False,N/A,False,,HK_MAINBOARD
HK.00536,贸易通,2000,STOCK,N/A,,N/A,,N/A,N/A,2005-10-28,56191057134104,False,N/A,False,,HK_MAINBOARD
HK.00538,味千(中国),1000,STOCK,N/A,,N/A,,N/A,N/A,2007-03-30,58415850193434,False,N/A,False,,HK_MAINBOARD
HK.00540,迅捷环球控股,4000,STOCK,N/A,,N/A,,N/A,N/A,2013-01-15,67512590926364,False,N/A,False,,HK_MAINBOARD
HK.00542,中国文旅农业,4000,STOCK,N/A,,N/A,,N/A,N/A,1989-11-23,31202937405982,False,N/A,False,,HK_MAINBOARD
HK.00543,太平洋网络,1000,STOCK,N/A,,N/A,,N/A,N/A,2007-12-18,59545426592287,False,N/A,False,,HK_MAINBOARD
HK.00544,大同集团,5000,STOCK,N/A,,N/A,,N/A,N/A,2000-11-10,48404281426464,False,N/A,False,,HK_MAINBOARD
HK.00546,阜丰集团,1000,STOCK,N/A,,N/A,,N/A,N/A,2007-02-08,58201101828642,False,N/A,False,,HK_MAINBOARD
HK.00547,数字王国,5000,STOCK,N/A,,N/A,,N/A,N/A,1992-07-06,35308926140963,False,N/A,False,,HK_MAINBOARD
HK.00548,深圳高速公路股份,2000,STOCK,N/A,,N/A,,N/A,N/A,1997-03-12,42653320217124,False,N/A,False,,HK_MAINBOARD
HK.00550,律齐文化,2000,STOCK,N/A,,N/A,,N/A,N/A,2007-07-23,58909771432486,False,N/A,False,,HK_MAINBOARD
HK.00551,裕元集团,500,STOCK,N/A,,N/A,,N/A,N/A,1992-07-02,35291746271783,False,N/A,False,,HK_MAINBOARD
HK.00552,中国通信服务,2000,STOCK,N/A,,N/A,,N/A,N/A,2006-12-08,57934813856296,False,N/A,False,,HK_MAINBOARD
HK.00553,南京熊猫电子股份,2000,STOCK,N/A,,N/A,,N/A,N/A,1996-05-02,41304700486185,False,N/A,False,,HK_MAINBOARD
HK.00554,汉思集团控股,2000,STOCK,N/A,,N/A,,N/A,N/A,1997-05-28,42984032698922,False,N/A,False,,HK_MAINBOARD
HK.00556,泛亚环保,2000,STOCK,N/A,,N/A,,N/A,N/A,2007-12-21,59558311494188,False,N/A,False,,HK_MAINBOARD
HK.00557,天元医疗,2000,STOCK,N/A,,N/A,,N/A,N/A,1989-12-29,31357556228653,False,N/A,False,,HK_MAINBOARD
HK.00558,力劲科技,2500,STOCK,N/A,,N/A,,N/A,N/A,2006-10-16,57707180589614,False,N/A,False,,HK_MAINBOARD
HK.00559,德泰新能源集团,10000,STOCK,N/A,,N/A,,N/A,N/A,1997-01-03,42361262441007,False,N/A,False,,HK_MAINBOARD
HK.00560,珠江船务,2000,STOCK,N/A,,N/A,,N/A,N/A,1997-05-23,42962557862448,False,N/A,False,,HK_MAINBOARD
HK.00563,上实城市开发,2000,STOCK,N/A,,N/A,,N/A,N/A,1993-09-10,37160057045555,False,N/A,False,,HK_MAINBOARD
HK.00564,中创智领,200,STOCK,N/A,,N/A,,N/A,N/A,2012-12-05,67336497267252,False,N/A,False,,HK_MAINBOARD
HK.00565,锦艺集团控股,5000,STOCK,N/A,,N/A,,N/A,N/A,2003-09-10,52845277610549,False,N/A,False,,HK_MAINBOARD
HK.00567,大昌微线集团,20000,STOCK,N/A,,N/A,,N/A,N/A,1990-01-31,31499290149431,False,N/A,False,,HK_MAINBOARD
HK.00568,山东墨龙,400,STOCK,N/A,,N/A,,N/A,N/A,2007-02-07,58196806861368,False,N/A,False,,HK_MAINBOARD
HK.00570,中国中药,2000,STOCK,N/A,,N/A,,N/A,N/A,1993-04-07,36490042147386,False,N/A,False,,HK_MAINBOARD
HK.00571,丰德丽控股,2000,STOCK,N/A,,N/A,,N/A,N/A,1973-01-16,571,False,N/A,False,,HK_MAINBOARD
HK.00572,未来世界控股,4000,STOCK,N/A,,N/A,,N/A,N/A,2003-07-02,52544629899836,False,N/A,False,,HK_MAINBOARD
HK.00573,稻香控股,1000,STOCK,N/A,,N/A,,N/A,N/A,2007-06-29,58806692217405,False,N/A,False,,HK_MAINBOARD
HK.00574,百信国际,2000,STOCK,N/A,,N/A,,N/A,N/A,2015-06-19,71313636983358,False,N/A,False,,HK_MAINBOARD
HK.00575,励晶太平洋,10000,STOCK,N/A,,N/A,,N/A,N/A,1997-05-19,42945377993279,False,N/A,False,,HK_MAINBOARD
HK.00576,浙江沪杭甬,2000,STOCK,N/A,,N/A,,N/A,N/A,1997-05-15,42928198124096,False,N/A,False,,HK_MAINBOARD
HK.00579,京能清洁能源,2000,STOCK,N/A,,N/A,,N/A,N/A,2011-12-22,65837553680963,False,N/A,False,,HK_MAINBOARD
HK.00580,赛晶科技,2000,STOCK,N/A,,N/A,,N/A,N/A,2010-10-13,63969242907204,False,N/A,False,,HK_MAINBOARD
HK.00581,中国东方集团,2000,STOCK,N/A,,N/A,,N/A,N/A,2004-03-02,53592601920069,False,N/A,False,,HK_MAINBOARD
HK.00582,神话世界,6000,STOCK,N/A,,N/A,,N/A,N/A,2002-04-30,50706383897158,False,N/A,False,,HK_MAINBOARD
HK.00583,长城环亚控股,2000,STOCK,N/A,,N/A,,N/A,N/A,1990-06-28,32139240276551,False,N/A,False,,HK_MAINBOARD
HK.00585,意力国际,8000,STOCK,N/A,,N/A,,N/A,N/A,1997-03-10,42644730282569,False,N/A,False,,HK_MAINBOARD
HK.00586,海螺创业,500,STOCK,N/A,,N/A,,N/A,N/A,2013-12-19,68964289872458,False,N/A,False,,HK_MAINBOARD
HK.00587,海螺环保,500,STOCK,N/A,,N/A,,N/A,N/A,2022-03-30,81913616269899,False,N/A,False,,HK_MAINBOARD
HK.00588,北京北辰实业股份,2000,STOCK,N/A,,N/A,,N/A,N/A,1997-05-14,42923903156812,False,N/A,False,,HK_MAINBOARD
HK.00590,六福集团,1000,STOCK,N/A,,N/A,,N/A,N/A,1997-05-06,42889543418446,False,N/A,False,,HK_MAINBOARD
HK.00591,中国高精密,1000,STOCK,N/A,,N/A,,N/A,N/A,2009-11-13,62534723830351,False,N/A,False,,HK_MAINBOARD
HK.00593,梦东方,500,STOCK,N/A,,N/A,,N/A,N/A,1993-07-27,36966783517265,False,N/A,False,,HK_MAINBOARD
HK.00595,AV CONCEPT HOLD,2000,STOCK,N/A,,N/A,,N/A,N/A,1996-04-24,41270340747859,False,N/A,False,,HK_MAINBOARD
HK.00596,浪潮数字企业,2000,STOCK,N/A,,N/A,,N/A,N/A,2004-04-29,53841710023252,False,N/A,False,,HK_MAINBOARD
HK.00598,中国外运,1000,STOCK,N/A,,N/A,,N/A,N/A,2003-02-13,51947629445718,False,N/A,False,,HK_MAINBOARD
HK.00599,怡邦行控股,16000,STOCK,N/A,,N/A,,N/A,N/A,2000-04-12,47493748359767,False,N/A,False,,HK_MAINBOARD
HK.00601,稀镁科技,10000,STOCK,N/A,,N/A,,N/A,N/A,1993-01-28,36193689403993,False,N/A,False,,HK_MAINBOARD
HK.00602,佳华百货控股,2500,STOCK,N/A,,N/A,,N/A,N/A,2007-05-21,58639188492890,False,N/A,False,,HK_MAINBOARD
HK.00603,中油燃气,20000,STOCK,N/A,,N/A,,N/A,N/A,1993-05-28,36709085479515,False,N/A,False,,HK_MAINBOARD
HK.00604,深圳控股,2000,STOCK,N/A,,N/A,,N/A,N/A,1997-03-07,42631845380700,False,N/A,False,,HK_MAINBOARD
HK.00605,中国金融投资管理,2000,STOCK,N/A,,N/A,,N/A,N/A,1993-04-07,36490042147421,False,N/A,False,,HK_MAINBOARD
HK.00606,中骏商管,1000,STOCK,N/A,,N/A,,N/A,N/A,2021-07-02,80736795230814,False,N/A,False,,HK_MAINBOARD
HK.00607,丰盛控股,4000,STOCK,N/A,,N/A,,N/A,N/A,2002-12-18,51702816309855,False,N/A,False,,HK_MAINBOARD
HK.00608,达利国际,2000,STOCK,N/A,,N/A,,N/A,N/A,1992-08-04,35433480192608,False,N/A,False,,HK_MAINBOARD
HK.00609,天德化工,4000,STOCK,N/A,,N/A,,N/A,N/A,2006-10-27,57754425229921,False,N/A,False,,HK_MAINBOARD
HK.00610,WAI KEE HOLD,2000,STOCK,N/A,,N/A,,N/A,N/A,1992-08-28,35536559407714,False,N/A,False,,HK_MAINBOARD
HK.00611,中国核能科技,2000,STOCK,N/A,,N/A,,N/A,N/A,1993-02-12,36258113913443,False,N/A,False,,HK_MAINBOARD
HK.00612,嘉文世纪投资公司,8000,STOCK,N/A,,N/A,,N/A,N/A,2002-01-02,50199577756260,False,N/A,False,,HK_MAINBOARD
HK.00613,梧桐国际,2000,STOCK,N/A,,N/A,,N/A,N/A,1993-11-12,37430639985253,False,N/A,False,,HK_MAINBOARD
HK.00616,高山企业,5000,STOCK,N/A,,N/A,,N/A,N/A,1991-09-16,34046205756008,False,N/A,False,,HK_MAINBOARD
HK.00617,百利保控股,2000,STOCK,N/A,,N/A,,N/A,N/A,1993-12-17,37580963840617,False,N/A,False,,HK_MAINBOARD
HK.00618,北大资源,8000,STOCK,N/A,,N/A,,N/A,N/A,1991-10-07,34136400069226,False,N/A,False,,HK_MAINBOARD
HK.00619,南华金融,2000,STOCK,N/A,,N/A,,N/A,N/A,1993-07-16,36919538877035,False,N/A,False,,HK_MAINBOARD
HK.00620,大唐西市,2000,STOCK,N/A,,N/A,,N/A,N/A,1991-09-30,34106335298156,False,N/A,False,,HK_MAINBOARD
HK.00621,坛金矿业,5000,STOCK,N/A,,N/A,,N/A,N/A,1995-12-18,40720584933997,False,N/A,False,,HK_MAINBOARD
HK.00622,威华达控股,3000,STOCK,N/A,,N/A,,N/A,N/A,1991-09-16,34046205756014,False,N/A,False,,HK_MAINBOARD
HK.00623,中视金桥,1000,STOCK,N/A,,N/A,,N/A,N/A,2008-07-08,60417304953455,False,N/A,False,,HK_MAINBOARD
HK.00626,大众金融控股,2000,STOCK,N/A,,N/A,,N/A,N/A,1991-10-03,34119220200050,False,N/A,False,,HK_MAINBOARD
HK.00627,共生智筑,20000,STOCK,N/A,,N/A,,N/A,N/A,2000-11-13,48417166328435,False,N/A,False,,HK_MAINBOARD
HK.00628,通通AI社交,2000,STOCK,N/A,,N/A,,N/A,N/A,2002-07-24,51071456117364,False,N/A,False,,HK_MAINBOARD
HK.00629,悦达国际控股,1000,STOCK,N/A,,N/A,,N/A,N/A,2001-11-29,50053548868213,False,N/A,False,,HK_MAINBOARD
HK.00630,隽泰控股,10000,STOCK,N/A,,N/A,,N/A,N/A,1996-11-28,42206643618422,False,N/A,False,,HK_MAINBOARD
HK.00631,三一国际,1000,STOCK,N/A,,N/A,,N/A,N/A,2009-11-25,62586263437943,False,N/A,False,,HK_MAINBOARD
HK.00632,中港石油,2000,STOCK,N/A,,N/A,,N/A,N/A,2002-08-28,51221779972728,False,N/A,False,,HK_MAINBOARD
HK.00635,彩星集团,2000,STOCK,N/A,,N/A,,N/A,N/A,1994-01-06,37666863186555,False,N/A,False,,HK_MAINBOARD
HK.00636,KLN,500,STOCK,N/A,,N/A,,N/A,N/A,2013-12-19,68964289872508,False,N/A,False,,HK_MAINBOARD
HK.00637,利记,2000,STOCK,N/A,,N/A,,N/A,N/A,2006-10-04,57655640982141,False,N/A,False,,HK_MAINBOARD
HK.00638,广和通,200,STOCK,N/A,,N/A,,N/A,N/A,2025-10-22,87505663689342,False,N/A,False,,HK_MAINBOARD
HK.00639,首钢资源,2000,STOCK,N/A,,N/A,,N/A,N/A,1990-10-02,32547262169727,False,N/A,False,,HK_MAINBOARD
HK.00640,星谦发展,2000,STOCK,N/A,,N/A,,N/A,N/A,2010-08-12,63702954934912,False,N/A,False,,HK_MAINBOARD
HK.00641,中国恒天立信国际,2000,STOCK,N/A,,N/A,,N/A,N/A,1990-10-12,32590211842689,False,N/A,False,,HK_MAINBOARD
HK.00643,恒富控股,10000,STOCK,N/A,,N/A,,N/A,N/A,2000-03-13,47364899340931,False,N/A,False,,HK_MAINBOARD
HK.00645,安域亚洲,2000,STOCK,N/A,,N/A,,N/A,N/A,1993-12-22,37602438677125,False,N/A,False,,HK_MAINBOARD
HK.00646,中国环保科技,8000,STOCK,N/A,,N/A,,N/A,N/A,2002-03-28,50564649976454,False,N/A,False,,HK_MAINBOARD
HK.00648,京玖康疗,5000,STOCK,N/A,,N/A,,N/A,N/A,1990-10-29,32663226286728,False,N/A,False,,HK_MAINBOARD
HK.00650,普达特科技,2000,STOCK,N/A,,N/A,,N/A,N/A,1992-10-07,35708358099594,False,N/A,False,,HK_MAINBOARD
HK.00653,卓悦控股,12000,STOCK,N/A,,N/A,,N/A,N/A,2003-07-16,52604759442061,False,N/A,False,,HK_MAINBOARD
HK.00655,香港华人有限公司,2000,STOCK,N/A,,N/A,,N/A,N/A,1992-10-12,35729832936079,False,N/A,False,,HK_MAINBOARD
HK.00656,复星国际,500,STOCK,N/A,,N/A,,N/A,N/A,2007-07-16,58879706661520,False,N/A,False,,HK_MAINBOARD
HK.00657,环科国际,2000,STOCK,N/A,,N/A,,N/A,N/A,1992-10-30,35807142347409,False,N/A,False,,HK_MAINBOARD
HK.00658,中国高速传动,1000,STOCK,N/A,,N/A,,N/A,N/A,2007-07-04,58828167053970,False,N/A,False,,HK_MAINBOARD
HK.00659,周大福创建,1000,STOCK,N/A,,N/A,,N/A,N/A,1997-04-25,42842298778259,False,N/A,False,,HK_MAINBOARD
HK.00660,玮俊生物科技,20000,STOCK,N/A,,N/A,,N/A,N/A,1993-02-05,36228049142420,False,N/A,False,,HK_MAINBOARD
HK.00661,中国大冶有色金属,2000,STOCK,N/A,,N/A,,N/A,N/A,1990-11-21,32762010534549,False,N/A,False,,HK_MAINBOARD
HK.00662,亚洲金融,2000,STOCK,N/A,,N/A,,N/A,N/A,1990-12-18,32877974651542,False,N/A,False,,HK_MAINBOARD
HK.00663,金山能源,10000,STOCK,N/A,,N/A,,N/A,N/A,1990-11-30,32800665240215,False,N/A,False,,HK_MAINBOARD
HK.00666,瑞浦兰钧,200,STOCK,N/A,,N/A,,N/A,N/A,2023-12-18,84602265797274,False,N/A,False,,HK_MAINBOARD
HK.00667,中国东方教育,500,STOCK,N/A,,N/A,,N/A,N/A,2019-06-12,77502684856987,False,N/A,False,,HK_MAINBOARD
HK.00669,创科实业,500,STOCK,N/A,,N/A,,N/A,N/A,1990-12-17,32873679684253,False,N/A,False,,HK_MAINBOARD
HK.00670,中国东方航空股份,2000,STOCK,N/A,,N/A,,N/A,N/A,1997-02-05,42502996361886,False,N/A,False,,HK_MAINBOARD
HK.00672,众安集团,1000,STOCK,N/A,,N/A,,N/A,N/A,2007-11-13,59395102737056,False,N/A,False,,HK_MAINBOARD
HK.00673,中国卫生集团,6000,STOCK,N/A,,N/A,,N/A,N/A,2001-06-18,49349174231713,False,N/A,False,,HK_MAINBOARD
HK.00674,中国唐商,4000,STOCK,N/A,,N/A,,N/A,N/A,1991-01-25,33041183408802,False,N/A,False,,HK_MAINBOARD
HK.00675,坚宝国际,2000,STOCK,N/A,,N/A,,N/A,N/A,1997-01-02,42356967473827,False,N/A,False,,HK_MAINBOARD
HK.00676,创信国际,2000,STOCK,N/A,,N/A,,N/A,N/A,1996-10-11,42000485188260,False,N/A,False,,HK_MAINBOARD
HK.00677,金源发展国际实业,2000,STOCK,N/A,,N/A,,N/A,N/A,1991-01-28,33054068310693,False,N/A,False,,HK_MAINBOARD
HK.00679,亚洲联网科技,10000,STOCK,N/A,,N/A,,N/A,N/A,1991-01-31,33066953212583,False,N/A,False,,HK_MAINBOARD
HK.00681,中民控股,2000,STOCK,N/A,,N/A,,N/A,N/A,1997-04-24,42838003810985,False,N/A,False,,HK_MAINBOARD
HK.00682,超大现代,10000,STOCK,N/A,,N/A,,N/A,N/A,2000-12-15,48554605281962,False,N/A,False,,HK_MAINBOARD
HK.00683,嘉里建设,500,STOCK,N/A,,N/A,,N/A,N/A,1996-08-05,41712722379435,False,N/A,False,,HK_MAINBOARD
HK.00684,亚伦国际,2000,STOCK,N/A,,N/A,,N/A,N/A,1992-11-10,35854386987692,False,N/A,False,,HK_MAINBOARD
HK.00685,世界华文媒体,1000,STOCK,N/A,,N/A,,N/A,N/A,1991-03-22,33281701577389,False,N/A,False,,HK_MAINBOARD
HK.00686,北京能源国际,2000,STOCK,N/A,,N/A,,N/A,N/A,2000-04-13,47498043327150,False,N/A,False,,HK_MAINBOARD
HK.00687,泰升集团,2000,STOCK,N/A,,N/A,,N/A,N/A,1991-03-26,33298881446575,False,N/A,False,,HK_MAINBOARD
HK.00688,中国海外发展,500,STOCK,N/A,,N/A,,N/A,N/A,1992-08-20,35502199669424,False,N/A,False,,HK_MAINBOARD
HK.00689,长盈集团(控股),15000,STOCK,N/A,,N/A,,N/A,N/A,1991-04-14,33384780792497,False,N/A,False,,HK_MAINBOARD
HK.00690,联康生物科技集团,20000,STOCK,N/A,,N/A,,N/A,N/A,2001-11-12,49980534424242,False,N/A,False,,HK_MAINBOARD
HK.00691,山水水泥,1000,STOCK,N/A,,N/A,,N/A,N/A,2008-07-04,60400125084339,False,N/A,False,,HK_MAINBOARD
HK.00693,陈唱国际,3000,STOCK,N/A,,N/A,,N/A,N/A,1998-07-07,44723494453941,False,N/A,False,,HK_MAINBOARD
HK.00694,北京首都机场股份,2000,STOCK,N/A,,N/A,,N/A,N/A,2000-02-01,47188805681846,False,N/A,False,,HK_MAINBOARD
HK.00695,东吴水泥,2000,STOCK,N/A,,N/A,,N/A,N/A,2012-06-13,66584877990583,False,N/A,False,,HK_MAINBOARD
HK.00696,中国民航信息网络,1000,STOCK,N/A,,N/A,,N/A,N/A,2001-02-07,48786533515960,False,N/A,False,,HK_MAINBOARD
HK.00697,首程控股,2000,STOCK,N/A,,N/A,,N/A,N/A,1991-04-29,33449205301945,False,N/A,False,,HK_MAINBOARD
HK.00698,通达集团,1000,STOCK,N/A,,N/A,,N/A,N/A,2000-12-22,48584670053050,False,N/A,False,,HK_MAINBOARD
HK.00699,均胜电子,500,STOCK,N/A,,N/A,,N/A,N/A,2025-11-06,87565793231547,False,N/A,False,,HK_MAINBOARD
HK.00700,腾讯控股,100,STOCK,N/A,,N/A,,N/A,N/A,2004-06-16,54047868453564,False,N/A,False,,HK_MAINBOARD
HK.00701,CNT GROUP,2000,STOCK,N/A,,N/A,,N/A,N/A,1991-05-20,33539399615165,False,N/A,False,,HK_MAINBOARD
HK.00702,中国油气控股,10000,STOCK,N/A,,N/A,,N/A,N/A,2000-02-09,47223165420222,False,N/A,False,,HK_MAINBOARD
HK.00703,FUTURE BRIGHT,6000,STOCK,N/A,,N/A,,N/A,N/A,2002-08-15,51165945397951,False,N/A,False,,HK_MAINBOARD
HK.00704,和嘉控股,5000,STOCK,N/A,,N/A,,N/A,N/A,1991-05-26,33565169418944,False,N/A,False,,HK_MAINBOARD
HK.00707,亚洲电视控股,8000,STOCK,N/A,,N/A,,N/A,N/A,2006-03-30,56848187130563,False,N/A,False,,HK_MAINBOARD
HK.00708,恒大汽车,500,STOCK,N/A,,N/A,,N/A,N/A,2008-02-12,59785944761028,False,N/A,False,,HK_MAINBOARD
HK.00709,佐丹奴国际,2000,STOCK,N/A,,N/A,,N/A,N/A,1991-06-18,33663953666757,False,N/A,False,,HK_MAINBOARD
HK.00710,京东方精电,1000,STOCK,N/A,,N/A,,N/A,N/A,1991-06-30,33715493274310,False,N/A,False,,HK_MAINBOARD
HK.00711,亚洲联合基建控股,2000,STOCK,N/A,,N/A,,N/A,N/A,1993-02-12,36258113913543,False,N/A,False,,HK_MAINBOARD
HK.00712,卡姆丹克太阳能,10000,STOCK,N/A,,N/A,,N/A,N/A,2009-10-30,62474594288328,False,N/A,False,,HK_MAINBOARD
HK.00713,世界(集团),2000,STOCK,N/A,,N/A,,N/A,N/A,1993-04-15,36524401885897,False,N/A,False,,HK_MAINBOARD
HK.00716,胜狮货柜,2000,STOCK,N/A,,N/A,,N/A,N/A,1993-07-08,36885179138764,False,N/A,False,,HK_MAINBOARD
HK.00717,英皇资本,6000,STOCK,N/A,,N/A,,N/A,N/A,2007-04-24,58523224376013,False,N/A,False,,HK_MAINBOARD
HK.00718,太和控股,5000,STOCK,N/A,,N/A,,N/A,N/A,1995-10-02,40389872452302,False,N/A,False,,HK_MAINBOARD
HK.00719,山东新华制药股份,2000,STOCK,N/A,,N/A,,N/A,N/A,1996-12-31,42348377539279,False,N/A,False,,HK_MAINBOARD
HK.00720,意达利控股,25000,STOCK,N/A,,N/A,,N/A,N/A,1991-07-15,33779917783760,False,N/A,False,,HK_MAINBOARD
HK.00721,中国金融国际,10000,STOCK,N/A,,N/A,,N/A,N/A,2001-06-08,49306224558801,False,N/A,False,,HK_MAINBOARD
HK.00722,联合医务,2000,STOCK,N/A,,N/A,,N/A,N/A,2015-11-27,722,False,N/A,False,,HK_MAINBOARD
HK.00723,信保环球控股,30000,STOCK,N/A,,N/A,,N/A,N/A,1991-07-17,33788507718355,False,N/A,False,,HK_MAINBOARD
HK.00724,瑞鑫国际集团,10000,STOCK,N/A,,N/A,,N/A,N/A,2000-07-03,47845935678164,False,N/A,False,,HK_MAINBOARD
HK.00725,恒都集团,2000,STOCK,N/A,,N/A,,N/A,N/A,1996-12-30,42344082571989,False,N/A,False,,HK_MAINBOARD
HK.00726,筑友智造科技,5000,STOCK,N/A,,N/A,,N/A,N/A,1991-07-24,33818572489430,False,N/A,False,,HK_MAINBOARD
HK.00727,皇冠环球集团,10000,STOCK,N/A,,N/A,,N/A,N/A,1998-01-16,43984760079063,False,N/A,False,,HK_MAINBOARD
HK.00728,中国电信,2000,STOCK,N/A,,N/A,,N/A,N/A,2002-11-15,51561082389208,False,N/A,False,,HK_MAINBOARD
HK.00729,五龙电动车,5000,STOCK,N/A,,N/A,,N/A,N/A,1991-10-03,34119220200153,False,N/A,False,,HK_MAINBOARD
HK.00730,首惠产业金融,1000,STOCK,N/A,,N/A,,N/A,N/A,1991-08-07,33878702031578,False,N/A,False,,HK_MAINBOARD
HK.00731,建发新胜,20000,STOCK,N/A,,N/A,,N/A,N/A,1995-12-01,40647570490075,False,N/A,False,,HK_MAINBOARD
HK.00732,信利国际,2000,STOCK,N/A,,N/A,,N/A,N/A,1991-07-28,33835752358620,False,N/A,False,,HK_MAINBOARD
HK.00733,合富辉煌,2000,STOCK,N/A,,N/A,,N/A,N/A,2004-07-15,54172422505181,False,N/A,False,,HK_MAINBOARD
HK.00736,中国置业投资,3000,STOCK,N/A,,N/A,,N/A,N/A,1992-09-30,35678293328608,False,N/A,False,,HK_MAINBOARD
HK.00737,湾区发展,500,STOCK,N/A,,N/A,,N/A,N/A,2003-08-06,52694953755361,False,N/A,False,,HK_MAINBOARD
HK.00738,莱尔斯丹,2000,STOCK,N/A,,N/A,,N/A,N/A,1992-12-11,35987530973922,False,N/A,False,,HK_MAINBOARD
HK.00743,亚洲水泥(中国),500,STOCK,N/A,,N/A,,N/A,N/A,2008-05-20,60206851556071,False,N/A,False,,HK_MAINBOARD
HK.00745,中国国家文化产业,20000,STOCK,N/A,,N/A,,N/A,N/A,2004-10-13,54558969561833,False,N/A,False,,HK_MAINBOARD
HK.00746,理文化工,2000,STOCK,N/A,,N/A,,N/A,N/A,2002-01-16,50259707298538,False,N/A,False,,HK_MAINBOARD
HK.00747,渖阳公用发展股份,2000,STOCK,N/A,,N/A,,N/A,N/A,1999-12-16,46986942218987,False,N/A,False,,HK_MAINBOARD
HK.00750,水发兴业能源,1000,STOCK,N/A,,N/A,,N/A,N/A,2009-01-13,61229053772526,False,N/A,False,,HK_MAINBOARD
HK.00751,创维集团,2000,STOCK,N/A,,N/A,,N/A,N/A,2000-04-07,47472273523439,False,N/A,False,,HK_MAINBOARD
HK.00752,PICO FAR EAST,2000,STOCK,N/A,,N/A,,N/A,N/A,1992-09-28,35669703394032,False,N/A,False,,HK_MAINBOARD
HK.00753,中国国航,2000,STOCK,N/A,,N/A,,N/A,N/A,2004-12-15,54829552501489,False,N/A,False,,HK_MAINBOARD
HK.00754,合生创展集团,100,STOCK,N/A,,N/A,,N/A,N/A,1998-05-27,44547400794866,False,N/A,False,,HK_MAINBOARD
HK.00755,大方广瑞德,5000,STOCK,N/A,,N/A,,N/A,N/A,1992-10-27,35794257445619,False,N/A,False,,HK_MAINBOARD
HK.00756,森美控股,8000,STOCK,N/A,,N/A,,N/A,N/A,2008-07-10,60425894888180,False,N/A,False,,HK_MAINBOARD
HK.00757,阳光能源,1000,STOCK,N/A,,N/A,,N/A,N/A,2008-03-31,59992103191285,False,N/A,False,,HK_MAINBOARD
HK.00759,CEC INT'L HOLD,2000,STOCK,N/A,,N/A,,N/A,N/A,1999-11-15,46853798232823,False,N/A,False,,HK_MAINBOARD
HK.00760,新天地产集团,30000,STOCK,N/A,,N/A,,N/A,N/A,1995-08-08,40153649251064,False,N/A,False,,HK_MAINBOARD
HK.00762,中国联通,2000,STOCK,N/A,,N/A,,N/A,N/A,2000-06-22,47798691037946,False,N/A,False,,HK_MAINBOARD
HK.00763,中兴通讯,200,STOCK,N/A,,N/A,,N/A,N/A,2004-12-09,54803782697723,False,N/A,False,,HK_MAINBOARD
HK.00764,永恒策略,10000,STOCK,N/A,,N/A,,N/A,N/A,2000-02-15,47248935224060,False,N/A,False,,HK_MAINBOARD
HK.00765,PERFECTECH INTL,2000,STOCK,N/A,,N/A,,N/A,N/A,1992-10-23,35777077576445,False,N/A,False,,HK_MAINBOARD
HK.00767,中基长寿科学,10000,STOCK,N/A,,N/A,,N/A,N/A,1995-11-20,40600325849855,False,N/A,False,,HK_MAINBOARD
HK.00768,开明投资,2000,STOCK,N/A,,N/A,,N/A,N/A,2000-01-18,47128676139776,False,N/A,False,,HK_MAINBOARD
HK.00769,中国稀土,2000,STOCK,N/A,,N/A,,N/A,N/A,1999-10-15,46720654246657,False,N/A,False,,HK_MAINBOARD
HK.00770,SHANGHAI GROWTH,1000,STOCK,N/A,,N/A,,N/A,N/A,1993-11-30,37507949396738,False,N/A,False,,HK_MAINBOARD
HK.00771,自动系统,2000,STOCK,N/A,,N/A,,N/A,N/A,1997-11-05,43675522433795,False,N/A,False,,HK_MAINBOARD
HK.00772,阅文集团,200,STOCK,N/A,,N/A,,N/A,N/A,2017-11-08,74994423956228,False,N/A,False,,HK_MAINBOARD
HK.00775,长江生命科技,2000,STOCK,N/A,,N/A,,N/A,N/A,2002-07-16,51037096379143,False,N/A,False,,HK_MAINBOARD
HK.00776,帝国科技集团,500,STOCK,N/A,,N/A,,N/A,N/A,2005-10-13,56126632624904,False,N/A,False,,HK_MAINBOARD
HK.00777,网龙,500,STOCK,N/A,,N/A,,N/A,N/A,2008-06-24,60357175411465,False,N/A,False,,HK_MAINBOARD
HK.00780,同程旅行,400,STOCK,N/A,,N/A,,N/A,N/A,2018-11-26,76652281332492,False,N/A,False,,HK_MAINBOARD
HK.00784,凌锐控股,10000,STOCK,N/A,,N/A,,N/A,N/A,2017-12-28,75213467288336,False,N/A,False,,HK_MAINBOARD
HK.00788,中国铁塔,500,STOCK,N/A,,N/A,,N/A,N/A,2018-08-08,76175539962644,False,N/A,False,,HK_MAINBOARD
HK.00789,雅天妮集团,20000,STOCK,N/A,,N/A,,N/A,N/A,2008-05-16,60189671686933,False,N/A,False,,HK_MAINBOARD
HK.00794,锦胜集团(控股),2000,STOCK,N/A,,N/A,,N/A,N/A,2009-02-26,61418032333594,False,N/A,False,,HK_MAINBOARD
HK.00797,第七大道,2000,STOCK,N/A,,N/A,,N/A,N/A,2018-07-18,76063870812957,False,N/A,False,,HK_MAINBOARD
HK.00798,中电光谷,4000,STOCK,N/A,,N/A,,N/A,N/A,2014-03-28,69389491634974,False,N/A,False,,HK_MAINBOARD
HK.00799,IGG,1000,STOCK,N/A,,N/A,,N/A,N/A,2013-10-18,68698001900319,False,N/A,False,,HK_MAINBOARD
HK.00800,文远知行-W,100,STOCK,N/A,,N/A,,N/A,N/A,2025-11-06,87565793231648,False,N/A,False,,HK_MAINBOARD
HK.00802,中国钱包,10000,STOCK,N/A,,N/A,,N/A,N/A,2009-02-10,61349312856866,False,N/A,False,,HK_MAINBOARD
HK.00804,鼎石资本,5000,STOCK,N/A,,N/A,,N/A,N/A,2015-06-12,74406013436708,False,N/A,False,,HK_MAINBOARD
HK.00805,新吉奥房车,2000,STOCK,N/A,,N/A,,N/A,N/A,2025-01-13,86273008075557,False,N/A,False,,HK_MAINBOARD
HK.00806,惠理集团,1000,STOCK,N/A,,N/A,,N/A,N/A,2007-11-22,59433757442854,False,N/A,False,,HK_MAINBOARD
HK.00807,上海实业环境,1000,STOCK,N/A,,N/A,,N/A,N/A,2018-03-23,75595719377703,False,N/A,False,,HK_MAINBOARD
HK.00809,大成生化科技,2000,STOCK,N/A,,N/A,,N/A,N/A,2001-03-16,48945447306025,False,N/A,False,,HK_MAINBOARD
HK.00810,中国铸晨81,6000,STOCK,N/A,,N/A,,N/A,N/A,2002-02-28,50444390892330,False,N/A,False,,HK_MAINBOARD
HK.00811,新华文轩,1000,STOCK,N/A,,N/A,,N/A,N/A,2007-05-30,58677843198763,False,N/A,False,,HK_MAINBOARD
HK.00813,世茂集团,500,STOCK,N/A,,N/A,,N/A,N/A,2006-07-05,57264798958381,False,N/A,False,,HK_MAINBOARD
HK.00814,北京京客隆,1000,STOCK,N/A,,N/A,,N/A,N/A,2008-02-26,59846074303278,False,N/A,False,,HK_MAINBOARD
HK.00815,中国白银集团,2000,STOCK,N/A,,N/A,,N/A,N/A,2012-12-28,67435281515311,False,N/A,False,,HK_MAINBOARD
HK.00816,金茂服务,500,STOCK,N/A,,N/A,,N/A,N/A,2022-03-10,81806242087728,False,N/A,False,,HK_MAINBOARD
HK.00817,中国金茂,2000,STOCK,N/A,,N/A,,N/A,N/A,2007-08-17,59017145615153,False,N/A,False,,HK_MAINBOARD
HK.00818,高阳科技,3000,STOCK,N/A,,N/A,,N/A,N/A,2001-10-17,49868865274674,False,N/A,False,,HK_MAINBOARD
HK.00819,天能动力,2000,STOCK,N/A,,N/A,,N/A,N/A,2007-06-11,58729382806323,False,N/A,False,,HK_MAINBOARD
HK.00821,汇盈控股,8000,STOCK,N/A,,N/A,,N/A,N/A,2001-04-09,49048526521141,False,N/A,False,,HK_MAINBOARD
HK.00822,嘉瑞国际,2000,STOCK,N/A,,N/A,,N/A,N/A,2007-06-27,58798102283062,False,N/A,False,,HK_MAINBOARD
HK.00825,新世界百货中国,1000,STOCK,N/A,,N/A,,N/A,N/A,2007-07-12,58862526792505,False,N/A,False,,HK_MAINBOARD
HK.00826,天工国际,2000,STOCK,N/A,,N/A,,N/A,N/A,2007-07-26,58922656334650,False,N/A,False,,HK_MAINBOARD
HK.00827,玖源集团,4000,STOCK,N/A,,N/A,,N/A,N/A,2003-07-10,52578989638459,False,N/A,False,,HK_MAINBOARD
HK.00828,王朝酒业,2000,STOCK,N/A,,N/A,,N/A,N/A,2005-01-26,55009941127996,False,N/A,False,,HK_MAINBOARD
HK.00829,神冠控股,2000,STOCK,N/A,,N/A,,N/A,N/A,2009-10-13,62401579844413,False,N/A,False,,HK_MAINBOARD
HK.00830,中国建筑兴业,2000,STOCK,N/A,,N/A,,N/A,N/A,2010-03-30,63123134350142,False,N/A,False,,HK_MAINBOARD
HK.00831,利亚零售,2000,STOCK,N/A,,N/A,,N/A,N/A,2001-01-18,48700634170175,False,N/A,False,,HK_MAINBOARD
HK.00832,建业地产,1000,STOCK,N/A,,N/A,,N/A,N/A,2008-06-06,60279866000192,False,N/A,False,,HK_MAINBOARD
HK.00833,华讯,4000,STOCK,N/A,,N/A,,N/A,N/A,2005-07-15,55740085568321,False,N/A,False,,HK_MAINBOARD
HK.00834,康大食品,4000,STOCK,N/A,,N/A,,N/A,N/A,2008-12-22,61134564492098,False,N/A,False,,HK_MAINBOARD
HK.00836,华润电力,2000,STOCK,N/A,,N/A,,N/A,N/A,2003-11-12,53115860550468,False,N/A,False,,HK_MAINBOARD
HK.00837,谭木匠,500,STOCK,N/A,,N/A,,N/A,N/A,2009-12-29,62732292326213,False,N/A,False,,HK_MAINBOARD
HK.00838,亿和控股,2000,STOCK,N/A,,N/A,,N/A,N/A,2005-05-11,55460912694086,False,N/A,False,,HK_MAINBOARD
HK.00839,中教控股,1000,STOCK,N/A,,N/A,,N/A,N/A,2017-12-15,75179107550023,False,N/A,False,,HK_MAINBOARD
HK.00840,天业节水,2000,STOCK,N/A,,N/A,,N/A,N/A,2008-01-24,59704340382536,False,N/A,False,,HK_MAINBOARD
HK.00841,木薯资源,2000,STOCK,N/A,,N/A,,N/A,N/A,2009-03-23,61525406516041,False,N/A,False,,HK_MAINBOARD
HK.00842,理士国际,1000,STOCK,N/A,,N/A,,N/A,N/A,2010-11-16,64115271795530,False,N/A,False,,HK_MAINBOARD
HK.00844,广泰国际控股,4000,STOCK,N/A,,N/A,,N/A,N/A,2011-11-24,65717294596940,False,N/A,False,,HK_MAINBOARD
HK.00845,恒盛地产,1000,STOCK,N/A,,N/A,,N/A,N/A,2009-10-02,62354335204173,False,N/A,False,,HK_MAINBOARD
HK.00846,明发集团,1000,STOCK,N/A,,N/A,,N/A,N/A,2009-11-13,62534723830606,False,N/A,False,,HK_MAINBOARD
HK.00848,茂业国际,1000,STOCK,N/A,,N/A,,N/A,N/A,2008-05-05,60142427046736,False,N/A,False,,HK_MAINBOARD
HK.00851,盛源控股,10000,STOCK,N/A,,N/A,,N/A,N/A,1998-12-02,45359149613907,False,N/A,False,,HK_MAINBOARD
HK.00852,海峡石油化工,2000,STOCK,N/A,,N/A,,N/A,N/A,2009-01-12,61224758805332,False,N/A,False,,HK_MAINBOARD
HK.00853,微创医疗,100,STOCK,N/A,,N/A,,N/A,N/A,2010-09-24,63887638528853,False,N/A,False,,HK_MAINBOARD
HK.00854,威雅利,1000,STOCK,N/A,,N/A,,N/A,N/A,2013-12-06,68908455297878,False,N/A,False,,HK_MAINBOARD
HK.00855,中国水务,2000,STOCK,N/A,,N/A,,N/A,N/A,1999-10-11,46703474377559,False,N/A,False,,HK_MAINBOARD
HK.00856,伟仕佳杰,2000,STOCK,N/A,,N/A,,N/A,N/A,2002-05-09,50745038603096,False,N/A,False,,HK_MAINBOARD
HK.00857,中国石油股份,2000,STOCK,N/A,,N/A,,N/A,N/A,2000-04-07,47472273523545,False,N/A,False,,HK_MAINBOARD
HK.00858,精优药业,10000,STOCK,N/A,,N/A,,N/A,N/A,1999-03-10,45780056408922,False,N/A,False,,HK_MAINBOARD
HK.00859,中昌国际控股,2000,STOCK,N/A,,N/A,,N/A,N/A,2000-06-15,47768626266971,False,N/A,False,,HK_MAINBOARD
HK.00860,APOLLO出行,4000,STOCK,N/A,,N/A,,N/A,N/A,2002-09-03,51247549776732,False,N/A,False,,HK_MAINBOARD
HK.00861,神州控股,1000,STOCK,N/A,,N/A,,N/A,N/A,2001-06-01,49276159787869,False,N/A,False,,HK_MAINBOARD
HK.00862,远见控股,5000,STOCK,N/A,,N/A,,N/A,N/A,1998-10-14,45148696216414,False,N/A,False,,HK_MAINBOARD
HK.00863,OSL集团,500,STOCK,N/A,,N/A,,N/A,N/A,2012-04-27,66383014527839,False,N/A,False,,HK_MAINBOARD
HK.00864,永利地产发展,4000,STOCK,N/A,,N/A,,N/A,N/A,2013-03-19,67783173866336,False,N/A,False,,HK_MAINBOARD
HK.00865,建德国际控股,4000,STOCK,N/A,,N/A,,N/A,N/A,2000-12-29,48614734824289,False,N/A,False,,HK_MAINBOARD
HK.00866,中国秦发,2000,STOCK,N/A,,N/A,,N/A,N/A,2009-07-03,61963493180258,False,N/A,False,,HK_MAINBOARD
HK.00867,康哲药业,1000,STOCK,N/A,,N/A,,N/A,N/A,2010-09-28,63904818398051,False,N/A,False,,HK_MAINBOARD
HK.00868,信义玻璃,1000,STOCK,N/A,,N/A,,N/A,N/A,2005-02-03,55044300866404,False,N/A,False,,HK_MAINBOARD
HK.00869,彩星玩具,4000,STOCK,N/A,,N/A,,N/A,N/A,2008-02-01,59738700120933,False,N/A,False,,HK_MAINBOARD
HK.00871,中国疏浚环保,20000,STOCK,N/A,,N/A,,N/A,N/A,2011-06-20,65042984731495,False,N/A,False,,HK_MAINBOARD
HK.00873,世茂服务,1000,STOCK,N/A,,N/A,,N/A,N/A,2020-10-30,79684528243561,False,N/A,False,,HK_MAINBOARD
HK.00874,白云山,2000,STOCK,N/A,,N/A,,N/A,N/A,1997-10-30,43649752630122,False,N/A,False,,HK_MAINBOARD
HK.00875,从玉智农,2000,STOCK,N/A,,N/A,,N/A,N/A,1998-07-03,44706314584939,False,N/A,False,,HK_MAINBOARD
HK.00876,佳兆业健康,10000,STOCK,N/A,,N/A,,N/A,N/A,1997-04-10,42777874269036,False,N/A,False,,HK_MAINBOARD
HK.00878,金朝阳集团,500,STOCK,N/A,,N/A,,N/A,N/A,1997-03-21,42691974923118,False,N/A,False,,HK_MAINBOARD
HK.00880,澳博控股,1000,STOCK,N/A,,N/A,,N/A,N/A,2008-07-16,60451664692080,False,N/A,False,,HK_MAINBOARD
HK.00881,中升控股,500,STOCK,N/A,,N/A,,N/A,N/A,2010-03-26,63105954481009,False,N/A,False,,HK_MAINBOARD
HK.00882,天津发展,2000,STOCK,N/A,,N/A,,N/A,N/A,1997-12-10,43825846289266,False,N/A,False,,HK_MAINBOARD
HK.00883,中国海洋石油,1000,STOCK,N/A,,N/A,,N/A,N/A,2001-02-28,48876727829363,False,N/A,False,,HK_MAINBOARD
HK.00884,旭辉控股集团,2000,STOCK,N/A,,N/A,,N/A,N/A,2012-11-23,67284957660020,False,N/A,False,,HK_MAINBOARD
HK.00887,英皇钟表珠宝,10000,STOCK,N/A,,N/A,,N/A,N/A,2008-07-21,60473139528567,False,N/A,False,,HK_MAINBOARD
HK.00888,链信控股,2000,STOCK,N/A,,N/A,,N/A,N/A,2001-06-28,49392123904888,False,N/A,False,,HK_MAINBOARD
HK.00889,连达科技控股,2000,STOCK,N/A,,N/A,,N/A,N/A,2001-06-22,49366354101113,False,N/A,False,,HK_MAINBOARD
HK.00893,中国铁钛,1000,STOCK,N/A,,N/A,,N/A,N/A,2009-10-08,62380105007997,False,N/A,False,,HK_MAINBOARD
HK.00894,万裕科技,2000,STOCK,N/A,,N/A,,N/A,N/A,1997-03-05,42623255446398,False,N/A,False,,HK_MAINBOARD
HK.00895,东江环保,200,STOCK,N/A,,N/A,,N/A,N/A,2003-01-29,51883204936575,False,N/A,False,,HK_MAINBOARD
HK.00896,兴胜创建,2000,STOCK,N/A,,N/A,,N/A,N/A,2002-01-10,50233937494912,False,N/A,False,,HK_MAINBOARD
HK.00897,位元堂,5000,STOCK,N/A,,N/A,,N/A,N/A,1997-10-31,43654047597441,False,N/A,False,,HK_MAINBOARD
HK.00898,万事昌国际,2000,STOCK,N/A,,N/A,,N/A,N/A,1998-07-31,44826573669250,False,N/A,False,,HK_MAINBOARD
HK.00899,中加国信,10000,STOCK,N/A,,N/A,,N/A,N/A,1997-10-24,43623982826371,False,N/A,False,,HK_MAINBOARD
HK.00900,AEON CREDIT,2000,STOCK,N/A,,N/A,,N/A,N/A,1995-09-14,40312563041156,False,N/A,False,,HK_MAINBOARD
HK.00902,华能国际电力股份,2000,STOCK,N/A,,N/A,,N/A,N/A,1998-01-21,44006234915718,False,N/A,False,,HK_MAINBOARD
HK.00905,胡桃资本,16000,STOCK,N/A,,N/A,,N/A,N/A,1998-07-17,44766444127113,False,N/A,False,,HK_MAINBOARD
HK.00907,高雅光学,20000,STOCK,N/A,,N/A,,N/A,N/A,1996-04-11,41214506173323,False,N/A,False,,HK_MAINBOARD
HK.00909,明源云,1000,STOCK,N/A,,N/A,,N/A,N/A,2020-09-25,79538499355533,False,N/A,False,,HK_MAINBOARD
HK.00910,中国三迪,6000,STOCK,N/A,,N/A,,N/A,N/A,1998-12-01,45354854646670,False,N/A,False,,HK_MAINBOARD
HK.00911,前海健康,10000,STOCK,N/A,,N/A,,N/A,N/A,2014-06-27,69780333659023,False,N/A,False,,HK_MAINBOARD
HK.00912,信佳国际,2000,STOCK,N/A,,N/A,,N/A,N/A,2002-09-18,51311974286224,False,N/A,False,,HK_MAINBOARD
HK.00913,港湾数字,10000,STOCK,N/A,,N/A,,N/A,N/A,1999-10-27,46772193854353,False,N/A,False,,HK_MAINBOARD
HK.00914,海螺水泥,500,STOCK,N/A,,N/A,,N/A,N/A,1997-10-21,43611097924498,False,N/A,False,,HK_MAINBOARD
HK.00915,道和环球,1000,STOCK,N/A,,N/A,,N/A,N/A,2002-05-10,50749333570451,False,N/A,False,,HK_MAINBOARD
HK.00916,龙源电力,1000,STOCK,N/A,,N/A,,N/A,N/A,2009-12-10,62650687947668,False,N/A,False,,HK_MAINBOARD
HK.00917,趣致集团,100,STOCK,N/A,,N/A,,N/A,N/A,2024-05-27,85293755532181,False,N/A,False,,HK_MAINBOARD
HK.00918,龙翼航空科技,6000,STOCK,N/A,,N/A,,N/A,N/A,1997-10-15,43585328120726,False,N/A,False,,HK_MAINBOARD
HK.00919,现代健康科技,4000,STOCK,N/A,,N/A,,N/A,N/A,2006-02-09,56637733733271,False,N/A,False,,HK_MAINBOARD
HK.00921,海信家电,1000,STOCK,N/A,,N/A,,N/A,N/A,1996-07-23,41656887804825,False,N/A,False,,HK_MAINBOARD
HK.00922,安贤园中国,10000,STOCK,N/A,,N/A,,N/A,N/A,1999-12-21,47008417055642,False,N/A,False,,HK_MAINBOARD
HK.00923,综合环保集团,2000,STOCK,N/A,,N/A,,N/A,N/A,2010-03-31,63127429317531,False,N/A,False,,HK_MAINBOARD
HK.00924,坤集团,8000,STOCK,N/A,,N/A,,N/A,N/A,2019-07-05,77592879170460,False,N/A,False,,HK_MAINBOARD
HK.00926,碧生源,1000,STOCK,N/A,,N/A,,N/A,N/A,2010-09-29,63909113365406,False,N/A,False,,HK_MAINBOARD
HK.00927,富士高实业,2000,STOCK,N/A,,N/A,,N/A,N/A,2000-04-11,47489453392799,False,N/A,False,,HK_MAINBOARD
HK.00928,帝王国际投资,20000,STOCK,N/A,,N/A,,N/A,N/A,2002-04-29,50702088930208,False,N/A,False,,HK_MAINBOARD
HK.00929,国际精密,5000,STOCK,N/A,,N/A,,N/A,N/A,2004-11-01,54640573940641,False,N/A,False,,HK_MAINBOARD
HK.00931,中国港能,2000,STOCK,N/A,,N/A,,N/A,N/A,2001-10-24,49898930045859,False,N/A,False,,HK_MAINBOARD
HK.00932,顺腾国际控股,4000,STOCK,N/A,,N/A,,N/A,N/A,2013-10-11,68667937129380,False,N/A,False,,HK_MAINBOARD
HK.00933,非凡领越,8000,STOCK,N/A,,N/A,,N/A,N/A,2000-04-06,83867826389925,False,N/A,False,,HK_MAINBOARD
HK.00934,中石化冠德,2000,STOCK,N/A,,N/A,,N/A,N/A,1999-06-25,46239617909670,False,N/A,False,,HK_MAINBOARD
HK.00936,佳兆业资本,10000,STOCK,N/A,,N/A,,N/A,N/A,2010-07-19,63599875720104,False,N/A,False,,HK_MAINBOARD
HK.00938,民生国际,2000,STOCK,N/A,,N/A,,N/A,N/A,1997-09-26,43503723742122,False,N/A,False,,HK_MAINBOARD
HK.00939,建设银行,1000,STOCK,N/A,,N/A,,N/A,N/A,2005-10-27,56186762167211,False,N/A,False,,HK_MAINBOARD
HK.00941,中国移动,500,STOCK,N/A,,N/A,,N/A,N/A,1997-10-23,43619687859117,False,N/A,False,,HK_MAINBOARD
HK.00943,中证国际,16000,STOCK,N/A,,N/A,,N/A,N/A,1997-06-25,43104291783599,False,N/A,False,,HK_MAINBOARD
HK.00945,宏利金融-S,100,STOCK,N/A,,N/A,,N/A,N/A,1999-09-27,46643344835505,False,N/A,False,,HK_MAINBOARD
HK.00947,摩比发展,1000,STOCK,N/A,,N/A,,N/A,N/A,2009-12-17,62680752718771,False,N/A,False,,HK_MAINBOARD
HK.00948,阿尔法企业,20000,STOCK,N/A,,N/A,,N/A,N/A,2010-03-01,62998580298676,False,N/A,False,,HK_MAINBOARD
HK.00950,李氏大药厂,500,STOCK,N/A,,N/A,,N/A,N/A,2002-07-15,51032801412022,False,N/A,False,,HK_MAINBOARD
HK.00951,超威动力,1000,STOCK,N/A,,N/A,,N/A,N/A,2010-07-07,63548336112567,False,N/A,False,,HK_MAINBOARD
HK.00952,华富建业金融,10000,STOCK,N/A,,N/A,,N/A,N/A,1997-09-24,43495133807544,False,N/A,False,,HK_MAINBOARD
HK.00953,邵氏兄弟控股,2000,STOCK,N/A,,N/A,,N/A,N/A,2010-02-01,62878321214393,False,N/A,False,,HK_MAINBOARD
HK.00954,常茂生物,4000,STOCK,N/A,,N/A,,N/A,N/A,2002-06-28,50959786967994,False,N/A,False,,HK_MAINBOARD
HK.00956,新天绿色能源,1000,STOCK,N/A,,N/A,,N/A,N/A,2010-10-13,63969242907580,False,N/A,False,,HK_MAINBOARD
HK.00959,世纪娱乐国际,10000,STOCK,N/A,,N/A,,N/A,N/A,1997-10-03,43533788513215,False,N/A,False,,HK_MAINBOARD
HK.00960,龙湖集团,500,STOCK,N/A,,N/A,,N/A,N/A,2009-11-19,62560493634496,False,N/A,False,,HK_MAINBOARD
HK.00966,中国太平,200,STOCK,N/A,,N/A,,N/A,N/A,2000-06-29,47828755809222,False,N/A,False,,HK_MAINBOARD
HK.00968,信义光能,2000,STOCK,N/A,,N/A,,N/A,N/A,2013-12-12,68934225101768,False,N/A,False,,HK_MAINBOARD
HK.00969,华联国际,2000,STOCK,N/A,,N/A,,N/A,N/A,2000-02-02,47193100649417,False,N/A,False,,HK_MAINBOARD
HK.00970,新耀莱,2000,STOCK,N/A,,N/A,,N/A,N/A,1997-09-18,43469364003786,False,N/A,False,,HK_MAINBOARD
HK.00974,中国顺客隆,1000,STOCK,N/A,,N/A,,N/A,N/A,2015-09-10,71670119269326,False,N/A,False,,HK_MAINBOARD
HK.00975,MONGOL MINING,3000,STOCK,N/A,,N/A,,N/A,N/A,2010-10-13,63969242907599,False,N/A,False,,HK_MAINBOARD
HK.00976,齐合环保,2000,STOCK,N/A,,N/A,,N/A,N/A,2010-07-12,63569810949072,False,N/A,False,,HK_MAINBOARD
HK.00978,招商局置地,2000,STOCK,N/A,,N/A,,N/A,N/A,1997-10-16,43589623088082,False,N/A,False,,HK_MAINBOARD
HK.00979,绿色能源科技集团,2000,STOCK,N/A,,N/A,,N/A,N/A,1997-06-26,43108586750931,False,N/A,False,,HK_MAINBOARD
HK.00980,联华超市,1000,STOCK,N/A,,N/A,,N/A,N/A,2003-06-27,52523155063764,False,N/A,False,,HK_MAINBOARD
HK.00981,中芯国际,500,STOCK,N/A,,N/A,,N/A,N/A,2004-03-18,53661321397205,False,N/A,False,,HK_MAINBOARD
HK.00983,瑞安建业,2000,STOCK,N/A,,N/A,,N/A,N/A,1997-02-03,42494406427607,False,N/A,False,,HK_MAINBOARD
HK.00984,永旺,500,STOCK,N/A,,N/A,,N/A,N/A,1994-02-04,37791417238488,False,N/A,False,,HK_MAINBOARD
HK.00986,杜甫酒业集团,2000,STOCK,N/A,,N/A,,N/A,N/A,1994-02-02,37782827303898,False,N/A,False,,HK_MAINBOARD
HK.00987,中国再生能源投资,2000,STOCK,N/A,,N/A,,N/A,N/A,2002-06-04,50856707752923,False,N/A,False,,HK_MAINBOARD
HK.00989,中国长白山国际,10000,STOCK,N/A,,N/A,,N/A,N/A,1997-10-20,43606802957277,False,N/A,False,,HK_MAINBOARD
HK.00990,至源控股,10000,STOCK,N/A,,N/A,,N/A,N/A,1994-01-25,37748467565534,False,N/A,False,,HK_MAINBOARD
HK.00991,大唐发电,2000,STOCK,N/A,,N/A,,N/A,N/A,1997-03-21,42691974923231,False,N/A,False,,HK_MAINBOARD
HK.00992,联想集团,2000,STOCK,N/A,,N/A,,N/A,N/A,1994-02-14,37834366911456,False,N/A,False,,HK_MAINBOARD
HK.00993,信控国际资本,1000,STOCK,N/A,,N/A,,N/A,N/A,1994-02-16,37842956846049,False,N/A,False,,HK_MAINBOARD
HK.00994,中天宏信,4000,STOCK,N/A,,N/A,,N/A,N/A,2017-07-17,74500502717410,False,N/A,False,,HK_MAINBOARD
HK.00995,安徽皖通高速公路,2000,STOCK,N/A,,N/A,,N/A,N/A,1996-11-13,42142219109347,False,N/A,False,,HK_MAINBOARD
HK.00997,普汇中金国际,8000,STOCK,N/A,,N/A,,N/A,N/A,2000-03-10,47352014439397,False,N/A,False,,HK_MAINBOARD
HK.00998,中信银行,1000,STOCK,N/A,,N/A,,N/A,N/A,2007-04-27,58536109278182,False,N/A,False,,HK_MAINBOARD
HK.00999,小菜园,800,STOCK,N/A,,N/A,,N/A,N/A,2024-12-20,86191403697127,False,N/A,False,,HK_MAINBOARD
HK.01000,北青传媒,500,STOCK,N/A,,N/A,,N/A,N/A,2004-12-22,54859617272808,False,N/A,False,,HK_MAINBOARD
HK.01001,沪港联合,2000,STOCK,N/A,,N/A,,N/A,N/A,1994-02-18,37851546780649,False,N/A,False,,HK_MAINBOARD
HK.01002,威铖国际,4000,STOCK,N/A,,N/A,,N/A,N/A,2002-02-08,50358491546602,False,N/A,False,,HK_MAINBOARD
HK.01003,欢喜传媒,10000,STOCK,N/A,,N/A,,N/A,N/A,1994-02-21,37864431682539,False,N/A,False,,HK_MAINBOARD
HK.01004,中国智慧能源,2000,STOCK,N/A,,N/A,,N/A,N/A,1997-10-09,43559558317036,False,N/A,False,,HK_MAINBOARD
HK.01005,MATRIX HOLDINGS,2000,STOCK,N/A,,N/A,,N/A,N/A,1994-02-18,37851546780653,False,N/A,False,,HK_MAINBOARD
HK.01007,龙辉国际控股,4000,STOCK,N/A,,N/A,,N/A,N/A,2010-10-28,64033667417071,False,N/A,False,,HK_MAINBOARD
HK.01008,力图控股,2000,STOCK,N/A,,N/A,,N/A,N/A,2009-03-30,61555471287280,False,N/A,False,,HK_MAINBOARD
HK.01009,国际娱乐,10000,STOCK,N/A,,N/A,,N/A,N/A,2000-07-31,47966194762737,False,N/A,False,,HK_MAINBOARD
HK.01010,天玺曜11,2000,STOCK,N/A,,N/A,,N/A,N/A,1994-02-18,37851546780658,False,N/A,False,,HK_MAINBOARD
HK.01011,泰凌医药,10000,STOCK,N/A,,N/A,,N/A,N/A,2011-04-20,64780991726579,False,N/A,False,,HK_MAINBOARD
HK.01013,伟俊集团控股,10000,STOCK,N/A,,N/A,,N/A,N/A,1997-02-03,42494406427637,False,N/A,False,,HK_MAINBOARD
HK.01018,STOCK1018,1,STOCK,N/A,,N/A,,N/A,N/A,1970-01-01,1018,False,N/A,False,,HK_MAINBOARD
HK.01020,中细软科技,4000,STOCK,N/A,,N/A,,N/A,N/A,2010-07-07,63548336112636,False,N/A,False,,HK_MAINBOARD
HK.01022,飞鱼科技,1500,STOCK,N/A,,N/A,,N/A,N/A,2014-12-05,70471823393790,False,N/A,False,,HK_MAINBOARD
HK.01023,时代集团控股,1000,STOCK,N/A,,N/A,,N/A,N/A,2011-12-06,65768834204671,False,N/A,False,,HK_MAINBOARD
HK.01024,快手-W,100,STOCK,N/A,,N/A,,N/A,N/A,2021-02-05,80109730006016,False,N/A,False,,HK_MAINBOARD
HK.01025,嘉艺控股,8000,STOCK,N/A,,N/A,,N/A,N/A,2019-02-28,77056008258561,False,N/A,False,,HK_MAINBOARD
HK.01026,环球实业科技,10000,STOCK,N/A,,N/A,,N/A,N/A,2001-10-26,49907519980546,False,N/A,False,,HK_MAINBOARD
HK.01027,中国集成控股,10000,STOCK,N/A,,N/A,,N/A,N/A,2015-02-13,70772471104515,False,N/A,False,,HK_MAINBOARD
HK.01028,千百度,1000,STOCK,N/A,,N/A,,N/A,N/A,2011-09-23,65451006624772,False,N/A,False,,HK_MAINBOARD
HK.01029,铁货,4000,STOCK,N/A,,N/A,,N/A,N/A,2010-10-21,64003602646021,False,N/A,False,,HK_MAINBOARD
HK.01030,新城发展,2000,STOCK,N/A,,N/A,,N/A,N/A,2012-11-29,67310727463942,False,N/A,False,,HK_MAINBOARD
HK.01033,中石化油服,2000,STOCK,N/A,,N/A,,N/A,N/A,1994-03-29,38019050505225,False,N/A,False,,HK_MAINBOARD
HK.01036,万科海外,1000,STOCK,N/A,,N/A,,N/A,N/A,1996-11-08,42120744272908,False,N/A,False,,HK_MAINBOARD
HK.01037,云智汇科技,2000,STOCK,N/A,,N/A,,N/A,N/A,1994-04-14,38087769981965,False,N/A,False,,HK_MAINBOARD
HK.01038,长江基建集团,500,STOCK,N/A,,N/A,,N/A,N/A,1996-07-17,41631118001166,False,N/A,False,,HK_MAINBOARD
HK.01039,畅由国际集团,1000,STOCK,N/A,,N/A,,N/A,N/A,2010-09-24,63887638529039,False,N/A,False,,HK_MAINBOARD
HK.01044,恒安国际,500,STOCK,N/A,,N/A,,N/A,N/A,1998-12-08,45384919417876,False,N/A,False,,HK_MAINBOARD
HK.01045,亚太卫星,2000,STOCK,N/A,,N/A,,N/A,N/A,1996-12-18,42292542964757,False,N/A,False,,HK_MAINBOARD
HK.01046,寰宇娱乐文化,5000,STOCK,N/A,,N/A,,N/A,N/A,1999-07-20,46346992092182,False,N/A,False,,HK_MAINBOARD
HK.01047,毅兴行,2000,STOCK,N/A,,N/A,,N/A,N/A,1994-04-25,38135014622231,False,N/A,False,,HK_MAINBOARD
HK.01049,时富投资,2000,STOCK,N/A,,N/A,,N/A,N/A,1994-04-27,38143604556825,False,N/A,False,,HK_MAINBOARD
HK.01050,嘉利国际,2000,STOCK,N/A,,N/A,,N/A,N/A,1996-12-16,42283953030170,False,N/A,False,,HK_MAINBOARD
HK.01051,国际资源,1000,STOCK,N/A,,N/A,,N/A,N/A,1994-04-29,38152194491419,False,N/A,False,,HK_MAINBOARD
HK.01052,越秀交通基建,2000,STOCK,N/A,,N/A,,N/A,N/A,1997-01-30,42477226558492,False,N/A,False,,HK_MAINBOARD
HK.01053,重庆钢铁股份,2000,STOCK,N/A,,N/A,,N/A,N/A,1997-10-17,43593918055453,False,N/A,False,,HK_MAINBOARD
HK.01055,中国南方航空股份,2000,STOCK,N/A,,N/A,,N/A,N/A,1997-07-31,43258910606367,False,N/A,False,,HK_MAINBOARD
HK.01057,浙江世宝,2000,STOCK,N/A,,N/A,,N/A,N/A,2006-05-16,57050050593825,False,N/A,False,,HK_MAINBOARD
HK.01058,南粤控股,2000,STOCK,N/A,,N/A,,N/A,N/A,1996-12-16,42283953030178,False,N/A,False,,HK_MAINBOARD
HK.01059,看通集团,3000,STOCK,N/A,,N/A,,N/A,N/A,1997-01-23,42447161787427,False,N/A,False,,HK_MAINBOARD
HK.01060,大麦娱乐,10000,STOCK,N/A,,N/A,,N/A,N/A,1994-05-12,38208029066276,False,N/A,False,,HK_MAINBOARD
HK.01061,亿胜生物科技,1000,STOCK,N/A,,N/A,,N/A,N/A,2001-06-27,49387828937765,False,N/A,False,,HK_MAINBOARD
HK.01062,国开国际投资,10000,STOCK,N/A,,N/A,,N/A,N/A,2005-04-13,55340653610022,False,N/A,False,,HK_MAINBOARD
HK.01063,新确科技,10000,STOCK,N/A,,N/A,,N/A,N/A,1994-05-10,38199439131687,False,N/A,False,,HK_MAINBOARD
HK.01064,中华国际,5000,STOCK,N/A,,N/A,,N/A,N/A,1997-10-13,43576738186280,False,N/A,False,,HK_MAINBOARD
HK.01065,天津创业环保股份,2000,STOCK,N/A,,N/A,,N/A,N/A,1994-05-17,38229503902761,False,N/A,False,,HK_MAINBOARD
HK.01066,威高股份,400,STOCK,N/A,,N/A,,N/A,N/A,2004-02-27,53575422051370,False,N/A,False,,HK_MAINBOARD
HK.01068,雨润食品,1000,STOCK,N/A,,N/A,,N/A,N/A,2005-10-03,56083682952236,False,N/A,False,,HK_MAINBOARD
HK.01069,中国健康科技集团,10000,STOCK,N/A,,N/A,,N/A,N/A,2009-10-08,62380105008173,False,N/A,False,,HK_MAINBOARD
HK.01070,TCL电子,1000,STOCK,N/A,,N/A,,N/A,N/A,1999-11-26,46901042873390,False,N/A,False,,HK_MAINBOARD
HK.01071,华电国际电力股份,2000,STOCK,N/A,,N/A,,N/A,N/A,1999-06-30,46261092746287,False,N/A,False,,HK_MAINBOARD
HK.01072,东方电气,200,STOCK,N/A,,N/A,,N/A,N/A,1994-06-06,38315403248688,False,N/A,False,,HK_MAINBOARD
HK.01073,大禹金融,5000,STOCK,N/A,,N/A,,N/A,N/A,2002-01-14,50251117364273,False,N/A,False,,HK_MAINBOARD
HK.01075,首都信息,1000,STOCK,N/A,,N/A,,N/A,N/A,2001-12-21,50148038149171,False,N/A,False,,HK_MAINBOARD
HK.01079,松景科技,2000,STOCK,N/A,,N/A,,N/A,N/A,1999-11-26,46901042873399,False,N/A,False,,HK_MAINBOARD
HK.01080,胜利管道,1500,STOCK,N/A,,N/A,,N/A,N/A,2009-12-18,62685047686200,False,N/A,False,,HK_MAINBOARD
HK.01082,源宇宙教育,4000,STOCK,N/A,,N/A,,N/A,N/A,2011-07-04,65103114273850,False,N/A,False,,HK_MAINBOARD
HK.01083,港华智慧能源,1000,STOCK,N/A,,N/A,,N/A,N/A,2005-12-08,56367150793787,False,N/A,False,,HK_MAINBOARD
HK.01084,绿新生物科技,2000,STOCK,N/A,,N/A,,N/A,N/A,2019-10-17,78030965834812,False,N/A,False,,HK_MAINBOARD
HK.01085,亨鑫科技,2000,STOCK,N/A,,N/A,,N/A,N/A,2010-12-23,64274185585725,False,N/A,False,,HK_MAINBOARD
HK.01086,好孩子国际,1000,STOCK,N/A,,N/A,,N/A,N/A,2010-11-24,64149631534142,False,N/A,False,,HK_MAINBOARD
HK.01087,威讯控股,2000,STOCK,N/A,,N/A,,N/A,N/A,2010-11-16,64115271795775,False,N/A,False,,HK_MAINBOARD
HK.01088,中国神华,500,STOCK,N/A,,N/A,,N/A,N/A,2005-06-15,55611236549696,False,N/A,False,,HK_MAINBOARD
HK.01090,大明国际,2000,STOCK,N/A,,N/A,,N/A,N/A,2010-12-01,64179696305218,False,N/A,False,,HK_MAINBOARD
HK.01091,南方锰业,1000,STOCK,N/A,,N/A,,N/A,N/A,2010-11-18,64123861730371,False,N/A,False,,HK_MAINBOARD
HK.01093,石药集团,2000,STOCK,N/A,,N/A,,N/A,N/A,1994-06-21,38379827758149,False,N/A,False,,HK_MAINBOARD
HK.01094,承辉国际,8000,STOCK,N/A,,N/A,,N/A,N/A,2002-07-03,50981261804614,False,N/A,False,,HK_MAINBOARD
HK.01097,有线宽频,20000,STOCK,N/A,,N/A,,N/A,N/A,1999-11-24,46892452938825,False,N/A,False,,HK_MAINBOARD
HK.01098,路劲,1000,STOCK,N/A,,N/A,,N/A,N/A,1996-07-04,41575283426378,False,N/A,False,,HK_MAINBOARD
HK.01099,国药控股,400,STOCK,N/A,,N/A,,N/A,N/A,2009-09-23,62315680498763,False,N/A,False,,HK_MAINBOARD
HK.01100,飞达控股,2000,STOCK,N/A,,N/A,,N/A,N/A,2000-12-13,48546015347788,False,N/A,False,,HK_MAINBOARD
HK.01101,华荣能源,2000,STOCK,N/A,,N/A,,N/A,N/A,2010-11-19,64128156697677,False,N/A,False,,HK_MAINBOARD
HK.01102,环能国际,2000,STOCK,N/A,,N/A,,N/A,N/A,2003-02-18,51969104282702,False,N/A,False,,HK_MAINBOARD
HK.01104,亚太资源,20000,STOCK,N/A,,N/A,,N/A,N/A,1998-12-29,45475113731152,False,N/A,False,,HK_MAINBOARD
HK.01105,星岛,2000,STOCK,N/A,,N/A,,N/A,N/A,1996-07-10,41601053230161,False,N/A,False,,HK_MAINBOARD
HK.01107,当代置业,2000,STOCK,N/A,,N/A,,N/A,N/A,2013-07-12,68277095105619,False,N/A,False,,HK_MAINBOARD
HK.01108,凯盛新能,2000,STOCK,N/A,,N/A,,N/A,N/A,1994-07-08,38452842202196,False,N/A,False,,HK_MAINBOARD
HK.01109,华润置地,500,STOCK,N/A,,N/A,,N/A,N/A,1996-11-08,42120744272981,False,N/A,False,,HK_MAINBOARD
HK.01110,金活医药集团,4000,STOCK,N/A,,N/A,,N/A,N/A,2010-11-25,64153926501462,False,N/A,False,,HK_MAINBOARD
HK.01111,华视集团控股,4000,STOCK,N/A,,N/A,,N/A,N/A,2023-11-10,84439057040471,False,N/A,False,,HK_MAINBOARD
HK.01112,H&H国际控股,500,STOCK,N/A,,N/A,,N/A,N/A,2010-12-17,64248415781976,False,N/A,False,,HK_MAINBOARD
HK.01113,长实集团,500,STOCK,N/A,,N/A,,N/A,N/A,2015-06-03,71244917507161,False,N/A,False,,HK_MAINBOARD
HK.01114,BRILLIANCE CHI,2000,STOCK,N/A,,N/A,,N/A,N/A,1999-10-22,46750719018074,False,N/A,False,,HK_MAINBOARD
HK.01115,5100藏冰川,10000,STOCK,N/A,,N/A,,N/A,N/A,2011-06-30,65085934404699,False,N/A,False,,HK_MAINBOARD
HK.01116,慧源同创科技,10000,STOCK,N/A,,N/A,,N/A,N/A,2004-06-21,54069343290460,False,N/A,False,,HK_MAINBOARD
HK.01117,现代牧业,1000,STOCK,N/A,,N/A,,N/A,N/A,2010-11-26,64158221468765,False,N/A,False,,HK_MAINBOARD
HK.01118,高力集团,10000,STOCK,N/A,,N/A,,N/A,N/A,1994-07-15,38482906973278,False,N/A,False,,HK_MAINBOARD
HK.01119,创梦天地,400,STOCK,N/A,,N/A,,N/A,N/A,2018-12-06,76708115907679,False,N/A,False,,HK_MAINBOARD
HK.01120,雅视光学,2000,STOCK,N/A,,N/A,,N/A,N/A,1996-11-08,42120744272992,False,N/A,False,,HK_MAINBOARD
HK.01121,金阳新能源,2000,STOCK,N/A,,N/A,,N/A,N/A,2011-01-28,64428804408417,False,N/A,False,,HK_MAINBOARD
HK.01122,庆铃汽车股份,2000,STOCK,N/A,,N/A,,N/A,N/A,1994-08-17,38624640894050,False,N/A,False,,HK_MAINBOARD
HK.01123,中港照相,2000,STOCK,N/A,,N/A,,N/A,N/A,1994-09-19,38766374814819,False,N/A,False,,HK_MAINBOARD
HK.01124,沿海家园,10000,STOCK,N/A,,N/A,,N/A,N/A,1997-10-16,43589623088228,False,N/A,False,,HK_MAINBOARD
HK.01125,丽丰控股,400,STOCK,N/A,,N/A,,N/A,N/A,1997-11-28,43774306681957,False,N/A,False,,HK_MAINBOARD
HK.01126,德林国际,500,STOCK,N/A,,N/A,,N/A,N/A,2002-02-07,50354196579430,False,N/A,False,,HK_MAINBOARD
HK.01127,狮子山集团,4000,STOCK,N/A,,N/A,,N/A,N/A,2011-07-25,65193308587111,False,N/A,False,,HK_MAINBOARD
HK.01128,永利澳门,400,STOCK,N/A,,N/A,,N/A,N/A,2009-10-09,62384399975528,False,N/A,False,,HK_MAINBOARD
HK.01129,中国水业集团,4000,STOCK,N/A,,N/A,,N/A,N/A,2002-01-17,50264002266217,False,N/A,False,,HK_MAINBOARD
HK.01130,中国环境资源,20000,STOCK,N/A,,N/A,,N/A,N/A,1997-06-03,43009802503274,False,N/A,False,,HK_MAINBOARD
HK.01132,橙天嘉禾,5000,STOCK,N/A,,N/A,,N/A,N/A,1994-11-23,39045547689068,False,N/A,False,,HK_MAINBOARD
HK.01133,哈尔滨电气,2000,STOCK,N/A,,N/A,,N/A,N/A,1994-12-16,39144331936877,False,N/A,False,,HK_MAINBOARD
HK.01134,恒发光学,4000,STOCK,N/A,,N/A,,N/A,N/A,2019-07-16,77640123810926,False,N/A,False,,HK_MAINBOARD
HK.01137,香港科技探索,1000,STOCK,N/A,,N/A,,N/A,N/A,1997-08-04,43276090475633,False,N/A,False,,HK_MAINBOARD
HK.01138,中远海能,2000,STOCK,N/A,,N/A,,N/A,N/A,1994-11-11,38994008081522,False,N/A,False,,HK_MAINBOARD
HK.01140,华科智能投资,4000,STOCK,N/A,,N/A,,N/A,N/A,2003-03-20,52097953301620,False,N/A,False,,HK_MAINBOARD
HK.01141,民银资本,1000,STOCK,N/A,,N/A,,N/A,N/A,1998-03-12,44220983280757,False,N/A,False,,HK_MAINBOARD
HK.01142,能源及能量环球,2000,STOCK,N/A,,N/A,,N/A,N/A,2002-11-08,51531017618550,False,N/A,False,,HK_MAINBOARD
HK.01143,中国储能科技发展,4000,STOCK,N/A,,N/A,,N/A,N/A,2011-01-27,64424509441143,False,N/A,False,,HK_MAINBOARD
HK.01145,勇利投资,20000,STOCK,N/A,,N/A,,N/A,N/A,2011-06-24,65060164600953,False,N/A,False,,HK_MAINBOARD
HK.01146,汇成国际控股,2000,STOCK,N/A,,N/A,,N/A,N/A,2011-12-09,65781719106682,False,N/A,False,,HK_MAINBOARD
HK.01147,伊登软件,10000,STOCK,N/A,,N/A,,N/A,N/A,2020-05-13,78915729097851,False,N/A,False,,HK_MAINBOARD
HK.01148,新晨动力,1000,STOCK,N/A,,N/A,,N/A,N/A,2013-03-13,67757404062844,False,N/A,False,,HK_MAINBOARD
HK.01150,米兰站,10000,STOCK,N/A,,N/A,,N/A,N/A,2011-05-23,64922725647486,False,N/A,False,,HK_MAINBOARD
HK.01152,正乾金融控股,2000,STOCK,N/A,,N/A,,N/A,N/A,2011-10-28,65601330480256,False,N/A,False,,HK_MAINBOARD
HK.01153,佳源服务,1000,STOCK,N/A,,N/A,,N/A,N/A,2020-12-09,79852031968385,False,N/A,False,,HK_MAINBOARD
HK.01156,CHINANEWENERGY,4000,STOCK,N/A,,N/A,,N/A,N/A,2020-07-15,79207786873988,False,N/A,False,,HK_MAINBOARD
HK.01157,中联重科,200,STOCK,N/A,,N/A,,N/A,N/A,2010-12-23,64274185585797,False,N/A,False,,HK_MAINBOARD
HK.01159,智数科技集团,2000,STOCK,N/A,,N/A,,N/A,N/A,1998-03-13,44225278248071,False,N/A,False,,HK_MAINBOARD
HK.01160,金石资本集团,100000,STOCK,N/A,,N/A,,N/A,N/A,2004-04-02,53725745906824,False,N/A,False,,HK_MAINBOARD
HK.01161,奥思集团,2000,STOCK,N/A,,N/A,,N/A,N/A,2002-03-11,50491635532937,False,N/A,False,,HK_MAINBOARD
HK.01162,莹岚集团,8000,STOCK,N/A,,N/A,,N/A,N/A,2017-10-25,78889959294090,False,N/A,False,,HK_MAINBOARD
HK.01163,虎视传媒,2500,STOCK,N/A,,N/A,,N/A,N/A,2020-07-10,79203491906699,False,N/A,False,,HK_MAINBOARD
HK.01164,中广核矿业,5000,STOCK,N/A,,N/A,,N/A,N/A,2003-08-04,52686363821196,False,N/A,False,,HK_MAINBOARD
HK.01165,顺风清洁能源,2000,STOCK,N/A,,N/A,,N/A,N/A,2011-07-13,65141768979597,False,N/A,False,,HK_MAINBOARD
HK.01166,星凯控股,10000,STOCK,N/A,,N/A,,N/A,N/A,1996-12-12,42266773161102,False,N/A,False,,HK_MAINBOARD
HK.01167,加科思-B,300,STOCK,N/A,,N/A,,N/A,N/A,2020-12-21,79903571575951,False,N/A,False,,HK_MAINBOARD
HK.01168,Z FIN,1000,STOCK,N/A,,N/A,,N/A,N/A,1998-06-08,44598940402832,False,N/A,False,,HK_MAINBOARD
HK.01170,信星集团,2000,STOCK,N/A,,N/A,,N/A,N/A,1994-09-29,38809324487826,False,N/A,False,,HK_MAINBOARD
HK.01171,兖矿能源,2000,STOCK,N/A,,N/A,,N/A,N/A,1998-04-01,44306882626707,False,N/A,False,,HK_MAINBOARD
HK.01172,融太集团,20000,STOCK,N/A,,N/A,,N/A,N/A,1996-06-12,41480794145940,False,N/A,False,,HK_MAINBOARD
HK.01173,威高国际,20000,STOCK,N/A,,N/A,,N/A,N/A,1999-04-19,45951855101077,False,N/A,False,,HK_MAINBOARD
HK.01176,珠光控股,2000,STOCK,N/A,,N/A,,N/A,N/A,1996-12-09,42253888259224,False,N/A,False,,HK_MAINBOARD
HK.01177,中国生物制药,1000,STOCK,N/A,,N/A,,N/A,N/A,2003-12-08,53227529700505,False,N/A,False,,HK_MAINBOARD
HK.01179,华住集团-S,100,STOCK,N/A,,N/A,,N/A,N/A,2020-09-22,79521319486619,False,N/A,False,,HK_MAINBOARD
HK.01180,汇彩控股,4000,STOCK,N/A,,N/A,,N/A,N/A,1997-01-20,42434276885660,False,N/A,False,,HK_MAINBOARD
HK.01181,唐宫中国,2000,STOCK,N/A,,N/A,,N/A,N/A,2011-04-19,64776696759453,False,N/A,False,,HK_MAINBOARD
HK.01182,胜龙国际,5000,STOCK,N/A,,N/A,,N/A,N/A,1994-10-17,38886633899166,False,N/A,False,,HK_MAINBOARD
HK.01183,澳能建设,2000,STOCK,N/A,,N/A,,N/A,N/A,2018-02-13,75428215653535,False,N/A,False,,HK_MAINBOARD
HK.01184,S.A.S. DRAGON,2000,STOCK,N/A,,N/A,,N/A,N/A,1994-10-17,38886633899168,False,N/A,False,,HK_MAINBOARD
HK.01186,中国铁建,500,STOCK,N/A,,N/A,,N/A,N/A,2008-03-13,59914793780386,False,N/A,False,,HK_MAINBOARD
HK.01188,正道集团,2000,STOCK,N/A,,N/A,,N/A,N/A,1995-04-06,39621073306788,False,N/A,False,,HK_MAINBOARD
HK.01189,大湾区聚变力量,10000,STOCK,N/A,,N/A,,N/A,N/A,1997-10-06,43546673415333,False,N/A,False,,HK_MAINBOARD
HK.01193,华润燃气,100,STOCK,N/A,,N/A,,N/A,N/A,1994-11-07,38976828212393,False,N/A,False,,HK_MAINBOARD
HK.01195,京维集团,4000,STOCK,N/A,,N/A,,N/A,N/A,2003-01-20,51844550231211,False,N/A,False,,HK_MAINBOARD
HK.01196,伟禄集团,2000,STOCK,N/A,,N/A,,N/A,N/A,1997-01-20,42434276885676,False,N/A,False,,HK_MAINBOARD
HK.01198,皇朝家居,2000,STOCK,N/A,,N/A,,N/A,N/A,2002-05-15,50770808407214,False,N/A,False,,HK_MAINBOARD
HK.01199,中远海运港口,2000,STOCK,N/A,,N/A,,N/A,N/A,1994-12-19,39157216838831,False,N/A,False,,HK_MAINBOARD
HK.01200,美联集团,2000,STOCK,N/A,,N/A,,N/A,N/A,1995-06-08,39891656246448,False,N/A,False,,HK_MAINBOARD
HK.01201,天臣控股,3000,STOCK,N/A,,N/A,,N/A,N/A,1998-06-23,44663364912305,False,N/A,False,,HK_MAINBOARD
HK.01202,四威科技,2000,STOCK,N/A,,N/A,,N/A,N/A,1994-12-13,39131447035058,False,N/A,False,,HK_MAINBOARD
HK.01203,广南(集团),2000,STOCK,N/A,,N/A,,N/A,N/A,1994-12-09,39114267165875,False,N/A,False,,HK_MAINBOARD
HK.01204,博维智慧,2000,STOCK,N/A,,N/A,,N/A,N/A,2022-07-15,82338818032820,False,N/A,False,,HK_MAINBOARD
HK.01205,中信资源,2000,STOCK,N/A,,N/A,,N/A,N/A,1997-09-08,43426414331061,False,N/A,False,,HK_MAINBOARD
HK.01206,同方泰德,2000,STOCK,N/A,,N/A,,N/A,N/A,2011-10-27,65597035513014,False,N/A,False,,HK_MAINBOARD
HK.01208,五矿资源,4000,STOCK,N/A,,N/A,,N/A,N/A,1994-12-15,39140036969656,False,N/A,False,,HK_MAINBOARD
HK.01209,华润万象生活,200,STOCK,N/A,,N/A,,N/A,N/A,2020-12-09,79843442033849,False,N/A,False,,HK_MAINBOARD
HK.01211,比亚迪股份,100,STOCK,N/A,,N/A,,N/A,N/A,2002-07-31,51101520889019,False,N/A,False,,HK_MAINBOARD
HK.01213,万保刚集团,2000,STOCK,N/A,,N/A,,N/A,N/A,2001-05-07,49168785605821,False,N/A,False,,HK_MAINBOARD
HK.01215,开源控股,20000,STOCK,N/A,,N/A,,N/A,N/A,1997-01-17,42421391983807,False,N/A,False,,HK_MAINBOARD
HK.01216,中原银行,1000,STOCK,N/A,,N/A,,N/A,N/A,2017-07-19,74500502717632,False,N/A,False,,HK_MAINBOARD
HK.01217,中国创新投资,40000,STOCK,N/A,,N/A,,N/A,N/A,2002-08-28,51221779973313,False,N/A,False,,HK_MAINBOARD
HK.01218,永义国际,1000,STOCK,N/A,,N/A,,N/A,N/A,1995-01-30,39337605465282,False,N/A,False,,HK_MAINBOARD
HK.01220,志道国际,30000,STOCK,N/A,,N/A,,N/A,N/A,1997-09-23,43490838840516,False,N/A,False,,HK_MAINBOARD
HK.01221,SINO HOTELS,2000,STOCK,N/A,,N/A,,N/A,N/A,1995-03-08,39496519255237,False,N/A,False,,HK_MAINBOARD
HK.01222,WANG ON GROUP,20000,STOCK,N/A,,N/A,,N/A,N/A,1995-02-28,39462159516870,False,N/A,False,,HK_MAINBOARD
HK.01223,新沣集团,10000,STOCK,N/A,,N/A,,N/A,N/A,1995-03-01,39466454484167,False,N/A,False,,HK_MAINBOARD
HK.01224,中渝置地,1000,STOCK,N/A,,N/A,,N/A,N/A,1999-04-30,45999099741384,False,N/A,False,,HK_MAINBOARD
HK.01225,隆成金融,10000,STOCK,N/A,,N/A,,N/A,N/A,1998-12-18,45427869091017,False,N/A,False,,HK_MAINBOARD
HK.01226,中国投融资,10000,STOCK,N/A,,N/A,,N/A,N/A,2002-09-19,51316269253834,False,N/A,False,,HK_MAINBOARD
HK.01228,北海康成-B,1000,STOCK,N/A,,N/A,,N/A,N/A,2021-12-10,81432579933388,False,N/A,False,,HK_MAINBOARD
HK.01229,南南资源,2000,STOCK,N/A,,N/A,,N/A,N/A,1995-04-13,39651138077901,False,N/A,False,,HK_MAINBOARD
HK.01231,新矿资源,2000,STOCK,N/A,,N/A,,N/A,N/A,2011-07-04,65103114273999,False,N/A,False,,HK_MAINBOARD
HK.01232,金轮天地控股,8000,STOCK,N/A,,N/A,,N/A,N/A,2013-01-16,67516885894352,False,N/A,False,,HK_MAINBOARD
HK.01233,时代中国控股,1000,STOCK,N/A,,N/A,,N/A,N/A,2013-12-11,68929930134737,False,N/A,False,,HK_MAINBOARD
HK.01234,中国利郎,1000,STOCK,N/A,,N/A,,N/A,N/A,2009-09-25,62324270433490,False,N/A,False,,HK_MAINBOARD
HK.01235,专业旅运,5000,STOCK,N/A,,N/A,,N/A,N/A,2011-09-29,65476776428755,False,N/A,False,,HK_MAINBOARD
HK.01237,中科生物,10000,STOCK,N/A,,N/A,,N/A,N/A,2012-07-06,66683662238933,False,N/A,False,,HK_MAINBOARD
HK.01238,宝龙地产,1000,STOCK,N/A,,N/A,,N/A,N/A,2009-10-14,62405874812118,False,N/A,False,,HK_MAINBOARD
HK.01239,TEAMWAY INTL GP,20000,STOCK,N/A,,N/A,,N/A,N/A,2011-11-18,65691524793559,False,N/A,False,,HK_MAINBOARD
HK.01240,青建国际,2500,STOCK,N/A,,N/A,,N/A,N/A,2012-10-18,67130338837720,False,N/A,False,,HK_MAINBOARD
HK.01241,双桦控股,2000,STOCK,N/A,,N/A,,N/A,N/A,2011-06-30,65085934404825,False,N/A,False,,HK_MAINBOARD
HK.01243,宏安地产,4000,STOCK,N/A,,N/A,,N/A,N/A,2016-04-12,72593537238235,False,N/A,False,,HK_MAINBOARD
HK.01244,思路迪医药股份,500,STOCK,N/A,,N/A,,N/A,N/A,2022-12-15,82995948029148,False,N/A,False,,HK_MAINBOARD
HK.01245,NIRAKU,2000,STOCK,N/A,,N/A,,N/A,N/A,2015-04-08,71004399338717,False,N/A,False,,HK_MAINBOARD
HK.01246,保集健康,10000,STOCK,N/A,,N/A,,N/A,N/A,2013-10-16,68689411966174,False,N/A,False,,HK_MAINBOARD
HK.01247,米格国际控股,6000,STOCK,N/A,,N/A,,N/A,N/A,2014-01-15,69080253990111,False,N/A,False,,HK_MAINBOARD
HK.01250,山高新能源,1000,STOCK,N/A,,N/A,,N/A,N/A,2013-07-05,68247030334690,False,N/A,False,,HK_MAINBOARD
HK.01251,华油能源,2000,STOCK,N/A,,N/A,,N/A,N/A,2011-12-23,65841848648931,False,N/A,False,,HK_MAINBOARD
HK.01252,中国天瑞水泥,1000,STOCK,N/A,,N/A,,N/A,N/A,2011-12-23,65841848648932,False,N/A,False,,HK_MAINBOARD
HK.01253,绿博生态,12000,STOCK,N/A,,N/A,,N/A,N/A,2014-07-21,69883412874469,False,N/A,False,,HK_MAINBOARD
HK.01255,TATA健康,2000,STOCK,N/A,,N/A,,N/A,N/A,2013-07-11,68272800138471,False,N/A,False,,HK_MAINBOARD
HK.01257,中国光大绿色环保,1000,STOCK,N/A,,N/A,,N/A,N/A,2017-05-08,74199855006953,False,N/A,False,,HK_MAINBOARD
HK.01258,中国有色矿业,1000,STOCK,N/A,,N/A,,N/A,N/A,2012-06-29,66653597467882,False,N/A,False,,HK_MAINBOARD
HK.01259,未来发展控股,1000,STOCK,N/A,,N/A,,N/A,N/A,2011-07-15,65150358914283,False,N/A,False,,HK_MAINBOARD
HK.01260,皓天财经集团,2000,STOCK,N/A,,N/A,,N/A,N/A,2012-03-30,66262755443948,False,N/A,False,,HK_MAINBOARD
HK.01262,蜡笔小新食品,2000,STOCK,N/A,,N/A,,N/A,N/A,2011-12-09,65781719106798,False,N/A,False,,HK_MAINBOARD
HK.01263,栢能集团,2000,STOCK,N/A,,N/A,,N/A,N/A,2012-01-12,65927747994863,False,N/A,False,,HK_MAINBOARD
HK.01265,天津津燃公用,10000,STOCK,N/A,,N/A,,N/A,N/A,2004-01-09,53364968654065,False,N/A,False,,HK_MAINBOARD
HK.01268,美东汽车,2000,STOCK,N/A,,N/A,,N/A,N/A,2013-12-05,68904160330996,False,N/A,False,,HK_MAINBOARD
HK.01269,首控集团,10000,STOCK,N/A,,N/A,,N/A,N/A,2011-11-23,65712999630069,False,N/A,False,,HK_MAINBOARD
HK.01270,朗廷-SS,2000,STOCK,N/A,,N/A,,N/A,N/A,2013-05-30,68092411512054,False,N/A,False,,HK_MAINBOARD
HK.01271,佳明集团控股,1000,STOCK,N/A,,N/A,,N/A,N/A,2013-08-09,68397354190071,False,N/A,False,,HK_MAINBOARD
HK.01272,大唐环境,1000,STOCK,N/A,,N/A,,N/A,N/A,2016-11-15,1272,False,N/A,False,,HK_MAINBOARD
HK.01273,香港信贷,4000,STOCK,N/A,,N/A,,N/A,N/A,2013-10-02,68629282424057,False,N/A,False,,HK_MAINBOARD
HK.01274,知行科技,100,STOCK,N/A,,N/A,,N/A,N/A,2023-12-20,84619445667066,False,N/A,False,,HK_MAINBOARD
HK.01276,恒瑞医药,200,STOCK,N/A,,N/A,,N/A,N/A,2025-05-23,86852828660988,False,N/A,False,,HK_MAINBOARD
HK.01277,力量发展,2000,STOCK,N/A,,N/A,,N/A,N/A,2012-03-23,66232690672893,False,N/A,False,,HK_MAINBOARD
HK.01278,中国新城镇,2500,STOCK,N/A,,N/A,,N/A,N/A,2010-10-22,64007897613566,False,N/A,False,,HK_MAINBOARD
HK.01280,奇点国峰,2000,STOCK,N/A,,N/A,,N/A,N/A,2010-03-25,63101659514112,False,N/A,False,,HK_MAINBOARD
HK.01281,鑫达投资控股,1000,STOCK,N/A,,N/A,,N/A,N/A,2012-01-12,65927747994881,False,N/A,False,,HK_MAINBOARD
HK.01282,中泽丰,8000,STOCK,N/A,,N/A,,N/A,N/A,2010-12-15,64239825847554,False,N/A,False,,HK_MAINBOARD
HK.01283,高陞集团控股,5000,STOCK,N/A,,N/A,,N/A,N/A,2019-10-18,78018080933123,False,N/A,False,,HK_MAINBOARD
HK.01284,新传企划,5000,STOCK,N/A,,N/A,,N/A,N/A,2023-07-17,83910776063236,False,N/A,False,,HK_MAINBOARD
HK.01285,嘉士利集团,1000,STOCK,N/A,,N/A,,N/A,N/A,2014-09-25,70166880716037,False,N/A,False,,HK_MAINBOARD
HK.01286,鹰普精密,1000,STOCK,N/A,,N/A,,N/A,N/A,2019-06-28,77584289236230,False,N/A,False,,HK_MAINBOARD
HK.01288,农业银行,1000,STOCK,N/A,,N/A,,N/A,N/A,2010-07-16,63586990818568,False,N/A,False,,HK_MAINBOARD
HK.01289,盛力达科技,500,STOCK,N/A,,N/A,,N/A,N/A,2014-11-11,70368744178953,False,N/A,False,,HK_MAINBOARD
HK.01290,中国汇融,2000,STOCK,N/A,,N/A,,N/A,N/A,2013-10-28,68740951573770,False,N/A,False,,HK_MAINBOARD
HK.01292,长安民生物流,1000,STOCK,N/A,,N/A,,N/A,N/A,2006-02-23,56697863275788,False,N/A,False,,HK_MAINBOARD
HK.01293,广汇宝信,500,STOCK,N/A,,N/A,,N/A,N/A,2011-12-14,65803193943309,False,N/A,False,,HK_MAINBOARD
HK.01298,云能国际,1000,STOCK,N/A,,N/A,,N/A,N/A,2011-12-21,65833258714386,False,N/A,False,,HK_MAINBOARD
HK.01299,友邦保险,200,STOCK,N/A,,N/A,,N/A,N/A,2010-10-29,64037962384659,False,N/A,False,,HK_MAINBOARD
HK.01300,俊知集团,2000,STOCK,N/A,,N/A,,N/A,N/A,2012-03-19,66215510803732,False,N/A,False,,HK_MAINBOARD
HK.01301,德基科技控股,2000,STOCK,N/A,,N/A,,N/A,N/A,2015-05-27,71214852736277,False,N/A,False,,HK_MAINBOARD
HK.01302,先健科技,2000,STOCK,N/A,,N/A,,N/A,N/A,2011-11-10,65657165055254,False,N/A,False,,HK_MAINBOARD
HK.01303,汇力资源,2000,STOCK,N/A,,N/A,,N/A,N/A,2012-01-12,65927747994903,False,N/A,False,,HK_MAINBOARD
HK.01304,FORTIOR,100,STOCK,N/A,,N/A,,N/A,N/A,2025-07-09,87050397156632,False,N/A,False,,HK_MAINBOARD
HK.01305,伟志控股,1000,STOCK,N/A,,N/A,,N/A,N/A,2014-11-18,70398808950041,False,N/A,False,,HK_MAINBOARD
HK.01308,海丰国际,1000,STOCK,N/A,,N/A,,N/A,N/A,2010-10-06,63939178136860,False,N/A,False,,HK_MAINBOARD
HK.01310,香港宽频,500,STOCK,N/A,,N/A,,N/A,N/A,2015-03-12,70888435221790,False,N/A,False,,HK_MAINBOARD
HK.01312,华控康泰,6000,STOCK,N/A,,N/A,,N/A,N/A,2012-01-18,65953517798688,False,N/A,False,,HK_MAINBOARD
HK.01313,华润建材科技,2000,STOCK,N/A,,N/A,,N/A,N/A,2009-10-06,62371515073825,False,N/A,False,,HK_MAINBOARD
HK.01314,翠华控股,2000,STOCK,N/A,,N/A,,N/A,N/A,2012-11-26,67297842562338,False,N/A,False,,HK_MAINBOARD
HK.01315,绿色经济,10000,STOCK,N/A,,N/A,,N/A,N/A,2012-01-18,65953517798691,False,N/A,False,,HK_MAINBOARD
HK.01316,耐世特,1000,STOCK,N/A,,N/A,,N/A,N/A,2013-10-07,68650757260580,False,N/A,False,,HK_MAINBOARD
HK.01317,枫叶教育,2000,STOCK,N/A,,N/A,,N/A,N/A,2014-11-28,70441758623013,False,N/A,False,,HK_MAINBOARD
HK.01318,毛戈平,100,STOCK,N/A,,N/A,,N/A,N/A,2024-12-10,86148454024486,False,N/A,False,,HK_MAINBOARD
HK.01319,霭华押业信贷,8000,STOCK,N/A,,N/A,,N/A,N/A,2013-03-12,67753109095719,False,N/A,False,,HK_MAINBOARD
HK.01321,中国新城市,2000,STOCK,N/A,,N/A,,N/A,N/A,2014-07-10,69836168234281,False,N/A,False,,HK_MAINBOARD
HK.01323,华盛国际控股,20000,STOCK,N/A,,N/A,,N/A,N/A,2011-01-13,64364379899179,False,N/A,False,,HK_MAINBOARD
HK.01326,传递娱乐,8000,STOCK,N/A,,N/A,,N/A,N/A,2012-10-31,67186173412654,False,N/A,False,,HK_MAINBOARD
HK.01327,励时集团,20000,STOCK,N/A,,N/A,,N/A,N/A,2015-01-30,70712341562671,False,N/A,False,,HK_MAINBOARD
HK.01328,金涌投资,1000,STOCK,N/A,,N/A,,N/A,N/A,2007-10-16,59274843653424,False,N/A,False,,HK_MAINBOARD
HK.01330,绿色动力环保,1000,STOCK,N/A,,N/A,,N/A,N/A,2014-06-19,69745973921074,False,N/A,False,,HK_MAINBOARD
HK.01332,透云生物,10000,STOCK,N/A,,N/A,,N/A,N/A,2012-07-12,66709432042804,False,N/A,False,,HK_MAINBOARD
HK.01333,博雷顿,200,STOCK,N/A,,N/A,,N/A,N/A,2025-05-07,86766929315125,False,N/A,False,,HK_MAINBOARD
HK.01334,瑞昌国际控股,2500,STOCK,N/A,,N/A,,N/A,N/A,2024-07-10,85474144159030,False,N/A,False,,HK_MAINBOARD
HK.01335,顺泰控股,2000,STOCK,N/A,,N/A,,N/A,N/A,2012-07-13,66713727010103,False,N/A,False,,HK_MAINBOARD
HK.01336,新华保险,100,STOCK,N/A,,N/A,,N/A,N/A,2011-12-15,65807488910648,False,N/A,False,,HK_MAINBOARD
HK.01338,霸王集团,2000,STOCK,N/A,,N/A,,N/A,N/A,2009-07-03,61963493180730,False,N/A,False,,HK_MAINBOARD
HK.01339,中国人民保险集团,1000,STOCK,N/A,,N/A,,N/A,N/A,2012-12-07,67345087202619,False,N/A,False,,HK_MAINBOARD
HK.01340,惠生国际,4000,STOCK,N/A,,N/A,,N/A,N/A,2014-02-28,69269232551228,False,N/A,False,,HK_MAINBOARD
HK.01341,昊天国际建投,8000,STOCK,N/A,,N/A,,N/A,N/A,2015-12-10,1341,False,N/A,False,,HK_MAINBOARD
HK.01342,硅谷天堂黄金,200,STOCK,N/A,,N/A,,N/A,N/A,2021-01-01,78198469559614,False,N/A,False,,HK_MAINBOARD
HK.01343,伟源控股,5000,STOCK,N/A,,N/A,,N/A,N/A,2020-03-12,78666620994879,False,N/A,False,,HK_MAINBOARD
HK.01345,上海先锋控股,1000,STOCK,N/A,,N/A,,N/A,N/A,2013-11-05,68775311312193,False,N/A,False,,HK_MAINBOARD
HK.01346,利华控股集团,4000,STOCK,N/A,,N/A,,N/A,N/A,2019-11-13,78164109821250,False,N/A,False,,HK_MAINBOARD
HK.01347,华虹半导体,1000,STOCK,N/A,,N/A,,N/A,N/A,2014-10-15,70252780062019,False,N/A,False,,HK_MAINBOARD
HK.01348,滉达富控股,2000,STOCK,N/A,,N/A,,N/A,N/A,2013-01-23,67546950665540,False,N/A,False,,HK_MAINBOARD
HK.01349,复旦张江,1000,STOCK,N/A,,N/A,,N/A,N/A,2002-08-13,51157355464005,False,N/A,False,,HK_MAINBOARD
HK.01351,辉煌明天,2000,STOCK,N/A,,N/A,,N/A,N/A,2020-11-11,79723182949703,False,N/A,False,,HK_MAINBOARD
HK.01354,经发物业,300,STOCK,N/A,,N/A,,N/A,N/A,2024-07-03,85456964289866,False,N/A,False,,HK_MAINBOARD
HK.01355,朸濬国际,20000,STOCK,N/A,,N/A,,N/A,N/A,2011-07-15,65150358914379,False,N/A,False,,HK_MAINBOARD
HK.01357,美图公司,500,STOCK,N/A,,N/A,,N/A,N/A,2016-12-15,1357,False,N/A,False,,HK_MAINBOARD
HK.01358,普华和顺,1000,STOCK,N/A,,N/A,,N/A,N/A,2013-11-08,68788196214094,False,N/A,False,,HK_MAINBOARD
HK.01359,中国信达,1000,STOCK,N/A,,N/A,,N/A,N/A,2013-12-12,68934225102159,False,N/A,False,,HK_MAINBOARD
HK.01361,361度,1000,STOCK,N/A,,N/A,,N/A,N/A,2009-06-30,61950608278865,False,N/A,False,,HK_MAINBOARD
HK.01362,新龙移动,4000,STOCK,N/A,,N/A,,N/A,N/A,2015-01-15,70647917053266,False,N/A,False,,HK_MAINBOARD
HK.01364,古茗,400,STOCK,N/A,,N/A,,N/A,N/A,2025-02-12,86423331931476,False,N/A,False,,HK_MAINBOARD
HK.01368,特步国际,500,STOCK,N/A,,N/A,,N/A,N/A,2008-06-03,60266981098840,False,N/A,False,,HK_MAINBOARD
HK.01370,奥威控股,1000,STOCK,N/A,,N/A,,N/A,N/A,2013-11-28,68874095560026,False,N/A,False,,HK_MAINBOARD
HK.01371,中国生态旅游,10000,STOCK,N/A,,N/A,,N/A,N/A,2001-10-26,49907519980891,False,N/A,False,,HK_MAINBOARD
HK.01372,中国碳中和,1000,STOCK,N/A,,N/A,,N/A,N/A,2013-12-11,68929930134876,False,N/A,False,,HK_MAINBOARD
HK.01373,国际家居零售,1000,STOCK,N/A,,N/A,,N/A,N/A,2013-09-25,68599217653085,False,N/A,False,,HK_MAINBOARD
HK.01375,中州证券,1000,STOCK,N/A,,N/A,,N/A,N/A,2014-06-25,69771743724895,False,N/A,False,,HK_MAINBOARD
HK.01376,RAFFLESINTERIOR,8000,STOCK,N/A,,N/A,,N/A,N/A,2020-05-07,78907139163488,False,N/A,False,,HK_MAINBOARD
HK.01378,中国宏桥,500,STOCK,N/A,,N/A,,N/A,N/A,2011-03-24,64665027609954,False,N/A,False,,HK_MAINBOARD
HK.01379,温岭工量刃具,500,STOCK,N/A,,N/A,,N/A,N/A,2020-12-30,78138340017507,False,N/A,False,,HK_MAINBOARD
HK.01380,中国金石,10000,STOCK,N/A,,N/A,,N/A,N/A,2011-03-18,64639257806180,False,N/A,False,,HK_MAINBOARD
HK.01382,互太纺织,1000,STOCK,N/A,,N/A,,N/A,N/A,2007-05-18,58626303591782,False,N/A,False,,HK_MAINBOARD
HK.01384,滴普科技,200,STOCK,N/A,,N/A,,N/A,N/A,2025-10-28,87531433493864,False,N/A,False,,HK_MAINBOARD
HK.01385,上海复旦,1000,STOCK,N/A,,N/A,,N/A,N/A,2000-08-04,47983374632297,False,N/A,False,,HK_MAINBOARD
HK.01388,安莉芳控股,1000,STOCK,N/A,,N/A,,N/A,N/A,2006-12-18,57977763530092,False,N/A,False,,HK_MAINBOARD
HK.01389,美捷汇控股,12000,STOCK,N/A,,N/A,,N/A,N/A,2014-01-10,69058779153773,False,N/A,False,,HK_MAINBOARD
HK.01393,恒鼎实业,1000,STOCK,N/A,,N/A,,N/A,N/A,2007-09-21,59167469471089,False,N/A,False,,HK_MAINBOARD
HK.01395,强泰环保,5000,STOCK,N/A,,N/A,,N/A,N/A,2014-09-26,70171175683443,False,N/A,False,,HK_MAINBOARD
HK.01396,粤港湾控股,2000,STOCK,N/A,,N/A,,N/A,N/A,2013-10-31,68753836475764,False,N/A,False,,HK_MAINBOARD
HK.01397,碧瑶绿色集团,4000,STOCK,N/A,,N/A,,N/A,N/A,2014-05-22,69625714836853,False,N/A,False,,HK_MAINBOARD
HK.01398,工商银行,1000,STOCK,N/A,,N/A,,N/A,N/A,2006-10-27,57754425230710,False,N/A,False,,HK_MAINBOARD
HK.01399,锐信控股,2000,STOCK,N/A,,N/A,,N/A,N/A,2006-12-21,57990648431991,False,N/A,False,,HK_MAINBOARD
HK.01400,满地科技股份,10000,STOCK,N/A,,N/A,,N/A,N/A,2014-04-25,69509750719864,False,N/A,False,,HK_MAINBOARD
HK.01401,未来机器有限公司,2000,STOCK,N/A,,N/A,,N/A,N/A,2019-11-13,78159814854009,False,N/A,False,,HK_MAINBOARD
HK.01402,超智能控股,10000,STOCK,N/A,,N/A,,N/A,N/A,2015-05-27,78365973284218,False,N/A,False,,HK_MAINBOARD
HK.01405,达势股份,100,STOCK,N/A,,N/A,,N/A,N/A,2023-03-28,83056077571453,False,N/A,False,,HK_MAINBOARD
HK.01406,清晰医疗,1250,STOCK,N/A,,N/A,,N/A,N/A,2022-02-18,81698867905918,False,N/A,False,,HK_MAINBOARD
HK.01407,交运燃气,2000,STOCK,N/A,,N/A,,N/A,N/A,2022-11-16,82871393977727,False,N/A,False,,HK_MAINBOARD
HK.01408,濠江机电,2000,STOCK,N/A,,N/A,,N/A,N/A,2020-09-11,79474074846592,False,N/A,False,,HK_MAINBOARD
HK.01410,安领国际,10000,STOCK,N/A,,N/A,,N/A,N/A,2017-04-19,78391743088002,False,N/A,False,,HK_MAINBOARD
HK.01412,隽思集团,2000,STOCK,N/A,,N/A,,N/A,N/A,2020-01-16,78426102826372,False,N/A,False,,HK_MAINBOARD
HK.01413,铸帝控股,7000,STOCK,N/A,,N/A,,N/A,N/A,2021-03-11,80242873992581,False,N/A,False,,HK_MAINBOARD
HK.01415,高伟电子,1000,STOCK,N/A,,N/A,,N/A,N/A,2015-03-31,70970039600519,False,N/A,False,,HK_MAINBOARD
HK.01416,CTR HOLDINGS,10000,STOCK,N/A,,N/A,,N/A,N/A,2020-01-15,78421807859080,False,N/A,False,,HK_MAINBOARD
HK.01417,浦江中国,2000,STOCK,N/A,,N/A,,N/A,N/A,2017-12-11,75149042779529,False,N/A,False,,HK_MAINBOARD
HK.01418,盛诺集团,2000,STOCK,N/A,,N/A,,N/A,N/A,2014-07-10,69836168234378,False,N/A,False,,HK_MAINBOARD
HK.01419,盈健医疗,2000,STOCK,N/A,,N/A,,N/A,N/A,2016-04-01,72546292598155,False,N/A,False,,HK_MAINBOARD
HK.01420,川控股,4000,STOCK,N/A,,N/A,,N/A,N/A,2016-06-08,1420,False,N/A,False,,HK_MAINBOARD
HK.01421,恒昌集团国际,5000,STOCK,N/A,,N/A,,N/A,N/A,2013-12-30,69011534513549,False,N/A,False,,HK_MAINBOARD
HK.01425,捷隆控股,5000,STOCK,N/A,,N/A,,N/A,N/A,2019-11-28,78245714199953,False,N/A,False,,HK_MAINBOARD
HK.01427,中国天保集团,1000,STOCK,N/A,,N/A,,N/A,N/A,2019-11-11,78159814854035,False,N/A,False,,HK_MAINBOARD
HK.01428,耀才证券金融,2000,STOCK,N/A,,N/A,,N/A,N/A,2010-08-25,63758789510548,False,N/A,False,,HK_MAINBOARD
HK.01429,天任集团,8000,STOCK,N/A,,N/A,,N/A,N/A,2020-09-29,79538499356053,False,N/A,False,,HK_MAINBOARD
HK.01431,原生态牧业,1000,STOCK,N/A,,N/A,,N/A,N/A,2013-11-26,68865505625495,False,N/A,False,,HK_MAINBOARD
HK.01432,中国圣牧,1000,STOCK,N/A,,N/A,,N/A,N/A,2014-07-15,69857643070872,False,N/A,False,,HK_MAINBOARD
HK.01433,常达控股,10000,STOCK,N/A,,N/A,,N/A,N/A,2020-03-12,78679505896857,False,N/A,False,,HK_MAINBOARD
HK.01440,应星控股,2500,STOCK,N/A,,N/A,,N/A,N/A,2021-01-13,79985175954848,False,N/A,False,,HK_MAINBOARD
HK.01442,鹰辉物流,5000,STOCK,N/A,,N/A,,N/A,N/A,2020-01-21,78421807859106,False,N/A,False,,HK_MAINBOARD
HK.01443,富临集团控股,2000,STOCK,N/A,,N/A,,N/A,N/A,2014-11-13,70377334113699,False,N/A,False,,HK_MAINBOARD
HK.01446,鸿福堂,2000,STOCK,N/A,,N/A,,N/A,N/A,2014-07-04,69810398430630,False,N/A,False,,HK_MAINBOARD
HK.01447,新福港,2000,STOCK,N/A,,N/A,,N/A,N/A,2015-12-10,1447,False,N/A,False,,HK_MAINBOARD
HK.01448,福寿园,1000,STOCK,N/A,,N/A,,N/A,N/A,2013-12-19,68964289873320,False,N/A,False,,HK_MAINBOARD
HK.01449,立德教育,1000,STOCK,N/A,,N/A,,N/A,N/A,2020-08-06,79323750991273,False,N/A,False,,HK_MAINBOARD
HK.01450,交个朋友控股,2000,STOCK,N/A,,N/A,,N/A,N/A,2014-07-07,69823283332522,False,N/A,False,,HK_MAINBOARD
HK.01451,万成集团股份,2000,STOCK,N/A,,N/A,,N/A,N/A,2018-06-01,75896367089067,False,N/A,False,,HK_MAINBOARD
HK.01452,迪诺斯环保,1000,STOCK,N/A,,N/A,,N/A,N/A,2015-11-12,1452,False,N/A,False,,HK_MAINBOARD
HK.01455,科利实业控股,5000,STOCK,N/A,,N/A,,N/A,N/A,2020-09-15,79474074846639,False,N/A,False,,HK_MAINBOARD
HK.01456,国联民生,500,STOCK,N/A,,N/A,,N/A,N/A,2015-07-06,71386651428272,False,N/A,False,,HK_MAINBOARD
HK.01458,周黑鸭,500,STOCK,N/A,,N/A,,N/A,N/A,2016-11-11,1458,False,N/A,False,,HK_MAINBOARD
HK.01459,巨匠建设,2000,STOCK,N/A,,N/A,,N/A,N/A,2016-01-12,1459,False,N/A,False,,HK_MAINBOARD
HK.01460,扬科集团,8000,STOCK,N/A,,N/A,,N/A,N/A,2015-03-18,1460,False,N/A,False,,HK_MAINBOARD
HK.01461,中泰期货,1000,STOCK,N/A,,N/A,,N/A,N/A,2015-07-07,71390946395573,False,N/A,False,,HK_MAINBOARD
HK.01463,C-LINK SQ,2000,STOCK,N/A,,N/A,,N/A,N/A,2020-03-27,78756815308215,False,N/A,False,,HK_MAINBOARD
HK.01466,佰金生命科学,8000,STOCK,N/A,,N/A,,N/A,N/A,2014-10-17,70261369996730,False,N/A,False,,HK_MAINBOARD
HK.01468,嘉高达资本,10000,STOCK,N/A,,N/A,,N/A,N/A,2012-08-24,66894115636668,False,N/A,False,,HK_MAINBOARD
HK.01470,富一国际控股,4000,STOCK,N/A,,N/A,,N/A,N/A,2015-05-12,71150428227006,False,N/A,False,,HK_MAINBOARD
HK.01471,众淼控股,500,STOCK,N/A,,N/A,,N/A,N/A,2024-08-06,85607288145343,False,N/A,False,,HK_MAINBOARD
HK.01472,生兴控股,5000,STOCK,N/A,,N/A,,N/A,N/A,2020-03-17,78679505896896,False,N/A,False,,HK_MAINBOARD
HK.01473,环联连讯,4000,STOCK,N/A,,N/A,,N/A,N/A,2021-02-19,80126909875649,False,N/A,False,,HK_MAINBOARD
HK.01475,日清食品,1000,STOCK,N/A,,N/A,,N/A,N/A,2017-12-11,75153337746883,False,N/A,False,,HK_MAINBOARD
HK.01476,金融街证券,1000,STOCK,N/A,,N/A,,N/A,N/A,2015-10-15,71820443125188,False,N/A,False,,HK_MAINBOARD
HK.01477,欧康维视生物-B,500,STOCK,N/A,,N/A,,N/A,N/A,2020-07-10,79203491907013,False,N/A,False,,HK_MAINBOARD
HK.01478,丘钛科技,1000,STOCK,N/A,,N/A,,N/A,N/A,2014-12-02,70458938492358,False,N/A,False,,HK_MAINBOARD
HK.01480,恩达集团控股,2000,STOCK,N/A,,N/A,,N/A,N/A,2014-12-08,70484708296136,False,N/A,False,,HK_MAINBOARD
HK.01481,竣球控股,10000,STOCK,N/A,,N/A,,N/A,N/A,2017-12-28,79907866543561,False,N/A,False,,HK_MAINBOARD
HK.01483,网誉科技,2000,STOCK,N/A,,N/A,,N/A,N/A,2013-12-10,68925635167691,False,N/A,False,,HK_MAINBOARD
HK.01486,思城控股,10000,STOCK,N/A,,N/A,,N/A,N/A,2013-12-20,68968584840654,False,N/A,False,,HK_MAINBOARD
HK.01488,百福控股,2000,STOCK,N/A,,N/A,,N/A,N/A,2011-06-27,65073049503184,False,N/A,False,,HK_MAINBOARD
HK.01489,GC CONSTRUCTION,5000,STOCK,N/A,,N/A,,N/A,N/A,2022-10-10,82708185220561,False,N/A,False,,HK_MAINBOARD
HK.01490,车市科技,4000,STOCK,N/A,,N/A,,N/A,N/A,2021-01-15,79998060856786,False,N/A,False,,HK_MAINBOARD
HK.01495,集一控股,20000,STOCK,N/A,,N/A,,N/A,N/A,2015-11-06,71914932405719,False,N/A,False,,HK_MAINBOARD
HK.01496,亚积邦租赁,4000,STOCK,N/A,,N/A,,N/A,N/A,2016-04-08,72576357369304,False,N/A,False,,HK_MAINBOARD
HK.01497,燕之屋,400,STOCK,N/A,,N/A,,N/A,N/A,2023-12-12,84567906059737,False,N/A,False,,HK_MAINBOARD
HK.01498,培力农本方,500,STOCK,N/A,,N/A,,N/A,N/A,2015-07-08,71395241362906,False,N/A,False,,HK_MAINBOARD
HK.01499,欧科云链,10000,STOCK,N/A,,N/A,,N/A,N/A,2015-09-02,71635759531483,False,N/A,False,,HK_MAINBOARD
HK.01500,现恒建筑,5000,STOCK,N/A,,N/A,,N/A,N/A,2015-04-16,71038759077340,False,N/A,False,,HK_MAINBOARD
HK.01501,瑛泰医疗,200,STOCK,N/A,,N/A,,N/A,N/A,2019-11-08,78151224919517,False,N/A,False,,HK_MAINBOARD
HK.01502,金融街物业,1000,STOCK,N/A,,N/A,,N/A,N/A,2020-07-06,79160542234078,False,N/A,False,,HK_MAINBOARD
HK.01508,中国再保险,1000,STOCK,N/A,,N/A,,N/A,N/A,2015-10-26,1508,False,N/A,False,,HK_MAINBOARD
HK.01513,丽珠医药,100,STOCK,N/A,,N/A,,N/A,N/A,2014-01-16,69084548957673,False,N/A,False,,HK_MAINBOARD
HK.01515,华润医疗,500,STOCK,N/A,,N/A,,N/A,N/A,2013-11-29,68878390527467,False,N/A,False,,HK_MAINBOARD
HK.01516,融创服务,1000,STOCK,N/A,,N/A,,N/A,N/A,2020-11-19,79774722557420,False,N/A,False,,HK_MAINBOARD
HK.01518,新世纪医疗,500,STOCK,N/A,,N/A,,N/A,N/A,2017-01-18,73718818670062,False,N/A,False,,HK_MAINBOARD
HK.01519,极兔速递-W,200,STOCK,N/A,,N/A,,N/A,N/A,2023-10-27,84374632531439,False,N/A,False,,HK_MAINBOARD
HK.01520,天机控股,6000,STOCK,N/A,,N/A,,N/A,N/A,2013-12-03,68895570396656,False,N/A,False,,HK_MAINBOARD
HK.01521,方达控股,2000,STOCK,N/A,,N/A,,N/A,N/A,2019-05-30,77446850282993,False,N/A,False,,HK_MAINBOARD
HK.01522,京投交通科技,4000,STOCK,N/A,,N/A,,N/A,N/A,2012-05-16,66464618907122,False,N/A,False,,HK_MAINBOARD
HK.01523,珩湾科技,1000,STOCK,N/A,,N/A,,N/A,N/A,2016-07-13,1523,False,N/A,False,,HK_MAINBOARD
HK.01525,建桥教育,500,STOCK,N/A,,N/A,,N/A,N/A,2020-01-16,78426102826485,False,N/A,False,,HK_MAINBOARD
HK.01526,瑞慈医疗,1000,STOCK,N/A,,N/A,,N/A,N/A,2016-10-06,1526,False,N/A,False,,HK_MAINBOARD
HK.01527,天洁环境,200,STOCK,N/A,,N/A,,N/A,N/A,2015-10-12,71807558223351,False,N/A,False,,HK_MAINBOARD
HK.01528,红星美凯龙,200,STOCK,N/A,,N/A,,N/A,N/A,2015-06-26,71343701755384,False,N/A,False,,HK_MAINBOARD
HK.01529,乐氏国际控股,2000,STOCK,N/A,,N/A,,N/A,N/A,2017-10-18,78370268251641,False,N/A,False,,HK_MAINBOARD
HK.01530,三生制药,500,STOCK,N/A,,N/A,,N/A,N/A,2015-06-11,71279277245946,False,N/A,False,,HK_MAINBOARD
HK.01532,中国派对文化,3000,STOCK,N/A,,N/A,,N/A,N/A,2015-10-16,71824738092540,False,N/A,False,,HK_MAINBOARD
HK.01536,煜荣集团,2000,STOCK,N/A,,N/A,,N/A,N/A,2017-01-11,73718818670080,False,N/A,False,,HK_MAINBOARD
HK.01538,中奥到家,2000,STOCK,N/A,,N/A,,N/A,N/A,2015-11-25,1538,False,N/A,False,,HK_MAINBOARD
HK.01539,知行集团控股,2000,STOCK,N/A,,N/A,,N/A,N/A,2015-03-24,1539,False,N/A,False,,HK_MAINBOARD
HK.01540,澳狮环球,3000,STOCK,N/A,,N/A,,N/A,N/A,2018-10-08,76420353099268,False,N/A,False,,HK_MAINBOARD
HK.01541,宜明昂科-B,200,STOCK,N/A,,N/A,,N/A,N/A,2023-09-05,84146999264773,False,N/A,False,,HK_MAINBOARD
HK.01542,台州水务,1000,STOCK,N/A,,N/A,,N/A,N/A,2019-12-31,78365973284358,False,N/A,False,,HK_MAINBOARD
HK.01543,中盈盛达融资担保,2000,STOCK,N/A,,N/A,,N/A,N/A,2015-12-23,1543,False,N/A,False,,HK_MAINBOARD
HK.01545,设计都会,10000,STOCK,N/A,,N/A,,N/A,N/A,2019-04-25,77292231460361,False,N/A,False,,HK_MAINBOARD
HK.01546,德莱建业,8000,STOCK,N/A,,N/A,,N/A,N/A,2015-10-09,75007308858890,False,N/A,False,,HK_MAINBOARD
HK.01547,IBI GROUP HLDGS,8000,STOCK,N/A,,N/A,,N/A,N/A,2016-10-14,1547,False,N/A,False,,HK_MAINBOARD
HK.01548,金斯瑞生物科技,2000,STOCK,N/A,,N/A,,N/A,N/A,2015-12-30,1548,False,N/A,False,,HK_MAINBOARD
HK.01549,永丰集团控股,8000,STOCK,N/A,,N/A,,N/A,N/A,2016-07-06,1549,False,N/A,False,,HK_MAINBOARD
HK.01551,广州农商银行,1000,STOCK,N/A,,N/A,,N/A,N/A,2017-06-20,74406013437455,False,N/A,False,,HK_MAINBOARD
HK.01552,BHCC HOLDING,5000,STOCK,N/A,,N/A,,N/A,N/A,2017-09-12,74758200755728,False,N/A,False,,HK_MAINBOARD
HK.01553,迈科管业,2000,STOCK,N/A,,N/A,,N/A,N/A,2019-12-18,78288663873041,False,N/A,False,,HK_MAINBOARD
HK.01555,MI能源,2000,STOCK,N/A,,N/A,,N/A,N/A,2010-12-14,64235530880531,False,N/A,False,,HK_MAINBOARD
HK.01556,建业建荣,5000,STOCK,N/A,,N/A,,N/A,N/A,2015-11-11,1556,False,N/A,False,,HK_MAINBOARD
HK.01557,剑虹集团控股,4000,STOCK,N/A,,N/A,,N/A,N/A,2016-03-18,1557,False,N/A,False,,HK_MAINBOARD
HK.01559,均安控股,10000,STOCK,N/A,,N/A,,N/A,N/A,2015-03-27,1559,False,N/A,False,,HK_MAINBOARD
HK.01560,星星集团,2000,STOCK,N/A,,N/A,,N/A,N/A,2016-07-13,1560,False,N/A,False,,HK_MAINBOARD
HK.01561,联洋智能控股,4000,STOCK,N/A,,N/A,,N/A,N/A,2015-12-01,1561,False,N/A,False,,HK_MAINBOARD
HK.01563,友联国际教育租赁,1000,STOCK,N/A,,N/A,,N/A,N/A,2019-03-15,77111842833947,False,N/A,False,,HK_MAINBOARD
HK.01565,成实外教育,1000,STOCK,N/A,,N/A,,N/A,N/A,2016-01-15,1565,False,N/A,False,,HK_MAINBOARD
HK.01566,华夏文化科技,1000,STOCK,N/A,,N/A,,N/A,N/A,2015-03-12,70888435222046,False,N/A,False,,HK_MAINBOARD
HK.01568,承达集团,2000,STOCK,N/A,,N/A,,N/A,N/A,2015-12-29,1568,False,N/A,False,,HK_MAINBOARD
HK.01569,民生教育,2000,STOCK,N/A,,N/A,,N/A,N/A,2017-03-22,74019466380833,False,N/A,False,,HK_MAINBOARD
HK.01570,伟业控股,1000,STOCK,N/A,,N/A,,N/A,N/A,2016-04-06,72567767434786,False,N/A,False,,HK_MAINBOARD
HK.01571,信邦控股,1000,STOCK,N/A,,N/A,,N/A,N/A,2017-06-28,74440373175843,False,N/A,False,,HK_MAINBOARD
HK.01572,中国艺术金融,4000,STOCK,N/A,,N/A,,N/A,N/A,2016-11-08,1572,False,N/A,False,,HK_MAINBOARD
HK.01575,皇庭智家,2000,STOCK,N/A,,N/A,,N/A,N/A,2017-01-12,73718818670119,False,N/A,False,,HK_MAINBOARD
HK.01576,齐鲁高速,1000,STOCK,N/A,,N/A,,N/A,N/A,2018-07-19,76063870813736,False,N/A,False,,HK_MAINBOARD
HK.01577,汇鑫小贷,2000,STOCK,N/A,,N/A,,N/A,N/A,2016-09-30,1577,False,N/A,False,,HK_MAINBOARD
HK.01578,天津银行,500,STOCK,N/A,,N/A,,N/A,N/A,2016-03-30,72537702663722,False,N/A,False,,HK_MAINBOARD
HK.01579,颐海国际,1000,STOCK,N/A,,N/A,,N/A,N/A,2016-07-13,1579,False,N/A,False,,HK_MAINBOARD
HK.01580,大森控股,30000,STOCK,N/A,,N/A,,N/A,N/A,2016-12-19,1580,False,N/A,False,,HK_MAINBOARD
HK.01581,进升集团控股,10000,STOCK,N/A,,N/A,,N/A,N/A,2016-12-08,1581,False,N/A,False,,HK_MAINBOARD
HK.01582,华营建筑,2500,STOCK,N/A,,N/A,,N/A,N/A,2019-10-16,78018080933422,False,N/A,False,,HK_MAINBOARD
HK.01583,亲亲食品,1000,STOCK,N/A,,N/A,,N/A,N/A,2016-07-08,1583,False,N/A,False,,HK_MAINBOARD
HK.01585,雅迪控股,2000,STOCK,N/A,,N/A,,N/A,N/A,2016-05-19,72752451028529,False,N/A,False,,HK_MAINBOARD
HK.01586,力鸿检验,4000,STOCK,N/A,,N/A,,N/A,N/A,2016-07-12,1586,False,N/A,False,,HK_MAINBOARD
HK.01587,欣融国际,4000,STOCK,N/A,,N/A,,N/A,N/A,2018-06-27,75999446304307,False,N/A,False,,HK_MAINBOARD
HK.01588,畅捷通,200,STOCK,N/A,,N/A,,N/A,N/A,2014-06-26,69776038692404,False,N/A,False,,HK_MAINBOARD
HK.01591,汛和集团,20000,STOCK,N/A,,N/A,,N/A,N/A,2016-09-28,1591,False,N/A,False,,HK_MAINBOARD
HK.01592,基石控股,10000,STOCK,N/A,,N/A,,N/A,N/A,2018-07-04,76025216108088,False,N/A,False,,HK_MAINBOARD
HK.01593,辰林教育,2000,STOCK,N/A,,N/A,,N/A,N/A,2019-12-13,78280073938489,False,N/A,False,,HK_MAINBOARD
HK.01596,翼辰实业,1000,STOCK,N/A,,N/A,,N/A,N/A,2016-12-21,1596,False,N/A,False,,HK_MAINBOARD
HK.01597,纳泉能源科技,1000,STOCK,N/A,,N/A,,N/A,N/A,2020-10-20,79598628898365,False,N/A,False,,HK_MAINBOARD
HK.01598,21世纪教育,3000,STOCK,N/A,,N/A,,N/A,N/A,2018-05-29,75870597285438,False,N/A,False,,HK_MAINBOARD
HK.01599,城建设计,1000,STOCK,N/A,,N/A,,N/A,N/A,2014-07-08,69827578299967,False,N/A,False,,HK_MAINBOARD
HK.01600,天伦燃气,500,STOCK,N/A,,N/A,,N/A,N/A,2010-11-10,64089501992512,False,N/A,False,,HK_MAINBOARD
HK.01601,中关村科技租赁,2000,STOCK,N/A,,N/A,,N/A,N/A,2020-01-21,78426102826561,False,N/A,False,,HK_MAINBOARD
HK.01606,国银金租,2000,STOCK,N/A,,N/A,,N/A,N/A,2016-07-11,1606,False,N/A,False,,HK_MAINBOARD
HK.01608,伟能集团,1000,STOCK,N/A,,N/A,,N/A,N/A,2016-11-24,1608,False,N/A,False,,HK_MAINBOARD
HK.01610,中粮家佳康,1000,STOCK,N/A,,N/A,,N/A,N/A,2016-11-01,1610,False,N/A,False,,HK_MAINBOARD
HK.01611,新火科技控股,500,STOCK,N/A,,N/A,,N/A,N/A,2016-11-21,1611,False,N/A,False,,HK_MAINBOARD
HK.01612,永胜医疗,2000,STOCK,N/A,,N/A,,N/A,N/A,2016-07-13,1612,False,N/A,False,,HK_MAINBOARD
HK.01613,协同通信,6400,STOCK,N/A,,N/A,,N/A,N/A,2012-04-18,66344359822925,False,N/A,False,,HK_MAINBOARD
HK.01615,奥邦建筑,5000,STOCK,N/A,,N/A,,N/A,N/A,2018-09-10,76317273884239,False,N/A,False,,HK_MAINBOARD
HK.01616,一元宇宙,2000,STOCK,N/A,,N/A,,N/A,N/A,2012-07-12,66709432043088,False,N/A,False,,HK_MAINBOARD
HK.01617,南方通信,4000,STOCK,N/A,,N/A,,N/A,N/A,2016-12-12,1617,False,N/A,False,,HK_MAINBOARD
HK.01618,中国中冶,1000,STOCK,N/A,,N/A,,N/A,N/A,2009-09-24,62319975466578,False,N/A,False,,HK_MAINBOARD
HK.01620,富盈环球集团,10000,STOCK,N/A,,N/A,,N/A,N/A,2018-06-28,76003741271636,False,N/A,False,,HK_MAINBOARD
HK.01621,域高国际控股,8000,STOCK,N/A,,N/A,,N/A,N/A,2018-03-05,75419625719381,False,N/A,False,,HK_MAINBOARD
HK.01622,力高集团,2000,STOCK,N/A,,N/A,,N/A,N/A,2014-01-30,69144678499926,False,N/A,False,,HK_MAINBOARD
HK.01623,海隆控股,1000,STOCK,N/A,,N/A,,N/A,N/A,2011-04-21,64785286694487,False,N/A,False,,HK_MAINBOARD
HK.01625,翔辉矿业,4000,STOCK,N/A,,N/A,,N/A,N/A,2017-10-31,74972949120601,False,N/A,False,,HK_MAINBOARD
HK.01626,嘉耀控股,1000,STOCK,N/A,,N/A,,N/A,N/A,2014-06-27,69780333659738,False,N/A,False,,HK_MAINBOARD
HK.01627,安保工程控股,4000,STOCK,N/A,,N/A,,N/A,N/A,2017-02-20,73834782787163,False,N/A,False,,HK_MAINBOARD
HK.01628,禹洲集团,5000,STOCK,N/A,,N/A,,N/A,N/A,2009-11-02,62487479191132,False,N/A,False,,HK_MAINBOARD
HK.01629,冠均国际控股,4000,STOCK,N/A,,N/A,,N/A,N/A,2016-11-25,1629,False,N/A,False,,HK_MAINBOARD
HK.01630,建成控股,6000,STOCK,N/A,,N/A,,N/A,N/A,2017-06-16,74371653699166,False,N/A,False,,HK_MAINBOARD
HK.01631,REF HOLDINGS,5000,STOCK,N/A,,N/A,,N/A,N/A,2015-09-25,74457553045087,False,N/A,False,,HK_MAINBOARD
HK.01632,民商创科,2000,STOCK,N/A,,N/A,,N/A,N/A,2016-11-29,1632,False,N/A,False,,HK_MAINBOARD
HK.01633,上谕集团,3000,STOCK,N/A,,N/A,,N/A,N/A,2016-11-11,1633,False,N/A,False,,HK_MAINBOARD
HK.01635,大众公用,1000,STOCK,N/A,,N/A,,N/A,N/A,2016-12-05,1635,False,N/A,False,,HK_MAINBOARD
HK.01636,中国金属利用,8000,STOCK,N/A,,N/A,,N/A,N/A,2014-02-21,69239167780452,False,N/A,False,,HK_MAINBOARD
HK.01637,顺兴集团控股,2000,STOCK,N/A,,N/A,,N/A,N/A,2017-01-03,1637,False,N/A,False,,HK_MAINBOARD
HK.01638,佳兆业集团,1000,STOCK,N/A,,N/A,,N/A,N/A,2009-12-09,62646392981094,False,N/A,False,,HK_MAINBOARD
HK.01640,千循科技,2000,STOCK,N/A,,N/A,,N/A,N/A,2019-11-12,78164109821544,False,N/A,False,,HK_MAINBOARD
HK.01641,红星冷链,500,STOCK,N/A,,N/A,,N/A,N/A,2026-01-13,87840671139433,False,N/A,False,,HK_MAINBOARD
HK.01643,现代中药集团,3000,STOCK,N/A,,N/A,,N/A,N/A,2021-01-15,79998060856939,False,N/A,False,,HK_MAINBOARD
HK.01645,海纳智能,4000,STOCK,N/A,,N/A,,N/A,N/A,2020-06-03,79031693215341,False,N/A,False,,HK_MAINBOARD
HK.01647,雄岸科技,5000,STOCK,N/A,,N/A,,N/A,N/A,2017-03-30,74062416053871,False,N/A,False,,HK_MAINBOARD
HK.01650,HYGIEIA GROUP,8000,STOCK,N/A,,N/A,,N/A,N/A,2020-07-03,78426102826610,False,N/A,False,,HK_MAINBOARD
HK.01651,津上机床中国,1000,STOCK,N/A,,N/A,,N/A,N/A,2017-09-25,74818330297971,False,N/A,False,,HK_MAINBOARD
HK.01652,福森药业,1000,STOCK,N/A,,N/A,,N/A,N/A,2018-07-11,76059575846516,False,N/A,False,,HK_MAINBOARD
HK.01653,MOS HOUSE,20000,STOCK,N/A,,N/A,,N/A,N/A,2018-10-19,76454712837749,False,N/A,False,,HK_MAINBOARD
HK.01655,OKURA HOLDINGS,5000,STOCK,N/A,,N/A,,N/A,N/A,2017-05-15,74229919778423,False,N/A,False,,HK_MAINBOARD
HK.01656,亿仕登控股,2000,STOCK,N/A,,N/A,,N/A,N/A,2017-01-12,73718818670200,False,N/A,False,,HK_MAINBOARD
HK.01657,桦欣控股,500,STOCK,N/A,,N/A,,N/A,N/A,2017-03-21,78765405243001,False,N/A,False,,HK_MAINBOARD
HK.01658,邮储银行,1000,STOCK,N/A,,N/A,,N/A,N/A,2016-09-28,1658,False,N/A,False,,HK_MAINBOARD
HK.01660,七元投资,8000,STOCK,N/A,,N/A,,N/A,N/A,2017-02-10,73839077754492,False,N/A,False,,HK_MAINBOARD
HK.01661,中国前沿科技集团,6000,STOCK,N/A,,N/A,,N/A,N/A,2013-07-11,68272800138877,False,N/A,False,,HK_MAINBOARD
HK.01662,义合控股,1000,STOCK,N/A,,N/A,,N/A,N/A,2015-12-18,1662,False,N/A,False,,HK_MAINBOARD
HK.01663,汉港控股,2000,STOCK,N/A,,N/A,,N/A,N/A,2011-07-22,65180423685759,False,N/A,False,,HK_MAINBOARD
HK.01666,同仁堂科技,1000,STOCK,N/A,,N/A,,N/A,N/A,2000-10-31,48361331754626,False,N/A,False,,HK_MAINBOARD
HK.01667,迪米生活控股,10000,STOCK,N/A,,N/A,,N/A,N/A,2017-04-07,74071005988483,False,N/A,False,,HK_MAINBOARD
HK.01668,华南城,2000,STOCK,N/A,,N/A,,N/A,N/A,2009-09-30,62345745270404,False,N/A,False,,HK_MAINBOARD
HK.01669,环球信贷集团,2000,STOCK,N/A,,N/A,,N/A,N/A,2014-12-12,70501888165509,False,N/A,False,,HK_MAINBOARD
HK.01671,天保能源,2000,STOCK,N/A,,N/A,,N/A,N/A,2018-04-27,75746043233927,False,N/A,False,,HK_MAINBOARD
HK.01672,歌礼制药-B,1000,STOCK,N/A,,N/A,,N/A,N/A,2018-08-01,76154065127048,False,N/A,False,,HK_MAINBOARD
HK.01673,华章科技,2000,STOCK,N/A,,N/A,,N/A,N/A,2013-05-16,68032281970313,False,N/A,False,,HK_MAINBOARD
HK.01675,亚信科技,400,STOCK,N/A,,N/A,,N/A,N/A,2018-12-19,76751065581195,False,N/A,False,,HK_MAINBOARD
HK.01676,高地股份,4000,STOCK,N/A,,N/A,,N/A,N/A,2017-07-18,74500502718092,False,N/A,False,,HK_MAINBOARD
HK.01679,瑞斯康集团,5000,STOCK,N/A,,N/A,,N/A,N/A,2017-06-09,74363063764623,False,N/A,False,,HK_MAINBOARD
HK.01680,澳门励骏,4000,STOCK,N/A,,N/A,,N/A,N/A,2013-07-05,68247030335120,False,N/A,False,,HK_MAINBOARD
HK.01681,康臣药业,1000,STOCK,N/A,,N/A,,N/A,N/A,2013-12-19,68964289873553,False,N/A,False,,HK_MAINBOARD
HK.01682,杭品生活科技,4000,STOCK,N/A,,N/A,,N/A,N/A,2010-10-05,63934883169938,False,N/A,False,,HK_MAINBOARD
HK.01683,旷逸国际,16000,STOCK,N/A,,N/A,,N/A,N/A,2015-09-08,71661529335443,False,N/A,False,,HK_MAINBOARD
HK.01685,博耳电力,1000,STOCK,N/A,,N/A,,N/A,N/A,2010-10-20,63999307679381,False,N/A,False,,HK_MAINBOARD
HK.01686,新意网集团,1000,STOCK,N/A,,N/A,,N/A,N/A,2000-03-17,75372381079190,False,N/A,False,,HK_MAINBOARD
HK.01689,华禧控股,2000,STOCK,N/A,,N/A,,N/A,N/A,2013-12-06,68908455298713,False,N/A,False,,HK_MAINBOARD
HK.01690,立基工程控股,10000,STOCK,N/A,,N/A,,N/A,N/A,2015-09-25,75462575392410,False,N/A,False,,HK_MAINBOARD
HK.01691,JS环球生活,500,STOCK,N/A,,N/A,,N/A,N/A,2019-12-18,78125455115931,False,N/A,False,,HK_MAINBOARD
HK.01692,登辉控股,2000,STOCK,N/A,,N/A,,N/A,N/A,2019-10-25,78095390344860,False,N/A,False,,HK_MAINBOARD
HK.01693,璋利国际,2000,STOCK,N/A,,N/A,,N/A,N/A,2017-08-09,74633646704285,False,N/A,False,,HK_MAINBOARD
HK.01695,椰丰集团,5000,STOCK,N/A,,N/A,,N/A,N/A,2017-07-11,74496207750815,False,N/A,False,,HK_MAINBOARD
HK.01696,复锐医疗科技,400,STOCK,N/A,,N/A,,N/A,N/A,2017-09-19,74788265526944,False,N/A,False,,HK_MAINBOARD
HK.01697,山东国信,1800,STOCK,N/A,,N/A,,N/A,N/A,2017-12-08,75149042779809,False,N/A,False,,HK_MAINBOARD
HK.01698,腾讯音乐-SW,100,STOCK,N/A,,N/A,,N/A,N/A,2022-09-21,82673825482402,False,N/A,False,,HK_MAINBOARD
HK.01701,途屹控股,4000,STOCK,N/A,,N/A,,N/A,N/A,2019-06-28,77584289236645,False,N/A,False,,HK_MAINBOARD
HK.01702,东光化工,4000,STOCK,N/A,,N/A,,N/A,N/A,2017-07-11,74491912783526,False,N/A,False,,HK_MAINBOARD
HK.01703,维力生活科技,5000,STOCK,N/A,,N/A,,N/A,N/A,2019-02-15,76991583749799,False,N/A,False,,HK_MAINBOARD
HK.01705,宾仕国际,4000,STOCK,N/A,,N/A,,N/A,N/A,2018-03-14,75535589836457,False,N/A,False,,HK_MAINBOARD
HK.01707,致浩达控股,8000,STOCK,N/A,,N/A,,N/A,N/A,2017-10-12,74887049774763,False,N/A,False,,HK_MAINBOARD
HK.01708,三宝科技,500,STOCK,N/A,,N/A,,N/A,N/A,2004-06-09,54017803683500,False,N/A,False,,HK_MAINBOARD
HK.01709,德林控股,1000,STOCK,N/A,,N/A,,N/A,N/A,2015-10-07,74882754807469,False,N/A,False,,HK_MAINBOARD
HK.01710,致丰工业电子,4000,STOCK,N/A,,N/A,,N/A,N/A,2017-11-23,75084618270382,False,N/A,False,,HK_MAINBOARD
HK.01711,欧化,10000,STOCK,N/A,,N/A,,N/A,N/A,2018-01-29,75359496177327,False,N/A,False,,HK_MAINBOARD
HK.01712,龙资源,1000,STOCK,N/A,,N/A,,N/A,N/A,2018-11-05,76540612183728,False,N/A,False,,HK_MAINBOARD
HK.01713,四川能投发展,2000,STOCK,N/A,,N/A,,N/A,N/A,2018-12-28,76781130352305,False,N/A,False,,HK_MAINBOARD
HK.01715,智慧健康科技,10000,STOCK,N/A,,N/A,,N/A,N/A,2018-07-16,76063870813875,False,N/A,False,,HK_MAINBOARD
HK.01716,毛记葵涌,2000,STOCK,N/A,,N/A,,N/A,N/A,2018-03-28,75612899247796,False,N/A,False,,HK_MAINBOARD
HK.01717,澳优,1000,STOCK,N/A,,N/A,,N/A,N/A,2009-10-08,62380105008821,False,N/A,False,,HK_MAINBOARD
HK.01718,宏基集团控股,5000,STOCK,N/A,,N/A,,N/A,N/A,2015-08-11,71554155153078,False,N/A,False,,HK_MAINBOARD
HK.01719,中国通商集团,4000,STOCK,N/A,,N/A,,N/A,N/A,2005-09-16,75402445850295,False,N/A,False,,HK_MAINBOARD
HK.01720,普天通信集团,4000,STOCK,N/A,,N/A,,N/A,N/A,2017-11-09,75011603826360,False,N/A,False,,HK_MAINBOARD
HK.01721,FSM HOLDINGS,5000,STOCK,N/A,,N/A,,N/A,N/A,2018-07-16,76063870813881,False,N/A,False,,HK_MAINBOARD
HK.01722,建鹏控股,10000,STOCK,N/A,,N/A,,N/A,N/A,2017-12-15,75157632714426,False,N/A,False,,HK_MAINBOARD
HK.01723,恒月控股,2000,STOCK,N/A,,N/A,,N/A,N/A,2018-09-27,76381698393787,False,N/A,False,,HK_MAINBOARD
HK.01725,中国技术集团,200,STOCK,N/A,,N/A,,N/A,N/A,2018-08-16,76214194669245,False,N/A,False,,HK_MAINBOARD
HK.01726,HKE HOLDINGS,5000,STOCK,N/A,,N/A,,N/A,N/A,2018-04-18,75664438855358,False,N/A,False,,HK_MAINBOARD
HK.01727,河北建设,500,STOCK,N/A,,N/A,,N/A,N/A,2017-12-15,75179107550911,False,N/A,False,,HK_MAINBOARD
HK.01728,正通汽车,500,STOCK,N/A,,N/A,,N/A,N/A,2010-12-10,64218351011520,False,N/A,False,,HK_MAINBOARD
HK.01729,汇聚科技,1000,STOCK,N/A,,N/A,,N/A,N/A,2018-02-13,75419625719489,False,N/A,False,,HK_MAINBOARD
HK.01731,其利工业集团,4000,STOCK,N/A,,N/A,,N/A,N/A,2018-07-13,76063870813891,False,N/A,False,,HK_MAINBOARD
HK.01732,象兴国际,20000,STOCK,N/A,,N/A,,N/A,N/A,2017-07-07,77923591653060,False,N/A,False,,HK_MAINBOARD
HK.01733,易大宗,2000,STOCK,N/A,,N/A,,N/A,N/A,2010-10-11,63960652973765,False,N/A,False,,HK_MAINBOARD
HK.01735,中环新能源,1000,STOCK,N/A,,N/A,,N/A,N/A,2018-03-29,75625784149703,False,N/A,False,,HK_MAINBOARD
HK.01736,中国育儿网络,5000,STOCK,N/A,,N/A,,N/A,N/A,2015-07-08,76484777608904,False,N/A,False,,HK_MAINBOARD
HK.01737,亚洲实业集团,10000,STOCK,N/A,,N/A,,N/A,N/A,2018-03-14,75544179771081,False,N/A,False,,HK_MAINBOARD
HK.01738,飞尚无烟煤,2500,STOCK,N/A,,N/A,,N/A,N/A,2014-01-22,69110318761674,False,N/A,False,,HK_MAINBOARD
HK.01739,齐屹科技,500,STOCK,N/A,,N/A,,N/A,N/A,2018-07-12,76029511075531,False,N/A,False,,HK_MAINBOARD
HK.01740,新石文化,5000,STOCK,N/A,,N/A,,N/A,N/A,2020-01-16,78421807859404,False,N/A,False,,HK_MAINBOARD
HK.01741,成志控股,4000,STOCK,N/A,,N/A,,N/A,N/A,2018-10-16,76454712837837,False,N/A,False,,HK_MAINBOARD
HK.01742,HPC HOLDINGS,5000,STOCK,N/A,,N/A,,N/A,N/A,2018-05-11,75793287874254,False,N/A,False,,HK_MAINBOARD
HK.01745,驴迹科技,2000,STOCK,N/A,,N/A,,N/A,N/A,2020-01-17,78421807859409,False,N/A,False,,HK_MAINBOARD
HK.01746,万顺集团控股,4000,STOCK,N/A,,N/A,,N/A,N/A,2018-07-11,76059575846610,False,N/A,False,,HK_MAINBOARD
HK.01747,HOME CONTROL,2000,STOCK,N/A,,N/A,,N/A,N/A,2019-11-14,78164109821651,False,N/A,False,,HK_MAINBOARD
HK.01748,信源企业集团,2000,STOCK,N/A,,N/A,,N/A,N/A,2018-09-26,76381698393812,False,N/A,False,,HK_MAINBOARD
HK.01749,杉杉品牌,1000,STOCK,N/A,,N/A,,N/A,N/A,2018-06-27,75990856369877,False,N/A,False,,HK_MAINBOARD
HK.01750,全达电器集团控股,10000,STOCK,N/A,,N/A,,N/A,N/A,2018-05-11,75793287874262,False,N/A,False,,HK_MAINBOARD
HK.01751,景联集团,10000,STOCK,N/A,,N/A,,N/A,N/A,2016-12-16,75986561402583,False,N/A,False,,HK_MAINBOARD
HK.01752,澳洲成峰高教,10000,STOCK,N/A,,N/A,,N/A,N/A,2018-05-11,75793287874264,False,N/A,False,,HK_MAINBOARD
HK.01753,兑吧,400,STOCK,N/A,,N/A,,N/A,N/A,2019-05-07,77348066035417,False,N/A,False,,HK_MAINBOARD
HK.01755,新城悦服务,1000,STOCK,N/A,,N/A,,N/A,N/A,2018-11-06,76566381987547,False,N/A,False,,HK_MAINBOARD
HK.01756,中国科教产业,1000,STOCK,N/A,,N/A,,N/A,N/A,2019-11-25,78224239363804,False,N/A,False,,HK_MAINBOARD
HK.01757,俊裕地基,10000,STOCK,N/A,,N/A,,N/A,N/A,2018-06-07,75904957023965,False,N/A,False,,HK_MAINBOARD
HK.01758,博骏教育,2000,STOCK,N/A,,N/A,,N/A,N/A,2018-07-31,76149770159838,False,N/A,False,,HK_MAINBOARD
HK.01759,中油洁能控股,1000,STOCK,N/A,,N/A,,N/A,N/A,2018-12-28,76785425319647,False,N/A,False,,HK_MAINBOARD
HK.01760,英恒科技,1000,STOCK,N/A,,N/A,,N/A,N/A,2018-07-12,76063870813920,False,N/A,False,,HK_MAINBOARD
HK.01762,万咖壹联,1000,STOCK,N/A,,N/A,,N/A,N/A,2018-12-21,76772540417762,False,N/A,False,,HK_MAINBOARD
HK.01763,中国同辐,200,STOCK,N/A,,N/A,,N/A,N/A,2018-07-06,76033806042851,False,N/A,False,,HK_MAINBOARD
HK.01765,希教国际控股,2000,STOCK,N/A,,N/A,,N/A,N/A,2018-08-03,76171244996325,False,N/A,False,,HK_MAINBOARD
HK.01766,中国中车,1000,STOCK,N/A,,N/A,,N/A,N/A,2008-08-21,60606283515622,False,N/A,False,,HK_MAINBOARD
HK.01767,TS WONDERS,10000,STOCK,N/A,,N/A,,N/A,N/A,2019-01-14,76858439763687,False,N/A,False,,HK_MAINBOARD
HK.01768,鸣鸣很忙,100,STOCK,N/A,,N/A,,N/A,N/A,2026-01-28,87926570485480,False,N/A,False,,HK_MAINBOARD
HK.01769,思考乐教育,1000,STOCK,N/A,,N/A,,N/A,N/A,2019-06-21,77558519432937,False,N/A,False,,HK_MAINBOARD
HK.01771,新丰泰集团,1000,STOCK,N/A,,N/A,,N/A,N/A,2014-05-15,69595650066155,False,N/A,False,,HK_MAINBOARD
HK.01772,赣锋锂业,200,STOCK,N/A,,N/A,,N/A,N/A,2018-10-11,76450417870572,False,N/A,False,,HK_MAINBOARD
HK.01773,天立国际控股,1000,STOCK,N/A,,N/A,,N/A,N/A,2018-07-12,76059575846637,False,N/A,False,,HK_MAINBOARD
HK.01775,精英汇集团,4000,STOCK,N/A,,N/A,,N/A,N/A,2018-07-13,76076755715823,False,N/A,False,,HK_MAINBOARD
HK.01776,广发证券,200,STOCK,N/A,,N/A,,N/A,N/A,2015-04-10,71012989273840,False,N/A,False,,HK_MAINBOARD
HK.01777,花样年控股,1500,STOCK,N/A,,N/A,,N/A,N/A,2009-11-25,62586263439089,False,N/A,False,,HK_MAINBOARD
HK.01778,彩生活,1000,STOCK,N/A,,N/A,,N/A,N/A,2014-06-30,69793218561778,False,N/A,False,,HK_MAINBOARD
HK.01780,荣尊国际控股,2500,STOCK,N/A,,N/A,,N/A,N/A,2019-04-30,77309411329780,False,N/A,False,,HK_MAINBOARD
HK.01782,国际商业数字技术,5000,STOCK,N/A,,N/A,,N/A,N/A,2016-12-15,76716705842934,False,N/A,False,,HK_MAINBOARD
HK.01783,晋景新能,1000,STOCK,N/A,,N/A,,N/A,N/A,2018-08-22,76231374538487,False,N/A,False,,HK_MAINBOARD
HK.01785,成都高速,1000,STOCK,N/A,,N/A,,N/A,N/A,2019-01-15,76845554861817,False,N/A,False,,HK_MAINBOARD
HK.01786,铁建装备,500,STOCK,N/A,,N/A,,N/A,N/A,2015-12-16,1786,False,N/A,False,,HK_MAINBOARD
HK.01787,山东黄金,250,STOCK,N/A,,N/A,,N/A,N/A,2018-09-28,76394583295739,False,N/A,False,,HK_MAINBOARD
HK.01788,国泰君安国际,1000,STOCK,N/A,,N/A,,N/A,N/A,2010-07-08,63552631080700,False,N/A,False,,HK_MAINBOARD
HK.01789,爱康医疗,2000,STOCK,N/A,,N/A,,N/A,N/A,2017-12-20,75187697485565,False,N/A,False,,HK_MAINBOARD
HK.01790,达力环保,5000,STOCK,N/A,,N/A,,N/A,N/A,2018-11-29,76596446758654,False,N/A,False,,HK_MAINBOARD
HK.01792,CMON,2000,STOCK,N/A,,N/A,,N/A,N/A,2016-12-02,78241419233024,False,N/A,False,,HK_MAINBOARD
HK.01793,伟工控股,4000,STOCK,N/A,,N/A,,N/A,N/A,2019-02-27,76987288782593,False,N/A,False,,HK_MAINBOARD
HK.01795,亚东集团,3000,STOCK,N/A,,N/A,,N/A,N/A,2020-11-18,79731772884739,False,N/A,False,,HK_MAINBOARD
HK.01796,中国数智科技,2000,STOCK,N/A,,N/A,,N/A,N/A,2018-12-31,76781130352388,False,N/A,False,,HK_MAINBOARD
HK.01797,东方甄选,500,STOCK,N/A,,N/A,,N/A,N/A,2019-03-28,77176267343621,False,N/A,False,,HK_MAINBOARD
HK.01798,大唐新能源,1000,STOCK,N/A,,N/A,,N/A,N/A,2010-12-17,64248415782662,False,N/A,False,,HK_MAINBOARD
HK.01799,新特能源,400,STOCK,N/A,,N/A,,N/A,N/A,2015-12-30,1799,False,N/A,False,,HK_MAINBOARD
HK.01800,中国交通建设,1000,STOCK,N/A,,N/A,,N/A,N/A,2006-12-15,57964878628616,False,N/A,False,,HK_MAINBOARD
HK.01801,信达生物,500,STOCK,N/A,,N/A,,N/A,N/A,2018-10-31,76540612183817,False,N/A,False,,HK_MAINBOARD
HK.01802,文业集团,2000,STOCK,N/A,,N/A,,N/A,N/A,2020-01-14,78426102826762,False,N/A,False,,HK_MAINBOARD
HK.01803,北京体育文化,2500,STOCK,N/A,,N/A,,N/A,N/A,2012-01-16,65944927864587,False,N/A,False,,HK_MAINBOARD
HK.01808,企展控股,2000,STOCK,N/A,,N/A,,N/A,N/A,2007-01-11,58080842745616,False,N/A,False,,HK_MAINBOARD
HK.01809,浦林成山,500,STOCK,N/A,,N/A,,N/A,N/A,2018-10-09,76437532968721,False,N/A,False,,HK_MAINBOARD
HK.01810,小米集团-W,200,STOCK,N/A,,N/A,,N/A,N/A,2018-07-09,76033806042898,False,N/A,False,,HK_MAINBOARD
HK.01811,中广核新能源,2000,STOCK,N/A,,N/A,,N/A,N/A,2014-10-03,70201240454931,False,N/A,False,,HK_MAINBOARD
HK.01812,晨鸣纸业,500,STOCK,N/A,,N/A,,N/A,N/A,2008-06-18,60331405608724,False,N/A,False,,HK_MAINBOARD
HK.01813,合景泰富集团,500,STOCK,N/A,,N/A,,N/A,N/A,2007-07-03,58823872087829,False,N/A,False,,HK_MAINBOARD
HK.01815,珠峰黄金,1000,STOCK,N/A,,N/A,,N/A,N/A,2018-03-13,75544179771159,False,N/A,False,,HK_MAINBOARD
HK.01816,中广核电力,1000,STOCK,N/A,,N/A,,N/A,N/A,2014-12-10,70493298231064,False,N/A,False,,HK_MAINBOARD
HK.01817,慕尚集团控股,500,STOCK,N/A,,N/A,,N/A,N/A,2019-05-27,77438260348697,False,N/A,False,,HK_MAINBOARD
HK.01818,招金矿业,500,STOCK,N/A,,N/A,,N/A,N/A,2006-12-08,57934813857562,False,N/A,False,,HK_MAINBOARD
HK.01820,济丰包装,1000,STOCK,N/A,,N/A,,N/A,N/A,2018-12-21,76768245450524,False,N/A,False,,HK_MAINBOARD
HK.01822,中木国际,30000,STOCK,N/A,,N/A,,N/A,N/A,2009-12-16,62676457752350,False,N/A,False,,HK_MAINBOARD
HK.01823,华昱高速,2000,STOCK,N/A,,N/A,,N/A,N/A,2009-12-23,62706522523423,False,N/A,False,,HK_MAINBOARD
HK.01825,STERLING GP,2500,STOCK,N/A,,N/A,,N/A,N/A,2018-10-19,76459007805217,False,N/A,False,,HK_MAINBOARD
HK.01826,丰展控股,10000,STOCK,N/A,,N/A,,N/A,N/A,2015-09-30,74543452391202,False,N/A,False,,HK_MAINBOARD
HK.01827,卓珈控股,5000,STOCK,N/A,,N/A,,N/A,N/A,2017-01-10,77056008259363,False,N/A,False,,HK_MAINBOARD
HK.01828,富卫集团,100,STOCK,N/A,,N/A,,N/A,N/A,2025-07-07,87033217287972,False,N/A,False,,HK_MAINBOARD
HK.01830,完美医疗,1000,STOCK,N/A,,N/A,,N/A,N/A,2012-02-10,66052302047014,False,N/A,False,,HK_MAINBOARD
HK.01831,十方控股,10000,STOCK,N/A,,N/A,,N/A,N/A,2010-12-03,64188286240551,False,N/A,False,,HK_MAINBOARD
HK.01832,海天地悦旅,1000,STOCK,N/A,,N/A,,N/A,N/A,2019-05-16,77373835839272,False,N/A,False,,HK_MAINBOARD
HK.01833,平安好医生,100,STOCK,N/A,,N/A,,N/A,N/A,2018-05-04,75767518070569,False,N/A,False,,HK_MAINBOARD
HK.01835,瑞威资管,400,STOCK,N/A,,N/A,,N/A,N/A,2018-11-13,76596446758699,False,N/A,False,,HK_MAINBOARD
HK.01836,九兴控股,500,STOCK,N/A,,N/A,,N/A,N/A,2007-07-06,58836756989740,False,N/A,False,,HK_MAINBOARD
HK.01837,五谷磨房,2000,STOCK,N/A,,N/A,,N/A,N/A,2018-12-12,76721000810285,False,N/A,False,,HK_MAINBOARD
HK.01841,优越集团控股,10000,STOCK,N/A,,N/A,,N/A,N/A,2016-04-19,76901389436721,False,N/A,False,,HK_MAINBOARD
HK.01842,植华集团,4000,STOCK,N/A,,N/A,,N/A,N/A,2019-06-28,77562814400306,False,N/A,False,,HK_MAINBOARD
HK.01843,快餐帝国,4000,STOCK,N/A,,N/A,,N/A,N/A,2019-10-23,78030965835571,False,N/A,False,,HK_MAINBOARD
HK.01845,维港环保科技,3000,STOCK,N/A,,N/A,,N/A,N/A,2019-01-03,76806900156213,False,N/A,False,,HK_MAINBOARD
HK.01846,德视佳,1000,STOCK,N/A,,N/A,,N/A,N/A,2019-10-15,78030965835574,False,N/A,False,,HK_MAINBOARD
HK.01847,云南建投混凝土,1000,STOCK,N/A,,N/A,,N/A,N/A,2019-10-31,78121160148791,False,N/A,False,,HK_MAINBOARD
HK.01848,中国飞机租赁,500,STOCK,N/A,,N/A,,N/A,N/A,2014-07-11,69840463202104,False,N/A,False,,HK_MAINBOARD
HK.01849,秀商时代控股,5000,STOCK,N/A,,N/A,,N/A,N/A,2019-06-26,77562814400313,False,N/A,False,,HK_MAINBOARD
HK.01850,鸿盛昌资源,10000,STOCK,N/A,,N/A,,N/A,N/A,2017-04-18,77043123357498,False,N/A,False,,HK_MAINBOARD
HK.01851,银杏教育,2000,STOCK,N/A,,N/A,,N/A,N/A,2019-01-18,76815490090811,False,N/A,False,,HK_MAINBOARD
HK.01853,春城热力,2500,STOCK,N/A,,N/A,,N/A,N/A,2019-10-24,78018080933693,False,N/A,False,,HK_MAINBOARD
HK.01854,中国万天控股,10000,STOCK,N/A,,N/A,,N/A,N/A,2016-10-13,77193447212862,False,N/A,False,,HK_MAINBOARD
HK.01855,中庆股份,2000,STOCK,N/A,,N/A,,N/A,N/A,2021-01-06,79959406151487,False,N/A,False,,HK_MAINBOARD
HK.01856,依波路,1000,STOCK,N/A,,N/A,,N/A,N/A,2014-07-11,69840463202112,False,N/A,False,,HK_MAINBOARD
HK.01857,中国光大水务,1000,STOCK,N/A,,N/A,,N/A,N/A,2019-05-08,77348066035521,False,N/A,False,,HK_MAINBOARD
HK.01858,春立医疗,250,STOCK,N/A,,N/A,,N/A,N/A,2015-03-11,70884140255042,False,N/A,False,,HK_MAINBOARD
HK.01860,汇量科技,1000,STOCK,N/A,,N/A,,N/A,N/A,2018-12-12,76721000810308,False,N/A,False,,HK_MAINBOARD
HK.01861,保宝龙科技,2000,STOCK,N/A,,N/A,,N/A,N/A,2019-06-21,77519864727365,False,N/A,False,,HK_MAINBOARD
HK.01862,景瑞控股,1000,STOCK,N/A,,N/A,,N/A,N/A,2013-10-31,68753836476230,False,N/A,False,,HK_MAINBOARD
HK.01863,中国龙天集团,1000,STOCK,N/A,,N/A,,N/A,N/A,2010-04-29,63251983370055,False,N/A,False,,HK_MAINBOARD
HK.01865,鹏高控股集团,12000,STOCK,N/A,,N/A,,N/A,N/A,2019-03-27,77171972376393,False,N/A,False,,HK_MAINBOARD
HK.01866,中国心连心化肥,1000,STOCK,N/A,,N/A,,N/A,N/A,2009-12-08,62642098014026,False,N/A,False,,HK_MAINBOARD
HK.01867,标准发展集团,10000,STOCK,N/A,,N/A,,N/A,N/A,2017-01-12,77408195577675,False,N/A,False,,HK_MAINBOARD
HK.01868,同方友友,2000,STOCK,N/A,,N/A,,N/A,N/A,2006-12-15,57964878628684,False,N/A,False,,HK_MAINBOARD
HK.01869,猫屎咖啡控股,10000,STOCK,N/A,,N/A,,N/A,N/A,2016-06-30,76351633622861,False,N/A,False,,HK_MAINBOARD
HK.01870,益美国际控股,2500,STOCK,N/A,,N/A,,N/A,N/A,2019-11-08,78138340017998,False,N/A,False,,HK_MAINBOARD
HK.01871,向中国际,4000,STOCK,N/A,,N/A,,N/A,N/A,2019-10-24,78078210475855,False,N/A,False,,HK_MAINBOARD
HK.01872,冠轈控股,5000,STOCK,N/A,,N/A,,N/A,N/A,2019-02-28,77047418324816,False,N/A,False,,HK_MAINBOARD
HK.01873,维亚生物,500,STOCK,N/A,,N/A,,N/A,N/A,2019-05-09,77352361002833,False,N/A,False,,HK_MAINBOARD
HK.01875,东曜药业-B,400,STOCK,N/A,,N/A,,N/A,N/A,2019-11-08,78155519887187,False,N/A,False,,HK_MAINBOARD
HK.01876,百威亚太,100,STOCK,N/A,,N/A,,N/A,N/A,2019-09-30,77644418778964,False,N/A,False,,HK_MAINBOARD
HK.01877,君实生物,200,STOCK,N/A,,N/A,,N/A,N/A,2018-12-24,76772540417877,False,N/A,False,,HK_MAINBOARD
HK.01878,南戈壁,50,STOCK,N/A,,N/A,,N/A,N/A,2010-01-29,62865436313430,False,N/A,False,,HK_MAINBOARD
HK.01879,盛世大联,200,STOCK,N/A,,N/A,,N/A,N/A,2019-03-29,77193447212887,False,N/A,False,,HK_MAINBOARD
HK.01880,中国中免,100,STOCK,N/A,,N/A,,N/A,N/A,2022-08-25,82540681496408,False,N/A,False,,HK_MAINBOARD
HK.01882,海天国际,1000,STOCK,N/A,,N/A,,N/A,N/A,2006-12-22,57994943399770,False,N/A,False,,HK_MAINBOARD
HK.01883,中信国际电讯,1000,STOCK,N/A,,N/A,,N/A,N/A,2007-04-03,58433030063963,False,N/A,False,,HK_MAINBOARD
HK.01884,EPRINT集团,4000,STOCK,N/A,,N/A,,N/A,N/A,2013-12-03,68895570397020,False,N/A,False,,HK_MAINBOARD
HK.01888,建滔积层板,500,STOCK,N/A,,N/A,,N/A,N/A,2006-12-07,57930518890336,False,N/A,False,,HK_MAINBOARD
HK.01889,三爱健康集团,5000,STOCK,N/A,,N/A,,N/A,N/A,2007-02-01,58171037058913,False,N/A,False,,HK_MAINBOARD
HK.01890,中国科培,2000,STOCK,N/A,,N/A,,N/A,N/A,2019-01-25,76922864273250,False,N/A,False,,HK_MAINBOARD
HK.01891,兴合控股,4000,STOCK,N/A,,N/A,,N/A,N/A,2019-03-15,77107547866979,False,N/A,False,,HK_MAINBOARD
HK.01894,恒益控股,5000,STOCK,N/A,,N/A,,N/A,N/A,2018-10-12,76454712837990,False,N/A,False,,HK_MAINBOARD
HK.01895,鑫苑服务,1000,STOCK,N/A,,N/A,,N/A,N/A,2019-10-11,78009490999143,False,N/A,False,,HK_MAINBOARD
HK.01896,猫眼娱乐,200,STOCK,N/A,,N/A,,N/A,N/A,2019-02-04,76957224011624,False,N/A,False,,HK_MAINBOARD
HK.01897,美亨实业,2000,STOCK,N/A,,N/A,,N/A,N/A,2019-03-19,77111842834281,False,N/A,False,,HK_MAINBOARD
HK.01898,中煤能源,1000,STOCK,N/A,,N/A,,N/A,N/A,2006-12-19,57982058497898,False,N/A,False,,HK_MAINBOARD
HK.01899,兴达国际,1000,STOCK,N/A,,N/A,,N/A,N/A,2006-12-21,57990648432491,False,N/A,False,,HK_MAINBOARD
HK.01900,中国智能交通,1000,STOCK,N/A,,N/A,,N/A,N/A,2010-07-15,63582695851884,False,N/A,False,,HK_MAINBOARD
HK.01901,飞扬集团,2000,STOCK,N/A,,N/A,,N/A,N/A,2019-06-28,77584289236845,False,N/A,False,,HK_MAINBOARD
HK.01903,JBB BUILDERS,2000,STOCK,N/A,,N/A,,N/A,N/A,2019-05-10,77352361002863,False,N/A,False,,HK_MAINBOARD
HK.01905,海通恒信,2000,STOCK,N/A,,N/A,,N/A,N/A,2019-06-03,77464030152561,False,N/A,False,,HK_MAINBOARD
HK.01906,博尼控股,10000,STOCK,N/A,,N/A,,N/A,N/A,2019-04-26,77296526428018,False,N/A,False,,HK_MAINBOARD
HK.01907,中国旭阳集团,1000,STOCK,N/A,,N/A,,N/A,N/A,2019-03-15,77111842834291,False,N/A,False,,HK_MAINBOARD
HK.01908,建发国际集团,1000,STOCK,N/A,,N/A,,N/A,N/A,2012-12-14,67375151974260,False,N/A,False,,HK_MAINBOARD
HK.01909,火岩控股,2000,STOCK,N/A,,N/A,,N/A,N/A,2016-02-18,77614354007925,False,N/A,False,,HK_MAINBOARD
HK.01910,新秀丽,300,STOCK,N/A,,N/A,,N/A,N/A,2011-06-16,65025804863350,False,N/A,False,,HK_MAINBOARD
HK.01911,华兴资本控股,100,STOCK,N/A,,N/A,,N/A,N/A,2018-09-27,76394583295863,False,N/A,False,,HK_MAINBOARD
HK.01912,康特隆,5000,STOCK,N/A,,N/A,,N/A,N/A,2019-07-16,77640123811704,False,N/A,False,,HK_MAINBOARD
HK.01913,普拉达,100,STOCK,N/A,,N/A,,N/A,N/A,2011-06-24,65060164601721,False,N/A,False,,HK_MAINBOARD
HK.01915,泰和小贷,2000,STOCK,N/A,,N/A,,N/A,N/A,2017-05-08,77700253353851,False,N/A,False,,HK_MAINBOARD
HK.01916,江西银行,500,STOCK,N/A,,N/A,,N/A,N/A,2018-06-26,75995151337340,False,N/A,False,,HK_MAINBOARD
HK.01917,豆盟科技,10000,STOCK,N/A,,N/A,,N/A,N/A,2019-03-14,77111842834301,False,N/A,False,,HK_MAINBOARD
HK.01918,融创中国,1000,STOCK,N/A,,N/A,,N/A,N/A,2010-10-07,63943473104766,False,N/A,False,,HK_MAINBOARD
HK.01919,中远海控,500,STOCK,N/A,,N/A,,N/A,N/A,2005-06-30,55675661059967,False,N/A,False,,HK_MAINBOARD
HK.01920,中国网成,10000,STOCK,N/A,,N/A,,N/A,N/A,2019-08-16,77794742634368,False,N/A,False,,HK_MAINBOARD
HK.01921,达力普控股,2000,STOCK,N/A,,N/A,,N/A,N/A,2019-11-08,78151224919937,False,N/A,False,,HK_MAINBOARD
HK.01922,瑞森生活服务,2000,STOCK,N/A,,N/A,,N/A,N/A,2019-11-06,78138340018050,False,N/A,False,,HK_MAINBOARD
HK.01925,旷世芳香,2000,STOCK,N/A,,N/A,,N/A,N/A,2020-01-16,78421807859589,False,N/A,False,,HK_MAINBOARD
HK.01927,久久王,5000,STOCK,N/A,,N/A,,N/A,N/A,2021-03-16,80242873993095,False,N/A,False,,HK_MAINBOARD
HK.01928,金沙中国有限公司,400,STOCK,N/A,,N/A,,N/A,N/A,2009-11-30,62607738275720,False,N/A,False,,HK_MAINBOARD
HK.01929,周大福,200,STOCK,N/A,,N/A,,N/A,N/A,2011-12-15,65807488911241,False,N/A,False,,HK_MAINBOARD
HK.01930,勋龙,4000,STOCK,N/A,,N/A,,N/A,N/A,2019-06-28,77579994269578,False,N/A,False,,HK_MAINBOARD
HK.01931,华检医疗,1000,STOCK,N/A,,N/A,,N/A,N/A,2019-07-12,77640123811723,False,N/A,False,,HK_MAINBOARD
HK.01932,中漆集团,4000,STOCK,N/A,,N/A,,N/A,N/A,2017-07-10,74453258078092,False,N/A,False,,HK_MAINBOARD
HK.01933,元力控股,4000,STOCK,N/A,,N/A,,N/A,N/A,2018-03-02,75475460294541,False,N/A,False,,HK_MAINBOARD
HK.01935,嘉宏教育,2000,STOCK,N/A,,N/A,,N/A,N/A,2019-06-18,77524159694735,False,N/A,False,,HK_MAINBOARD
HK.01936,利特米,2000,STOCK,N/A,,N/A,,N/A,N/A,2020-05-13,78920024065936,False,N/A,False,,HK_MAINBOARD
HK.01937,佳辰控股,5000,STOCK,N/A,,N/A,,N/A,N/A,2020-01-17,78426102826897,False,N/A,False,,HK_MAINBOARD
HK.01938,珠江钢管,1000,STOCK,N/A,,N/A,,N/A,N/A,2010-02-10,62916975921042,False,N/A,False,,HK_MAINBOARD
HK.01939,上善黄金,2000,STOCK,N/A,,N/A,,N/A,N/A,2018-10-11,76450417870739,False,N/A,False,,HK_MAINBOARD
HK.01940,CGII HLDGS,2000,STOCK,N/A,,N/A,,N/A,N/A,2020-12-29,79723182950292,False,N/A,False,,HK_MAINBOARD
HK.01941,烨星集团,2000,STOCK,N/A,,N/A,,N/A,N/A,2020-03-13,78675210930069,False,N/A,False,,HK_MAINBOARD
HK.01942,马可数字科技,2000,STOCK,N/A,,N/A,,N/A,N/A,2020-04-15,78812649883542,False,N/A,False,,HK_MAINBOARD
HK.01943,金石控股集团,5000,STOCK,N/A,,N/A,,N/A,N/A,2019-06-28,77584289236887,False,N/A,False,,HK_MAINBOARD
HK.01945,清科控股,400,STOCK,N/A,,N/A,,N/A,N/A,2020-12-30,79933636347801,False,N/A,False,,HK_MAINBOARD
HK.01947,美皓集团,5000,STOCK,N/A,,N/A,,N/A,N/A,2022-12-14,83000242997147,False,N/A,False,,HK_MAINBOARD
HK.01948,优矩控股,1000,STOCK,N/A,,N/A,,N/A,N/A,2021-11-08,81282256078748,False,N/A,False,,HK_MAINBOARD
HK.01949,佰达国际控股,4000,STOCK,N/A,,N/A,,N/A,N/A,2019-07-16,77627238909853,False,N/A,False,,HK_MAINBOARD
HK.01950,帝王实业控股,4000,STOCK,N/A,,N/A,,N/A,N/A,2020-03-12,78675210930078,False,N/A,False,,HK_MAINBOARD
HK.01951,锦欣生殖,500,STOCK,N/A,,N/A,,N/A,N/A,2019-06-25,77562814400415,False,N/A,False,,HK_MAINBOARD
HK.01952,云顶新耀,500,STOCK,N/A,,N/A,,N/A,N/A,2020-10-09,79581449029536,False,N/A,False,,HK_MAINBOARD
HK.01953,RIMBACO,5000,STOCK,N/A,,N/A,,N/A,N/A,2020-04-28,78877074392993,False,N/A,False,,HK_MAINBOARD
HK.01955,庄臣控股,2000,STOCK,N/A,,N/A,,N/A,N/A,2019-10-16,78018080933795,False,N/A,False,,HK_MAINBOARD
HK.01957,大人国际,2500,STOCK,N/A,,N/A,,N/A,N/A,2020-07-08,78752520341413,False,N/A,False,,HK_MAINBOARD
HK.01958,北京汽车,500,STOCK,N/A,,N/A,,N/A,N/A,2014-12-19,70531952936870,False,N/A,False,,HK_MAINBOARD
HK.01959,世纪联合控股,2000,STOCK,N/A,,N/A,,N/A,N/A,2019-10-18,78030965835687,False,N/A,False,,HK_MAINBOARD
HK.01960,TBKS HLDGS,5000,STOCK,N/A,,N/A,,N/A,N/A,2019-09-30,77970836293544,False,N/A,False,,HK_MAINBOARD
HK.01961,多牛科技,2000,STOCK,N/A,,N/A,,N/A,N/A,2020-03-17,78675210930089,False,N/A,False,,HK_MAINBOARD
HK.01962,训修实业,2000,STOCK,N/A,,N/A,,N/A,N/A,2017-07-12,74496207751082,False,N/A,False,,HK_MAINBOARD
HK.01963,重庆银行,500,STOCK,N/A,,N/A,,N/A,N/A,2013-11-06,68779606280107,False,N/A,False,,HK_MAINBOARD
HK.01965,朗诗绿色生活,1000,STOCK,N/A,,N/A,,N/A,N/A,2021-07-08,80753975101357,False,N/A,False,,HK_MAINBOARD
HK.01966,中骏集团控股,1000,STOCK,N/A,,N/A,,N/A,N/A,2010-02-05,62895501084590,False,N/A,False,,HK_MAINBOARD
HK.01967,信恳智能,200,STOCK,N/A,,N/A,,N/A,N/A,2019-10-18,78026670868399,False,N/A,False,,HK_MAINBOARD
HK.01968,兴纺控股,4000,STOCK,N/A,,N/A,,N/A,N/A,2018-07-16,76059575846832,False,N/A,False,,HK_MAINBOARD
HK.01969,中国春来,1000,STOCK,N/A,,N/A,,N/A,N/A,2018-09-13,76334453753777,False,N/A,False,,HK_MAINBOARD
HK.01970,IMAX CHINA,100,STOCK,N/A,,N/A,,N/A,N/A,2015-10-08,71790378354610,False,N/A,False,,HK_MAINBOARD
HK.01971,弘阳服务,1000,STOCK,N/A,,N/A,,N/A,N/A,2020-07-07,79182017071027,False,N/A,False,,HK_MAINBOARD
HK.01972,太古地产,200,STOCK,N/A,,N/A,,N/A,N/A,2012-01-18,65953517799348,False,N/A,False,,HK_MAINBOARD
HK.01973,天图投资,400,STOCK,N/A,,N/A,,N/A,N/A,2023-10-06,84284438218677,False,N/A,False,,HK_MAINBOARD
HK.01975,新兴印刷,4000,STOCK,N/A,,N/A,,N/A,N/A,2017-11-16,75037373630391,False,N/A,False,,HK_MAINBOARD
HK.01977,安乐工程,2000,STOCK,N/A,,N/A,,N/A,N/A,2019-07-12,77627238909881,False,N/A,False,,HK_MAINBOARD
HK.01978,叙福楼集团,2000,STOCK,N/A,,N/A,,N/A,N/A,2018-05-30,75870597285818,False,N/A,False,,HK_MAINBOARD
HK.01979,天宝集团,4000,STOCK,N/A,,N/A,,N/A,N/A,2015-12-11,1979,False,N/A,False,,HK_MAINBOARD
HK.01980,天鸽互动,1000,STOCK,N/A,,N/A,,N/A,N/A,2014-07-09,69831873267644,False,N/A,False,,HK_MAINBOARD
HK.01981,华夏控股,1000,STOCK,N/A,,N/A,,N/A,N/A,2020-07-15,79207786874813,False,N/A,False,,HK_MAINBOARD
HK.01982,南旋控股,2000,STOCK,N/A,,N/A,,N/A,N/A,2016-04-12,72593537238974,False,N/A,False,,HK_MAINBOARD
HK.01983,泸州银行,1000,STOCK,N/A,,N/A,,N/A,N/A,2018-12-17,76742475646911,False,N/A,False,,HK_MAINBOARD
HK.01985,美高域,2000,STOCK,N/A,,N/A,,N/A,N/A,2017-03-08,73959336839105,False,N/A,False,,HK_MAINBOARD
HK.01986,彩客新能源,500,STOCK,N/A,,N/A,,N/A,N/A,2015-07-03,71373766526914,False,N/A,False,,HK_MAINBOARD
HK.01987,BENG SOON MACH,4000,STOCK,N/A,,N/A,,N/A,N/A,2019-11-08,78125455116227,False,N/A,False,,HK_MAINBOARD
HK.01988,民生银行,500,STOCK,N/A,,N/A,,N/A,N/A,2009-11-26,62590558406596,False,N/A,False,,HK_MAINBOARD
HK.01991,大洋集团,10000,STOCK,N/A,,N/A,,N/A,N/A,2007-06-08,58716497905607,False,N/A,False,,HK_MAINBOARD
HK.01993,雅仕维,500,STOCK,N/A,,N/A,,N/A,N/A,2015-01-15,70647917053897,False,N/A,False,,HK_MAINBOARD
HK.01995,永升服务,2000,STOCK,N/A,,N/A,,N/A,N/A,2018-12-17,76742475646923,False,N/A,False,,HK_MAINBOARD
HK.01996,弘阳地产,1000,STOCK,N/A,,N/A,,N/A,N/A,2018-07-12,76063870814156,False,N/A,False,,HK_MAINBOARD
HK.01997,九龙仓置业,1000,STOCK,N/A,,N/A,,N/A,N/A,2017-11-23,75067438401485,False,N/A,False,,HK_MAINBOARD
HK.01999,敏华控股,400,STOCK,N/A,,N/A,,N/A,N/A,2010-04-09,63166084024271,False,N/A,False,,HK_MAINBOARD
HK.02000,晨讯科技,2000,STOCK,N/A,,N/A,,N/A,N/A,2005-06-30,55675661060048,False,N/A,False,,HK_MAINBOARD
HK.02001,新高教集团,1000,STOCK,N/A,,N/A,,N/A,N/A,2017-04-19,74131135530961,False,N/A,False,,HK_MAINBOARD
HK.02002,阳光纸业,2000,STOCK,N/A,,N/A,,N/A,N/A,2007-12-12,59519656789970,False,N/A,False,,HK_MAINBOARD
HK.02003,维信金科,200,STOCK,N/A,,N/A,,N/A,N/A,2018-06-21,75969381533651,False,N/A,False,,HK_MAINBOARD
HK.02005,石四药集团,2000,STOCK,N/A,,N/A,,N/A,N/A,2005-12-20,56418690402261,False,N/A,False,,HK_MAINBOARD
HK.02007,碧桂园,1000,STOCK,N/A,,N/A,,N/A,N/A,2007-04-20,58506044508119,False,N/A,False,,HK_MAINBOARD
HK.02008,凤凰卫视,1000,STOCK,N/A,,N/A,,N/A,N/A,2000-06-30,47833050777560,False,N/A,False,,HK_MAINBOARD
HK.02009,金隅集团,1000,STOCK,N/A,,N/A,,N/A,N/A,2009-07-29,62075162331097,False,N/A,False,,HK_MAINBOARD
HK.02011,进腾集团,2000,STOCK,N/A,,N/A,,N/A,N/A,2011-01-12,64360084932571,False,N/A,False,,HK_MAINBOARD
HK.02012,阳光油砂,1000,STOCK,N/A,,N/A,,N/A,N/A,2012-03-01,66138201393116,False,N/A,False,,HK_MAINBOARD
HK.02013,微盟集团,1000,STOCK,N/A,,N/A,,N/A,N/A,2019-01-15,76858439763933,False,N/A,False,,HK_MAINBOARD
HK.02015,理想汽车-W,100,STOCK,N/A,,N/A,,N/A,N/A,2021-08-12,80921478825951,False,N/A,False,,HK_MAINBOARD
HK.02016,浙商银行,1000,STOCK,N/A,,N/A,,N/A,N/A,2016-03-30,72537702664160,False,N/A,False,,HK_MAINBOARD
HK.02017,沧海控股,2000,STOCK,N/A,,N/A,,N/A,N/A,2017-03-31,74066711021537,False,N/A,False,,HK_MAINBOARD
HK.02018,瑞声科技,500,STOCK,N/A,,N/A,,N/A,N/A,2005-08-09,55847459751906,False,N/A,False,,HK_MAINBOARD
HK.02020,安踏体育,200,STOCK,N/A,,N/A,,N/A,N/A,2007-07-10,58853936859108,False,N/A,False,,HK_MAINBOARD
HK.02022,游莱互动,4000,STOCK,N/A,,N/A,,N/A,N/A,2017-12-15,75179107551206,False,N/A,False,,HK_MAINBOARD
HK.02023,中国绿岛科技,4000,STOCK,N/A,,N/A,,N/A,N/A,2013-10-11,68667937130471,False,N/A,False,,HK_MAINBOARD
HK.02025,瑞丰动力,2000,STOCK,N/A,,N/A,,N/A,N/A,2018-01-05,75234942126057,False,N/A,False,,HK_MAINBOARD
HK.02026,小马智行-W,100,STOCK,N/A,,N/A,,N/A,N/A,2025-11-06,87565793232874,False,N/A,False,,HK_MAINBOARD
HK.02028,映美控股,2000,STOCK,N/A,,N/A,,N/A,N/A,2005-06-29,55671366092780,False,N/A,False,,HK_MAINBOARD
HK.02030,卡宾,1000,STOCK,N/A,,N/A,,N/A,N/A,2013-10-28,68740951574510,False,N/A,False,,HK_MAINBOARD
HK.02031,澳至尊,5000,STOCK,N/A,,N/A,,N/A,N/A,2016-09-12,2031,False,N/A,False,,HK_MAINBOARD
HK.02033,时计宝,2000,STOCK,N/A,,N/A,,N/A,N/A,2013-02-05,67602785241073,False,N/A,False,,HK_MAINBOARD
HK.02038,富智康集团,1000,STOCK,N/A,,N/A,,N/A,N/A,2005-02-03,55044300867574,False,N/A,False,,HK_MAINBOARD
HK.02039,中集集团,100,STOCK,N/A,,N/A,,N/A,N/A,2012-12-19,67396626810871,False,N/A,False,,HK_MAINBOARD
HK.02048,易居企业控股,300,STOCK,N/A,,N/A,,N/A,N/A,2018-07-20,76111115454464,False,N/A,False,,HK_MAINBOARD
HK.02050,三花智控,100,STOCK,N/A,,N/A,,N/A,N/A,2025-06-23,86977382713346,False,N/A,False,,HK_MAINBOARD
HK.02051,VALA,10000,STOCK,N/A,,N/A,,N/A,N/A,2018-07-13,76063870814211,False,N/A,False,,HK_MAINBOARD
HK.02057,中通快递-W,50,STOCK,N/A,,N/A,,N/A,N/A,2020-09-29,79547089291273,False,N/A,False,,HK_MAINBOARD
HK.02068,中铝国际,1000,STOCK,N/A,,N/A,,N/A,N/A,2012-07-06,66683662239764,False,N/A,False,,HK_MAINBOARD
HK.02076,BOSS直聘-W,100,STOCK,N/A,,N/A,,N/A,N/A,2022-12-22,83068962474012,False,N/A,False,,HK_MAINBOARD
HK.02078,荣阳实业,1000,STOCK,N/A,,N/A,,N/A,N/A,2013-02-05,67602785241118,False,N/A,False,,HK_MAINBOARD
HK.02080,奥克斯国际,2000,STOCK,N/A,,N/A,,N/A,N/A,2014-01-23,69114613729312,False,N/A,False,,HK_MAINBOARD
HK.02086,高维科技,1000,STOCK,N/A,,N/A,,N/A,N/A,2003-11-10,53107270617126,False,N/A,False,,HK_MAINBOARD
HK.02088,西王置业,2000,STOCK,N/A,,N/A,,N/A,N/A,2005-12-09,56371445762088,False,N/A,False,,HK_MAINBOARD
HK.02096,先声药业,1000,STOCK,N/A,,N/A,,N/A,N/A,2020-10-27,79658758441008,False,N/A,False,,HK_MAINBOARD
HK.02097,蜜雪集团,100,STOCK,N/A,,N/A,,N/A,N/A,2025-03-03,86496346376241,False,N/A,False,,HK_MAINBOARD
HK.02098,卓尔智联,1000,STOCK,N/A,,N/A,,N/A,N/A,2011-07-13,65141768980530,False,N/A,False,,HK_MAINBOARD
HK.02099,中国黄金国际,100,STOCK,N/A,,N/A,,N/A,N/A,2010-12-01,64179696306227,False,N/A,False,,HK_MAINBOARD
HK.02100,百奥家庭互动,2000,STOCK,N/A,,N/A,,N/A,N/A,2014-04-10,69445326211124,False,N/A,False,,HK_MAINBOARD
HK.02101,福禄控股,500,STOCK,N/A,,N/A,,N/A,N/A,2020-09-18,79491254716469,False,N/A,False,,HK_MAINBOARD
HK.02102,德利机械,10000,STOCK,N/A,,N/A,,N/A,N/A,2017-07-27,79624398702646,False,N/A,False,,HK_MAINBOARD
HK.02105,来凯医药-B,500,STOCK,N/A,,N/A,,N/A,N/A,2023-06-29,83850646521913,False,N/A,False,,HK_MAINBOARD
HK.02107,第一服务控股,2500,STOCK,N/A,,N/A,,N/A,N/A,2020-10-22,79654463473723,False,N/A,False,,HK_MAINBOARD
HK.02108,K2 F&B,4000,STOCK,N/A,,N/A,,N/A,N/A,2019-03-06,77081778063420,False,N/A,False,,HK_MAINBOARD
HK.02110,天成控股,10000,STOCK,N/A,,N/A,,N/A,N/A,2020-12-07,79834852100158,False,N/A,False,,HK_MAINBOARD
HK.02111,超盈国际控股,2000,STOCK,N/A,,N/A,,N/A,N/A,2014-05-23,69630009804863,False,N/A,False,,HK_MAINBOARD
HK.02112,恩典生命科技,2000,STOCK,N/A,,N/A,,N/A,N/A,2013-07-03,68238440400960,False,N/A,False,,HK_MAINBOARD
HK.02113,世纪集团国际,5000,STOCK,N/A,,N/A,,N/A,N/A,2016-10-17,2113,False,N/A,False,,HK_MAINBOARD
HK.02116,江苏创新,2000,STOCK,N/A,,N/A,,N/A,N/A,2018-03-28,75625784150084,False,N/A,False,,HK_MAINBOARD
HK.02119,捷荣国际控股,2000,STOCK,N/A,,N/A,,N/A,N/A,2018-05-11,75806172776519,False,N/A,False,,HK_MAINBOARD
HK.02120,康宁医院,100,STOCK,N/A,,N/A,,N/A,N/A,2015-11-20,2120,False,N/A,False,,HK_MAINBOARD
HK.02121,创新奇智,100,STOCK,N/A,,N/A,,N/A,N/A,2022-01-27,81638738364489,False,N/A,False,,HK_MAINBOARD
HK.02122,凯知乐国际,2000,STOCK,N/A,,N/A,,N/A,N/A,2017-11-10,75028783695946,False,N/A,False,,HK_MAINBOARD
HK.02125,稻草熊娱乐,1000,STOCK,N/A,,N/A,,N/A,N/A,2021-01-15,79998060857421,False,N/A,False,,HK_MAINBOARD
HK.02126,药明巨诺-B,500,STOCK,N/A,,N/A,,N/A,N/A,2020-11-03,79697413146702,False,N/A,False,,HK_MAINBOARD
HK.02127,汇森股份,2000,STOCK,N/A,,N/A,,N/A,N/A,2020-12-29,79925046413391,False,N/A,False,,HK_MAINBOARD
HK.02128,中国联塑,1000,STOCK,N/A,,N/A,,N/A,N/A,2010-06-23,63488206571600,False,N/A,False,,HK_MAINBOARD
HK.02129,LEGION CONSO,5000,STOCK,N/A,,N/A,,N/A,N/A,2021-01-13,79993765890129,False,N/A,False,,HK_MAINBOARD
HK.02130,嘉泓物流,1000,STOCK,N/A,,N/A,,N/A,N/A,2020-10-15,79602923866194,False,N/A,False,,HK_MAINBOARD
HK.02131,云想科技,1000,STOCK,N/A,,N/A,,N/A,N/A,2020-12-17,79894981642323,False,N/A,False,,HK_MAINBOARD
HK.02132,誉燊丰控股,8000,STOCK,N/A,,N/A,,N/A,N/A,2020-10-20,79602923866196,False,N/A,False,,HK_MAINBOARD
HK.02135,瑞丽医美,10000,STOCK,N/A,,N/A,,N/A,N/A,2020-12-28,79929341380695,False,N/A,False,,HK_MAINBOARD
HK.02136,利福中国,500,STOCK,N/A,,N/A,,N/A,N/A,2016-07-15,2136,False,N/A,False,,HK_MAINBOARD
HK.02137,腾盛博药-B,500,STOCK,N/A,,N/A,,N/A,N/A,2021-07-13,80775449938009,False,N/A,False,,HK_MAINBOARD
HK.02138,医思健康,1000,STOCK,N/A,,N/A,,N/A,N/A,2016-03-11,72456098285658,False,N/A,False,,HK_MAINBOARD
HK.02139,甘肃银行,1000,STOCK,N/A,,N/A,,N/A,N/A,2018-01-18,75299366635611,False,N/A,False,,HK_MAINBOARD
HK.02142,和铂医药-B,1000,STOCK,N/A,,N/A,,N/A,N/A,2020-12-10,79864916871262,False,N/A,False,,HK_MAINBOARD
HK.02145,上美股份,100,STOCK,N/A,,N/A,,N/A,N/A,2022-12-22,83051782604897,False,N/A,False,,HK_MAINBOARD
HK.02146,荣万家,500,STOCK,N/A,,N/A,,N/A,N/A,2021-01-15,79998060857442,False,N/A,False,,HK_MAINBOARD
HK.02147,正味集团(新),4000,STOCK,N/A,,N/A,,N/A,N/A,2023-01-13,83129092016227,False,N/A,False,,HK_MAINBOARD
HK.02149,贝克微,100,STOCK,N/A,,N/A,,N/A,N/A,2023-12-28,84645215471717,False,N/A,False,,HK_MAINBOARD
HK.02150,奈雪的茶,500,STOCK,N/A,,N/A,,N/A,N/A,2021-06-30,80723910330470,False,N/A,False,,HK_MAINBOARD
HK.02152,苏新服务,500,STOCK,N/A,,N/A,,N/A,N/A,2022-08-24,82523501627496,False,N/A,False,,HK_MAINBOARD
HK.02153,达丰设备,2000,STOCK,N/A,,N/A,,N/A,N/A,2021-01-13,79993765890153,False,N/A,False,,HK_MAINBOARD
HK.02155,森松国际,1000,STOCK,N/A,,N/A,,N/A,N/A,2021-06-28,80242873993323,False,N/A,False,,HK_MAINBOARD
HK.02156,建发物业,1000,STOCK,N/A,,N/A,,N/A,N/A,2020-12-31,79985175955564,False,N/A,False,,HK_MAINBOARD
HK.02157,乐普生物-B,1000,STOCK,N/A,,N/A,,N/A,N/A,2022-02-23,81741817579629,False,N/A,False,,HK_MAINBOARD
HK.02158,医渡科技,100,STOCK,N/A,,N/A,,N/A,N/A,2021-01-15,79998060857454,False,N/A,False,,HK_MAINBOARD
HK.02159,麦迪卫康,8000,STOCK,N/A,,N/A,,N/A,N/A,2021-01-19,79998060857455,False,N/A,False,,HK_MAINBOARD
HK.02160,微创心通-B,1000,STOCK,N/A,,N/A,,N/A,N/A,2021-02-04,80109730007152,False,N/A,False,,HK_MAINBOARD
HK.02161,健倍苗苗,2000,STOCK,N/A,,N/A,,N/A,N/A,2021-02-05,80109730007153,False,N/A,False,,HK_MAINBOARD
HK.02162,康诺亚-B,500,STOCK,N/A,,N/A,,N/A,N/A,2021-07-08,80753975101554,False,N/A,False,,HK_MAINBOARD
HK.02163,远大住工,300,STOCK,N/A,,N/A,,N/A,N/A,2019-11-06,78134045050995,False,N/A,False,,HK_MAINBOARD
HK.02165,领悦服务集团,1000,STOCK,N/A,,N/A,,N/A,N/A,2021-07-12,80771154970741,False,N/A,False,,HK_MAINBOARD
HK.02166,芯智控股,2000,STOCK,N/A,,N/A,,N/A,N/A,2016-10-07,2166,False,N/A,False,,HK_MAINBOARD
HK.02167,天润云,200,STOCK,N/A,,N/A,,N/A,N/A,2022-06-30,82304458295415,False,N/A,False,,HK_MAINBOARD
HK.02168,佳兆业美好,250,STOCK,N/A,,N/A,,N/A,N/A,2018-12-06,76708115908728,False,N/A,False,,HK_MAINBOARD
HK.02169,沧港铁路,2000,STOCK,N/A,,N/A,,N/A,N/A,2020-10-23,79654463473785,False,N/A,False,,HK_MAINBOARD
HK.02170,贝康医疗-B,500,STOCK,N/A,,N/A,,N/A,N/A,2021-02-08,80114024974458,False,N/A,False,,HK_MAINBOARD
HK.02171,科济药业-B,500,STOCK,N/A,,N/A,,N/A,N/A,2021-06-18,80676665690235,False,N/A,False,,HK_MAINBOARD
HK.02172,微创脑科学,1000,STOCK,N/A,,N/A,,N/A,N/A,2022-07-15,82338818033788,False,N/A,False,,HK_MAINBOARD
HK.02175,中国通才教育,1000,STOCK,N/A,,N/A,,N/A,N/A,2021-07-16,80775449938047,False,N/A,False,,HK_MAINBOARD
HK.02176,赛迪顾问,10000,STOCK,N/A,,N/A,,N/A,N/A,2002-12-12,80569291507840,False,N/A,False,,HK_MAINBOARD
HK.02177,优趣汇控股,200,STOCK,N/A,,N/A,,N/A,N/A,2021-07-12,80766860003457,False,N/A,False,,HK_MAINBOARD
HK.02178,百勤油服,1000,STOCK,N/A,,N/A,,N/A,N/A,2013-03-06,67727339292802,False,N/A,False,,HK_MAINBOARD
HK.02179,瑞科生物-B,500,STOCK,N/A,,N/A,,N/A,N/A,2022-03-31,81909321304195,False,N/A,False,,HK_MAINBOARD
HK.02180,万宝盛华,250,STOCK,N/A,,N/A,,N/A,N/A,2019-07-10,77622943942788,False,N/A,False,,HK_MAINBOARD
HK.02181,迈博药业-B,2000,STOCK,N/A,,N/A,,N/A,N/A,2019-05-31,77459735185541,False,N/A,False,,HK_MAINBOARD
HK.02182,天长集团,4000,STOCK,N/A,,N/A,,N/A,N/A,2018-03-08,75484050229382,False,N/A,False,,HK_MAINBOARD
HK.02185,百心安-B,100,STOCK,N/A,,N/A,,N/A,N/A,2021-12-23,81372450392201,False,N/A,False,,HK_MAINBOARD
HK.02186,绿叶制药,500,STOCK,N/A,,N/A,,N/A,N/A,2014-07-09,69831873267850,False,N/A,False,,HK_MAINBOARD
HK.02187,智欣集团控股,2000,STOCK,N/A,,N/A,,N/A,N/A,2021-03-26,80320183404683,False,N/A,False,,HK_MAINBOARD
HK.02188,泰坦能源技术,2000,STOCK,N/A,,N/A,,N/A,N/A,2010-05-28,63376537421964,False,N/A,False,,HK_MAINBOARD
HK.02189,嘉涛(香港)控股,4000,STOCK,N/A,,N/A,,N/A,N/A,2019-06-13,77502684858509,False,N/A,False,,HK_MAINBOARD
HK.02190,归创通桥,500,STOCK,N/A,,N/A,,N/A,N/A,2021-07-05,80741090199694,False,N/A,False,,HK_MAINBOARD
HK.02192,医脉通,500,STOCK,N/A,,N/A,,N/A,N/A,2021-07-15,80775449938064,False,N/A,False,,HK_MAINBOARD
HK.02193,万景控股,4000,STOCK,N/A,,N/A,,N/A,N/A,2015-07-03,71373766527121,False,N/A,False,,HK_MAINBOARD
HK.02195,盈汇企业控股,10000,STOCK,N/A,,N/A,,N/A,N/A,2021-03-31,80333068306579,False,N/A,False,,HK_MAINBOARD
HK.02196,复星医药,500,STOCK,N/A,,N/A,,N/A,N/A,2012-10-30,67181878446228,False,N/A,False,,HK_MAINBOARD
HK.02197,三叶草生物-B,500,STOCK,N/A,,N/A,,N/A,N/A,2021-11-05,81277961111701,False,N/A,False,,HK_MAINBOARD
HK.02198,中国三江化工,1000,STOCK,N/A,,N/A,,N/A,N/A,2010-09-16,63853278791830,False,N/A,False,,HK_MAINBOARD
HK.02199,维珍妮,1000,STOCK,N/A,,N/A,,N/A,N/A,2015-10-08,71790378354839,False,N/A,False,,HK_MAINBOARD
HK.02202,万科企业,100,STOCK,N/A,,N/A,,N/A,N/A,2014-06-25,69771743725722,False,N/A,False,,HK_MAINBOARD
HK.02203,脑洞科技,10000,STOCK,N/A,,N/A,,N/A,N/A,2015-10-09,74590697031835,False,N/A,False,,HK_MAINBOARD
HK.02205,康桥悦生活,1000,STOCK,N/A,,N/A,,N/A,N/A,2021-07-16,80771154970781,False,N/A,False,,HK_MAINBOARD
HK.02208,金风科技,200,STOCK,N/A,,N/A,,N/A,N/A,2010-10-08,63947768072352,False,N/A,False,,HK_MAINBOARD
HK.02209,喆丽控股,1000,STOCK,N/A,,N/A,,N/A,N/A,2021-07-09,80766860003489,False,N/A,False,,HK_MAINBOARD
HK.02210,京城佳业,400,STOCK,N/A,,N/A,,N/A,N/A,2021-11-10,81295140980898,False,N/A,False,,HK_MAINBOARD
HK.02211,大健康国际,5000,STOCK,N/A,,N/A,,N/A,N/A,2013-12-12,68934225103011,False,N/A,False,,HK_MAINBOARD
HK.02212,高鹏矿业,10000,STOCK,N/A,,N/A,,N/A,N/A,2015-01-09,70592082479268,False,N/A,False,,HK_MAINBOARD
HK.02215,德信服务集团,1000,STOCK,N/A,,N/A,,N/A,N/A,2021-07-15,80771154970791,False,N/A,False,,HK_MAINBOARD
HK.02216,堃博医疗-B,500,STOCK,N/A,,N/A,,N/A,N/A,2021-09-24,81097572485288,False,N/A,False,,HK_MAINBOARD
HK.02218,安德利果汁,500,STOCK,N/A,,N/A,,N/A,N/A,2003-04-22,52239687223466,False,N/A,False,,HK_MAINBOARD
HK.02219,朝聚眼科,500,STOCK,N/A,,N/A,,N/A,N/A,2021-07-07,80749680134315,False,N/A,False,,HK_MAINBOARD
HK.02221,创业集团控股,4000,STOCK,N/A,,N/A,,N/A,N/A,2014-09-19,70141110913197,False,N/A,False,,HK_MAINBOARD
HK.02222,雷士国际,10000,STOCK,N/A,,N/A,,N/A,N/A,2010-05-20,63342177683630,False,N/A,False,,HK_MAINBOARD
HK.02223,卡撒天娇,2000,STOCK,N/A,,N/A,,N/A,N/A,2012-11-23,67284957661359,False,N/A,False,,HK_MAINBOARD
HK.02225,今海医疗科技,5000,STOCK,N/A,,N/A,,N/A,N/A,2017-10-17,74912819579057,False,N/A,False,,HK_MAINBOARD
HK.02226,老恒和酿造,500,STOCK,N/A,,N/A,,N/A,N/A,2014-01-28,69136088565938,False,N/A,False,,HK_MAINBOARD
HK.02227,守益控股,4000,STOCK,N/A,,N/A,,N/A,N/A,2017-12-11,75149042780339,False,N/A,False,,HK_MAINBOARD
HK.02228,晶泰控股,1000,STOCK,N/A,,N/A,,N/A,N/A,2024-06-13,85371064944820,False,N/A,False,,HK_MAINBOARD
HK.02230,羚邦集团,5000,STOCK,N/A,,N/A,,N/A,N/A,2019-05-21,77373835839670,False,N/A,False,,HK_MAINBOARD
HK.02231,景业名邦集团,1000,STOCK,N/A,,N/A,,N/A,N/A,2019-12-05,78271484004535,False,N/A,False,,HK_MAINBOARD
HK.02232,晶苑国际,500,STOCK,N/A,,N/A,,N/A,N/A,2017-11-03,74994423957688,False,N/A,False,,HK_MAINBOARD
HK.02233,西部水泥,2000,STOCK,N/A,,N/A,,N/A,N/A,2010-08-23,63750199576761,False,N/A,False,,HK_MAINBOARD
HK.02235,微泰医疗-B,100,STOCK,N/A,,N/A,,N/A,N/A,2021-10-19,81196356733115,False,N/A,False,,HK_MAINBOARD
HK.02236,惠生工程,1000,STOCK,N/A,,N/A,,N/A,N/A,2012-12-28,67435281516732,False,N/A,False,,HK_MAINBOARD
HK.02237,中国石墨,10000,STOCK,N/A,,N/A,,N/A,N/A,2022-07-18,82343113001149,False,N/A,False,,HK_MAINBOARD
HK.02238,广汽集团,2000,STOCK,N/A,,N/A,,N/A,N/A,2010-08-30,63780264347838,False,N/A,False,,HK_MAINBOARD
HK.02239,国微控股,1000,STOCK,N/A,,N/A,,N/A,N/A,2016-03-30,72537702664383,False,N/A,False,,HK_MAINBOARD
HK.02245,力勤资源,200,STOCK,N/A,,N/A,,N/A,N/A,2022-12-01,82961588291781,False,N/A,False,,HK_MAINBOARD
HK.02246,快狗打车,2000,STOCK,N/A,,N/A,,N/A,N/A,2022-06-24,82274393524422,False,N/A,False,,HK_MAINBOARD
HK.02250,小黄鸭德盈,1000,STOCK,N/A,,N/A,,N/A,N/A,2022-01-17,81561428953290,False,N/A,False,,HK_MAINBOARD
HK.02251,鹰瞳科技-B,100,STOCK,N/A,,N/A,,N/A,N/A,2021-11-05,81282256079051,False,N/A,False,,HK_MAINBOARD
HK.02252,微创机器人-B,500,STOCK,N/A,,N/A,,N/A,N/A,2021-11-02,81260781242572,False,N/A,False,,HK_MAINBOARD
HK.02255,海昌海洋公园,1000,STOCK,N/A,,N/A,,N/A,N/A,2014-03-13,69325067126991,False,N/A,False,,HK_MAINBOARD
HK.02256,和誉-B,1000,STOCK,N/A,,N/A,,N/A,N/A,2021-10-13,81170586929360,False,N/A,False,,HK_MAINBOARD
HK.02257,圣诺医药-B,50,STOCK,N/A,,N/A,,N/A,N/A,2021-12-30,81518479280337,False,N/A,False,,HK_MAINBOARD
HK.02258,华滋国际海洋,2000,STOCK,N/A,,N/A,,N/A,N/A,2018-11-19,76592151791826,False,N/A,False,,HK_MAINBOARD
HK.02259,紫金黄金国际,100,STOCK,N/A,,N/A,,N/A,N/A,2025-09-30,87398289508563,False,N/A,False,,HK_MAINBOARD
HK.02260,环龙控股,2000,STOCK,N/A,,N/A,,N/A,N/A,2022-01-11,81557133986004,False,N/A,False,,HK_MAINBOARD
HK.02262,梁志天设计集团,3000,STOCK,N/A,,N/A,,N/A,N/A,2018-07-05,76033806043350,False,N/A,False,,HK_MAINBOARD
HK.02263,富石金融,10000,STOCK,N/A,,N/A,,N/A,N/A,2020-02-19,78559246813399,False,N/A,False,,HK_MAINBOARD
HK.02265,鸿承环保科技,5000,STOCK,N/A,,N/A,,N/A,N/A,2021-11-12,81295140980953,False,N/A,False,,HK_MAINBOARD
HK.02266,黎氏企业,2000,STOCK,N/A,,N/A,,N/A,N/A,2017-02-10,73839077755098,False,N/A,False,,HK_MAINBOARD
HK.02268,药明合联,500,STOCK,N/A,,N/A,,N/A,N/A,2023-11-17,84469121812700,False,N/A,False,,HK_MAINBOARD
HK.02269,药明生物,500,STOCK,N/A,,N/A,,N/A,N/A,2017-06-13,74371653699805,False,N/A,False,,HK_MAINBOARD
HK.02270,德商产投服务,2000,STOCK,N/A,,N/A,,N/A,N/A,2021-12-17,81432579934430,False,N/A,False,,HK_MAINBOARD
HK.02271,众安智慧生活,2000,STOCK,N/A,,N/A,,N/A,N/A,2023-07-18,83129092016351,False,N/A,False,,HK_MAINBOARD
HK.02273,固生堂,100,STOCK,N/A,,N/A,,N/A,N/A,2021-12-10,81432579934433,False,N/A,False,,HK_MAINBOARD
HK.02276,康耐特光学,100,STOCK,N/A,,N/A,,N/A,N/A,2021-12-16,81432579934436,False,N/A,False,,HK_MAINBOARD
HK.02279,雍禾医疗,500,STOCK,N/A,,N/A,,N/A,N/A,2021-12-13,81436874901735,False,N/A,False,,HK_MAINBOARD
HK.02280,慧聪集团,500,STOCK,N/A,,N/A,,N/A,N/A,2003-12-17,53266184407272,False,N/A,False,,HK_MAINBOARD
HK.02281,兴泸水务,1000,STOCK,N/A,,N/A,,N/A,N/A,2017-03-31,74066711021801,False,N/A,False,,HK_MAINBOARD
HK.02282,美高梅中国,400,STOCK,N/A,,N/A,,N/A,N/A,2011-06-03,64969970288874,False,N/A,False,,HK_MAINBOARD
HK.02283,东江集团控股,2000,STOCK,N/A,,N/A,,N/A,N/A,2013-12-20,68968584841451,False,N/A,False,,HK_MAINBOARD
HK.02285,泉峰控股,100,STOCK,N/A,,N/A,,N/A,N/A,2021-12-30,81505594378477,False,N/A,False,,HK_MAINBOARD
HK.02286,辰兴发展,1000,STOCK,N/A,,N/A,,N/A,N/A,2015-07-03,71373766527214,False,N/A,False,,HK_MAINBOARD
HK.02288,宏基资本,1000,STOCK,N/A,,N/A,,N/A,N/A,2009-08-21,62173946579184,False,N/A,False,,HK_MAINBOARD
HK.02289,创美药业,500,STOCK,N/A,,N/A,,N/A,N/A,2015-12-14,2289,False,N/A,False,,HK_MAINBOARD
HK.02291,心泰医疗,1000,STOCK,N/A,,N/A,,N/A,N/A,2022-11-08,82854214109427,False,N/A,False,,HK_MAINBOARD
HK.02293,百本医护,4000,STOCK,N/A,,N/A,,N/A,N/A,2014-07-08,73976516708597,False,N/A,False,,HK_MAINBOARD
HK.02295,丰城控股,5000,STOCK,N/A,,N/A,,N/A,N/A,2019-12-13,81552839018743,False,N/A,False,,HK_MAINBOARD
HK.02297,润迈德-B,1000,STOCK,N/A,,N/A,,N/A,N/A,2022-07-08,82330228099321,False,N/A,False,,HK_MAINBOARD
HK.02298,都市丽人,1000,STOCK,N/A,,N/A,,N/A,N/A,2014-06-26,69776038693114,False,N/A,False,,HK_MAINBOARD
HK.02299,百宏实业,2000,STOCK,N/A,,N/A,,N/A,N/A,2011-05-18,64901250812155,False,N/A,False,,HK_MAINBOARD
HK.02302,中核国际,1000,STOCK,N/A,,N/A,,N/A,N/A,2003-01-06,51784420690174,False,N/A,False,,HK_MAINBOARD
HK.02306,乐华娱乐,3000,STOCK,N/A,,N/A,,N/A,N/A,2023-01-19,82514911693058,False,N/A,False,,HK_MAINBOARD
HK.02307,锦兴国际控股,2000,STOCK,N/A,,N/A,,N/A,N/A,2004-09-23,54473070217475,False,N/A,False,,HK_MAINBOARD
HK.02309,大象未来集团,2000,STOCK,N/A,,N/A,,N/A,N/A,2002-11-12,51548197488901,False,N/A,False,,HK_MAINBOARD
HK.02310,时代环球集团,2000,STOCK,N/A,,N/A,,N/A,N/A,2003-07-04,52553219836166,False,N/A,False,,HK_MAINBOARD
HK.02312,LONG投资集团,10000,STOCK,N/A,,N/A,,N/A,N/A,2002-10-28,51483772979464,False,N/A,False,,HK_MAINBOARD
HK.02313,申洲国际,100,STOCK,N/A,,N/A,,N/A,N/A,2005-11-24,56307021252873,False,N/A,False,,HK_MAINBOARD
HK.02314,理文造纸,1000,STOCK,N/A,,N/A,,N/A,N/A,2003-09-26,52913997089034,False,N/A,False,,HK_MAINBOARD
HK.02315,百奥赛图-B,500,STOCK,N/A,,N/A,,N/A,N/A,2022-09-01,82519206660363,False,N/A,False,,HK_MAINBOARD
HK.02317,味丹国际,4000,STOCK,N/A,,N/A,,N/A,N/A,2003-06-27,52523155065101,False,N/A,False,,HK_MAINBOARD
HK.02318,中国平安,500,STOCK,N/A,,N/A,,N/A,N/A,2004-06-24,54082228193550,False,N/A,False,,HK_MAINBOARD
HK.02319,蒙牛乳业,1000,STOCK,N/A,,N/A,,N/A,N/A,2004-06-10,54022098651407,False,N/A,False,,HK_MAINBOARD
HK.02320,合丰集团,2000,STOCK,N/A,,N/A,,N/A,N/A,2003-09-24,52905407154448,False,N/A,False,,HK_MAINBOARD
HK.02321,双财庄,5000,STOCK,N/A,,N/A,,N/A,N/A,2022-08-19,82510616725777,False,N/A,False,,HK_MAINBOARD
HK.02322,新质数字,8000,STOCK,N/A,,N/A,,N/A,N/A,2003-04-09,52183852648722,False,N/A,False,,HK_MAINBOARD
HK.02323,融科控股,2000,STOCK,N/A,,N/A,,N/A,N/A,2002-06-21,50929722198291,False,N/A,False,,HK_MAINBOARD
HK.02324,首都创投,10000,STOCK,N/A,,N/A,,N/A,N/A,2003-10-27,53047141075220,False,N/A,False,,HK_MAINBOARD
HK.02325,云康集团,3000,STOCK,N/A,,N/A,,N/A,N/A,2022-05-18,82102594832661,False,N/A,False,,HK_MAINBOARD
HK.02326,新源万恒控股,10000,STOCK,N/A,,N/A,,N/A,N/A,2003-03-03,52024938858774,False,N/A,False,,HK_MAINBOARD
HK.02327,美瑞健康国际,6000,STOCK,N/A,,N/A,,N/A,N/A,2003-10-14,52991306500375,False,N/A,False,,HK_MAINBOARD
HK.02328,中国财险,2000,STOCK,N/A,,N/A,,N/A,N/A,2003-11-06,53090090748184,False,N/A,False,,HK_MAINBOARD
HK.02329,国瑞健康,1000,STOCK,N/A,,N/A,,N/A,N/A,2014-07-07,69823283333401,False,N/A,False,,HK_MAINBOARD
HK.02330,中国上城,8000,STOCK,N/A,,N/A,,N/A,N/A,2003-01-29,51883204938010,False,N/A,False,,HK_MAINBOARD
HK.02331,李宁,500,STOCK,N/A,,N/A,,N/A,N/A,2004-06-28,54099408062747,False,N/A,False,,HK_MAINBOARD
HK.02333,长城汽车,500,STOCK,N/A,,N/A,,N/A,N/A,2003-12-15,53257594472733,False,N/A,False,,HK_MAINBOARD
HK.02336,硕奥国际,10000,STOCK,N/A,,N/A,,N/A,N/A,2003-03-03,52024938858784,False,N/A,False,,HK_MAINBOARD
HK.02337,众诚能源,1000,STOCK,N/A,,N/A,,N/A,N/A,2017-10-16,74891344742689,False,N/A,False,,HK_MAINBOARD
HK.02338,潍柴动力,1000,STOCK,N/A,,N/A,,N/A,N/A,2004-03-11,53631256627490,False,N/A,False,,HK_MAINBOARD
HK.02339,京西国际,2000,STOCK,N/A,,N/A,,N/A,N/A,2003-10-10,52974126631203,False,N/A,False,,HK_MAINBOARD
HK.02340,昇柏控股,4000,STOCK,N/A,,N/A,,N/A,N/A,2003-10-09,52969831663908,False,N/A,False,,HK_MAINBOARD
HK.02342,京信通信,2000,STOCK,N/A,,N/A,,N/A,N/A,2003-07-15,52600464476454,False,N/A,False,,HK_MAINBOARD
HK.02343,太平洋航运,1000,STOCK,N/A,,N/A,,N/A,N/A,2004-07-14,54168127539495,False,N/A,False,,HK_MAINBOARD
HK.02347,友和集团,2000,STOCK,N/A,,N/A,,N/A,N/A,2022-06-10,82192789145899,False,N/A,False,,HK_MAINBOARD
HK.02348,东瑞制药,4000,STOCK,N/A,,N/A,,N/A,N/A,2003-07-11,52583284607276,False,N/A,False,,HK_MAINBOARD
HK.02349,中国城市基础设施,4000,STOCK,N/A,,N/A,,N/A,N/A,2003-06-25,52514565130541,False,N/A,False,,HK_MAINBOARD
HK.02350,数科集团,5000,STOCK,N/A,,N/A,,N/A,N/A,2022-09-26,82665235548462,False,N/A,False,,HK_MAINBOARD
HK.02352,东原仁知服务,200,STOCK,N/A,,N/A,,N/A,N/A,2022-04-29,82033875355952,False,N/A,False,,HK_MAINBOARD
HK.02355,宝业集团,2000,STOCK,N/A,,N/A,,N/A,N/A,2003-06-30,52536039967027,False,N/A,False,,HK_MAINBOARD
HK.02356,大新银行集团,400,STOCK,N/A,,N/A,,N/A,N/A,2004-06-30,54107997997364,False,N/A,False,,HK_MAINBOARD
HK.02357,中航科工,1000,STOCK,N/A,,N/A,,N/A,N/A,2003-10-30,53060025977141,False,N/A,False,,HK_MAINBOARD
HK.02358,久融控股,10000,STOCK,N/A,,N/A,,N/A,N/A,2004-07-15,54172422506806,False,N/A,False,,HK_MAINBOARD
HK.02359,药明康德,100,STOCK,N/A,,N/A,,N/A,N/A,2018-12-13,76738180679991,False,N/A,False,,HK_MAINBOARD
HK.02360,优品360,2000,STOCK,N/A,,N/A,,N/A,N/A,2019-01-11,76845554862392,False,N/A,False,,HK_MAINBOARD
HK.02361,中康控股,500,STOCK,N/A,,N/A,,N/A,N/A,2022-07-12,82334523066681,False,N/A,False,,HK_MAINBOARD
HK.02362,金川国际,1000,STOCK,N/A,,N/A,,N/A,N/A,2003-10-27,53047141075258,False,N/A,False,,HK_MAINBOARD
HK.02363,通达宏泰,5000,STOCK,N/A,,N/A,,N/A,N/A,2018-03-16,75544179771707,False,N/A,False,,HK_MAINBOARD
HK.02367,巨子生物,200,STOCK,N/A,,N/A,,N/A,N/A,2022-11-04,82845624174911,False,N/A,False,,HK_MAINBOARD
HK.02368,鹰美,2000,STOCK,N/A,,N/A,,N/A,N/A,2003-08-22,52763673233728,False,N/A,False,,HK_MAINBOARD
HK.02369,酷派集团,4000,STOCK,N/A,,N/A,,N/A,N/A,2004-12-09,54803782699329,False,N/A,False,,HK_MAINBOARD
HK.02370,力高健康生活,500,STOCK,N/A,,N/A,,N/A,N/A,2022-03-31,81913616271682,False,N/A,False,,HK_MAINBOARD
HK.02371,创联控股(新),8000,STOCK,N/A,,N/A,,N/A,N/A,2004-11-18,54713588386115,False,N/A,False,,HK_MAINBOARD
HK.02372,伟立控股,4000,STOCK,N/A,,N/A,,N/A,N/A,2022-06-30,82287278426436,False,N/A,False,,HK_MAINBOARD
HK.02373,美丽田园医疗健康,500,STOCK,N/A,,N/A,,N/A,N/A,2023-01-16,83129092016453,False,N/A,False,,HK_MAINBOARD
HK.02376,鲁商服务,500,STOCK,N/A,,N/A,,N/A,N/A,2022-07-08,82330228099400,False,N/A,False,,HK_MAINBOARD
HK.02377,博奇环保,1000,STOCK,N/A,,N/A,,N/A,N/A,2018-03-16,75544179771721,False,N/A,False,,HK_MAINBOARD
HK.02378,保诚,50,STOCK,N/A,,N/A,,N/A,N/A,2010-05-25,63363652520266,False,N/A,False,,HK_MAINBOARD
HK.02380,中国电力,1000,STOCK,N/A,,N/A,,N/A,N/A,2004-10-15,54567559498060,False,N/A,False,,HK_MAINBOARD
HK.02381,蚬壳电业,10000,STOCK,N/A,,N/A,,N/A,N/A,2020-06-02,78679505897805,False,N/A,False,,HK_MAINBOARD
HK.02382,舜宇光学科技,100,STOCK,N/A,,N/A,,N/A,N/A,2007-06-15,58746562677070,False,N/A,False,,HK_MAINBOARD
HK.02383,TOM集团,2000,STOCK,N/A,,N/A,,N/A,N/A,2004-08-04,54258321852751,False,N/A,False,,HK_MAINBOARD
HK.02385,读书郎,400,STOCK,N/A,,N/A,,N/A,N/A,2022-07-12,82338818034001,False,N/A,False,,HK_MAINBOARD
HK.02386,中石化炼化工程,500,STOCK,N/A,,N/A,,N/A,N/A,2013-05-23,68062346742098,False,N/A,False,,HK_MAINBOARD
HK.02388,中银香港,500,STOCK,N/A,,N/A,,N/A,N/A,2002-07-25,51075751086420,False,N/A,False,,HK_MAINBOARD
HK.02389,北京健康,6000,STOCK,N/A,,N/A,,N/A,N/A,2002-04-26,50689204029781,False,N/A,False,,HK_MAINBOARD
HK.02390,知乎-W,100,STOCK,N/A,,N/A,,N/A,N/A,2022-04-22,81999515617622,False,N/A,False,,HK_MAINBOARD
HK.02391,涂鸦智能-W,200,STOCK,N/A,,N/A,,N/A,N/A,2022-07-05,82308753262935,False,N/A,False,,HK_MAINBOARD
HK.02392,玄武云,500,STOCK,N/A,,N/A,,N/A,N/A,2022-07-08,82317343197528,False,N/A,False,,HK_MAINBOARD
HK.02393,巨星医疗控股,2500,STOCK,N/A,,N/A,,N/A,N/A,2013-10-11,68667937130841,False,N/A,False,,HK_MAINBOARD
HK.02396,华芢生物-B,200,STOCK,N/A,,N/A,,N/A,N/A,2025-12-22,87759066761564,False,N/A,False,,HK_MAINBOARD
HK.02399,中国安储能源,1000,STOCK,N/A,,N/A,,N/A,N/A,2014-07-16,69861938039135,False,N/A,False,,HK_MAINBOARD
HK.02400,心动公司,200,STOCK,N/A,,N/A,,N/A,N/A,2019-12-12,78288663873888,False,N/A,False,,HK_MAINBOARD
HK.02402,亿华通,50,STOCK,N/A,,N/A,,N/A,N/A,2023-01-12,83124797049186,False,N/A,False,,HK_MAINBOARD
HK.02405,力盟科技,4000,STOCK,N/A,,N/A,,N/A,N/A,2023-03-31,83476984367461,False,N/A,False,,HK_MAINBOARD
HK.02407,高视医疗,100,STOCK,N/A,,N/A,,N/A,N/A,2022-12-12,83000242997607,False,N/A,False,,HK_MAINBOARD
HK.02408,遇见小面,500,STOCK,N/A,,N/A,,N/A,N/A,2025-12-05,87694642252136,False,N/A,False,,HK_MAINBOARD
HK.02409,洲际船务,1000,STOCK,N/A,,N/A,,N/A,N/A,2023-03-29,83446919596393,False,N/A,False,,HK_MAINBOARD
HK.02410,同源康医药-B,500,STOCK,N/A,,N/A,,N/A,N/A,2024-08-20,85667417688426,False,N/A,False,,HK_MAINBOARD
HK.02411,百果园集团,500,STOCK,N/A,,N/A,,N/A,N/A,2023-01-16,83124797049195,False,N/A,False,,HK_MAINBOARD
HK.02415,梅斯健康,250,STOCK,N/A,,N/A,,N/A,N/A,2023-04-27,83592948484463,False,N/A,False,,HK_MAINBOARD
HK.02416,易点云,500,STOCK,N/A,,N/A,,N/A,N/A,2023-05-25,83713207568752,False,N/A,False,,HK_MAINBOARD
HK.02418,德银天下,1500,STOCK,N/A,,N/A,,N/A,N/A,2022-07-15,82343113001330,False,N/A,False,,HK_MAINBOARD
HK.02419,德康农牧,100,STOCK,N/A,,N/A,,N/A,N/A,2023-12-06,84555021158771,False,N/A,False,,HK_MAINBOARD
HK.02420,子不语,500,STOCK,N/A,,N/A,,N/A,N/A,2022-11-11,82871393978740,False,N/A,False,,HK_MAINBOARD
HK.02421,嘉创地产,2000,STOCK,N/A,,N/A,,N/A,N/A,2023-03-23,83399674956149,False,N/A,False,,HK_MAINBOARD
HK.02422,润歌互动,4000,STOCK,N/A,,N/A,,N/A,N/A,2022-10-17,82738249992566,False,N/A,False,,HK_MAINBOARD
HK.02423,贝壳-W,100,STOCK,N/A,,N/A,,N/A,N/A,2022-05-11,82102594832759,False,N/A,False,,HK_MAINBOARD
HK.02425,澳亚集团,1000,STOCK,N/A,,N/A,,N/A,N/A,2022-12-30,83064667507065,False,N/A,False,,HK_MAINBOARD
HK.02427,GUANZE MEDICAL,5000,STOCK,N/A,,N/A,,N/A,N/A,2022-12-29,83064667507067,False,N/A,False,,HK_MAINBOARD
HK.02429,友宝在线,500,STOCK,N/A,,N/A,,N/A,N/A,2023-11-03,84408992270717,False,N/A,False,,HK_MAINBOARD
HK.02431,佑驾创新,200,STOCK,N/A,,N/A,,N/A,N/A,2024-12-27,86212878535039,False,N/A,False,,HK_MAINBOARD
HK.02432,越疆,200,STOCK,N/A,,N/A,,N/A,N/A,2024-12-23,86195698665856,False,N/A,False,,HK_MAINBOARD
HK.02433,中天湖南集团,2000,STOCK,N/A,,N/A,,N/A,N/A,2023-03-30,83472689400193,False,N/A,False,,HK_MAINBOARD
HK.02436,凌雄科技(小熊U租),300,STOCK,N/A,,N/A,,N/A,N/A,2022-11-24,82931523520900,False,N/A,False,,HK_MAINBOARD
HK.02438,出门问问,1000,STOCK,N/A,,N/A,,N/A,N/A,2024-04-24,85160611547526,False,N/A,False,,HK_MAINBOARD
HK.02439,中宝新材,2000,STOCK,N/A,,N/A,,N/A,N/A,2023-03-31,83476984367495,False,N/A,False,,HK_MAINBOARD
HK.02440,迷策略,1000,STOCK,N/A,,N/A,,N/A,N/A,2022-12-12,83000242997640,False,N/A,False,,HK_MAINBOARD
HK.02442,怡俊集团控股,2000,STOCK,N/A,,N/A,,N/A,N/A,2023-05-09,83627308222858,False,N/A,False,,HK_MAINBOARD
HK.02443,汽车街,200,STOCK,N/A,,N/A,,N/A,N/A,2024-05-31,85319525337483,False,N/A,False,,HK_MAINBOARD
HK.02448,恒宇集团,2500,STOCK,N/A,,N/A,,N/A,N/A,2018-01-16,75277891799440,False,N/A,False,,HK_MAINBOARD
HK.02450,淮北绿金股份,1500,STOCK,N/A,,N/A,,N/A,N/A,2023-01-20,83129092016530,False,N/A,False,,HK_MAINBOARD
HK.02451,绿源集团控股,500,STOCK,N/A,,N/A,,N/A,N/A,2023-10-12,84297323121043,False,N/A,False,,HK_MAINBOARD
HK.02453,美中嘉和,200,STOCK,N/A,,N/A,,N/A,N/A,2024-01-09,84692460112277,False,N/A,False,,HK_MAINBOARD
HK.02455,润华服务,2000,STOCK,N/A,,N/A,,N/A,N/A,2023-01-17,83129092016535,False,N/A,False,,HK_MAINBOARD
HK.02457,步阳国际,5000,STOCK,N/A,,N/A,,N/A,N/A,2022-12-15,82995948030361,False,N/A,False,,HK_MAINBOARD
HK.02458,望尘科技控股,400,STOCK,N/A,,N/A,,N/A,N/A,2023-01-16,83129092016538,False,N/A,False,,HK_MAINBOARD
HK.02459,升能集团,20000,STOCK,N/A,,N/A,,N/A,N/A,2023-01-17,83129092016539,False,N/A,False,,HK_MAINBOARD
HK.02460,华润饮料,200,STOCK,N/A,,N/A,,N/A,N/A,2024-10-23,85942295595420,False,N/A,False,,HK_MAINBOARD
HK.02465,龙蟠科技,500,STOCK,N/A,,N/A,,N/A,N/A,2024-10-30,85972360366497,False,N/A,False,,HK_MAINBOARD
HK.02469,粉笔,500,STOCK,N/A,,N/A,,N/A,N/A,2023-01-09,83099027245477,False,N/A,False,,HK_MAINBOARD
HK.02473,喜相逢集团,2500,STOCK,N/A,,N/A,,N/A,N/A,2023-11-09,84434762074537,False,N/A,False,,HK_MAINBOARD
HK.02477,经纬天地,800,STOCK,N/A,,N/A,,N/A,N/A,2024-01-12,84688165145005,False,N/A,False,,HK_MAINBOARD
HK.02479,天聚地合,50,STOCK,N/A,,N/A,,N/A,N/A,2024-06-28,85439784421807,False,N/A,False,,HK_MAINBOARD
HK.02480,绿竹生物-B,200,STOCK,N/A,,N/A,,N/A,N/A,2023-05-08,83627308222896,False,N/A,False,,HK_MAINBOARD
HK.02481,慧居科技,1000,STOCK,N/A,,N/A,,N/A,N/A,2023-07-10,83902186129841,False,N/A,False,,HK_MAINBOARD
HK.02482,维天运通,1000,STOCK,N/A,,N/A,,N/A,N/A,2023-03-09,83382495087026,False,N/A,False,,HK_MAINBOARD
HK.02483,K CASH集团,2000,STOCK,N/A,,N/A,,N/A,N/A,2023-12-05,84555021158835,False,N/A,False,,HK_MAINBOARD
HK.02486,普乐师集团控股,200,STOCK,N/A,,N/A,,N/A,N/A,2023-05-11,83640193124790,False,N/A,False,,HK_MAINBOARD
HK.02487,科笛-B,200,STOCK,N/A,,N/A,,N/A,N/A,2023-06-12,83781927045559,False,N/A,False,,HK_MAINBOARD
HK.02488,元征科技,500,STOCK,N/A,,N/A,,N/A,N/A,2002-10-07,51393578666424,False,N/A,False,,HK_MAINBOARD
HK.02489,集海黄金,5000,STOCK,N/A,,N/A,,N/A,N/A,2023-12-22,84628035602873,False,N/A,False,,HK_MAINBOARD
HK.02490,乐舱物流,300,STOCK,N/A,,N/A,,N/A,N/A,2023-09-25,84232898611642,False,N/A,False,,HK_MAINBOARD
HK.02495,声通科技,20,STOCK,N/A,,N/A,,N/A,N/A,2024-07-10,85474144160191,False,N/A,False,,HK_MAINBOARD
HK.02496,友芝友生物-B,200,STOCK,N/A,,N/A,,N/A,N/A,2023-09-25,84232898611648,False,N/A,False,,HK_MAINBOARD
HK.02497,富景中国控股,2000,STOCK,N/A,,N/A,,N/A,N/A,2024-03-28,84567906060737,False,N/A,False,,HK_MAINBOARD
HK.02498,速腾聚创,100,STOCK,N/A,,N/A,,N/A,N/A,2024-01-05,84683870177730,False,N/A,False,,HK_MAINBOARD
HK.02499,佛朗斯股份,200,STOCK,N/A,,N/A,,N/A,N/A,2023-11-10,84439057041859,False,N/A,False,,HK_MAINBOARD
HK.02500,启明医疗-B,500,STOCK,N/A,,N/A,,N/A,N/A,2019-12-10,78284368906692,False,N/A,False,,HK_MAINBOARD
HK.02501,迈越科技,2000,STOCK,N/A,,N/A,,N/A,N/A,2023-10-11,84297323121093,False,N/A,False,,HK_MAINBOARD
HK.02502,金源氢化,2000,STOCK,N/A,,N/A,,N/A,N/A,2023-12-20,84619445668294,False,N/A,False,,HK_MAINBOARD
HK.02503,中深建业,4000,STOCK,N/A,,N/A,,N/A,N/A,2024-01-09,84688165145031,False,N/A,False,,HK_MAINBOARD
HK.02505,EDA集团控股,1000,STOCK,N/A,,N/A,,N/A,N/A,2024-05-28,85302345468361,False,N/A,False,,HK_MAINBOARD
HK.02506,讯飞医疗科技,50,STOCK,N/A,,N/A,,N/A,N/A,2024-12-30,86217173502410,False,N/A,False,,HK_MAINBOARD
HK.02507,西锐,100,STOCK,N/A,,N/A,,N/A,N/A,2024-07-12,85474144160203,False,N/A,False,,HK_MAINBOARD
HK.02508,圣贝拉,500,STOCK,N/A,,N/A,,N/A,N/A,2025-06-26,86998857550284,False,N/A,False,,HK_MAINBOARD
HK.02509,荃信生物-B,200,STOCK,N/A,,N/A,,N/A,N/A,2024-03-20,85010287692237,False,N/A,False,,HK_MAINBOARD
HK.02510,德翔海运,1000,STOCK,N/A,,N/A,,N/A,N/A,2024-11-01,85980950301134,False,N/A,False,,HK_MAINBOARD
HK.02511,君圣泰医药-B,500,STOCK,N/A,,N/A,,N/A,N/A,2023-12-22,84628035602895,False,N/A,False,,HK_MAINBOARD
HK.02512,云工场,1000,STOCK,N/A,,N/A,,N/A,N/A,2024-06-14,85375359912400,False,N/A,False,,HK_MAINBOARD
HK.02513,智谱,100,STOCK,N/A,,N/A,,N/A,N/A,2026-01-08,87836376173009,False,N/A,False,,HK_MAINBOARD
HK.02515,天津建发,2000,STOCK,N/A,,N/A,,N/A,N/A,2024-04-23,84692460112339,False,N/A,False,,HK_MAINBOARD
HK.02516,泛远国际,4000,STOCK,N/A,,N/A,,N/A,N/A,2023-12-22,84619445668308,False,N/A,False,,HK_MAINBOARD
HK.02517,锅圈,400,STOCK,N/A,,N/A,,N/A,N/A,2023-11-02,84391812401621,False,N/A,False,,HK_MAINBOARD
HK.02518,汽车之家-S,100,STOCK,N/A,,N/A,,N/A,N/A,2021-03-15,80268643797462,False,N/A,False,,HK_MAINBOARD
HK.02519,傲基股份,300,STOCK,N/A,,N/A,,N/A,N/A,2024-11-08,86011015072215,False,N/A,False,,HK_MAINBOARD
HK.02520,山西安装,2000,STOCK,N/A,,N/A,,N/A,N/A,2023-11-22,84482006714840,False,N/A,False,,HK_MAINBOARD
HK.02521,升辉清洁,7500,STOCK,N/A,,N/A,,N/A,N/A,2023-12-05,84555021158873,False,N/A,False,,HK_MAINBOARD
HK.02522,一脉阳光,500,STOCK,N/A,,N/A,,N/A,N/A,2024-06-07,85349590108634,False,N/A,False,,HK_MAINBOARD
HK.02525,禾赛-W,20,STOCK,N/A,,N/A,,N/A,N/A,2025-09-16,87351044868573,False,N/A,False,,HK_MAINBOARD
HK.02528,尚晋国际控股,2000,STOCK,N/A,,N/A,,N/A,N/A,2020-01-13,78421807860192,False,N/A,False,,HK_MAINBOARD
HK.02529,泓盈城市服务,1000,STOCK,N/A,,N/A,,N/A,N/A,2024-05-17,85255100828129,False,N/A,False,,HK_MAINBOARD
HK.02530,纽曼思,8000,STOCK,N/A,,N/A,,N/A,N/A,2025-01-10,86268713109986,False,N/A,False,,HK_MAINBOARD
HK.02531,广联科技控股,500,STOCK,N/A,,N/A,,N/A,N/A,2024-07-15,85474144160227,False,N/A,False,,HK_MAINBOARD
HK.02533,黑芝麻智能,100,STOCK,N/A,,N/A,,N/A,N/A,2024-08-08,85615878080997,False,N/A,False,,HK_MAINBOARD
HK.02535,泓基集团,10000,STOCK,N/A,,N/A,,N/A,N/A,2024-03-08,84958748084711,False,N/A,False,,HK_MAINBOARD
HK.02536,百乐皇宫,1000,STOCK,N/A,,N/A,,N/A,N/A,2024-03-26,85036057496040,False,N/A,False,,HK_MAINBOARD
HK.02539,乐摩科技,100,STOCK,N/A,,N/A,,N/A,N/A,2025-12-03,87686052317675,False,N/A,False,,HK_MAINBOARD
HK.02540,乐思集团,2500,STOCK,N/A,,N/A,,N/A,N/A,2024-03-08,84958748084716,False,N/A,False,,HK_MAINBOARD
HK.02543,大行科工,100,STOCK,N/A,,N/A,,N/A,N/A,2025-09-09,87320980097519,False,N/A,False,,HK_MAINBOARD
HK.02545,中赣通信,2000,STOCK,N/A,,N/A,,N/A,N/A,2024-07-03,85444079389169,False,N/A,False,,HK_MAINBOARD
HK.02546,智汇矿业,1000,STOCK,N/A,,N/A,,N/A,N/A,2025-12-19,87754771794418,False,N/A,False,,HK_MAINBOARD
HK.02549,卡罗特,500,STOCK,N/A,,N/A,,N/A,N/A,2024-10-02,85847806314997,False,N/A,False,,HK_MAINBOARD
HK.02550,宜搜科技,500,STOCK,N/A,,N/A,,N/A,N/A,2024-06-07,85349590108662,False,N/A,False,,HK_MAINBOARD
HK.02551,晶科电子股份,1000,STOCK,N/A,,N/A,,N/A,N/A,2024-11-08,86011015072247,False,N/A,False,,HK_MAINBOARD
HK.02552,华领医药-B,500,STOCK,N/A,,N/A,,N/A,N/A,2018-09-14,76334453754360,False,N/A,False,,HK_MAINBOARD
HK.02553,首钢朗泽,200,STOCK,N/A,,N/A,,N/A,N/A,1970-01-01,87050397157881,False,N/A,False,,HK_MAINBOARD
HK.02555,茶百道,200,STOCK,N/A,,N/A,,N/A,N/A,2024-04-23,85156316580347,False,N/A,False,,HK_MAINBOARD
HK.02556,迈富时,100,STOCK,N/A,,N/A,,N/A,N/A,2024-05-16,85250805860860,False,N/A,False,,HK_MAINBOARD
HK.02558,晋商银行,1000,STOCK,N/A,,N/A,,N/A,N/A,2019-07-18,77627238910462,False,N/A,False,,HK_MAINBOARD
HK.02559,嘀嗒出行,500,STOCK,N/A,,N/A,,N/A,N/A,2024-06-28,85439784421887,False,N/A,False,,HK_MAINBOARD
HK.02560,海螺材料科技,1000,STOCK,N/A,,N/A,,N/A,N/A,2025-01-09,86273008077312,False,N/A,False,,HK_MAINBOARD
HK.02561,维昇药业-B,100,STOCK,N/A,,N/A,,N/A,N/A,2025-03-21,86582245722625,False,N/A,False,,HK_MAINBOARD
HK.02562,狮腾控股,500,STOCK,N/A,,N/A,,N/A,N/A,2024-10-30,86006720104962,False,N/A,False,,HK_MAINBOARD
HK.02563,华昊中天医药-B,200,STOCK,N/A,,N/A,,N/A,N/A,2024-10-31,85976655333891,False,N/A,False,,HK_MAINBOARD
HK.02565,派格生物医药-B,500,STOCK,N/A,,N/A,,N/A,N/A,2025-05-27,86870008531461,False,N/A,False,,HK_MAINBOARD
HK.02566,九源基因,200,STOCK,N/A,,N/A,,N/A,N/A,2024-11-28,86096914418182,False,N/A,False,,HK_MAINBOARD
HK.02567,七牛智能,1000,STOCK,N/A,,N/A,,N/A,N/A,2024-10-16,85877871086087,False,N/A,False,,HK_MAINBOARD
HK.02569,舒宝国际,5000,STOCK,N/A,,N/A,,N/A,N/A,2025-03-27,86608015526409,False,N/A,False,,HK_MAINBOARD
HK.02570,重塑能源,20,STOCK,N/A,,N/A,,N/A,N/A,2024-12-06,86131274156554,False,N/A,False,,HK_MAINBOARD
HK.02571,赛目科技,200,STOCK,N/A,,N/A,,N/A,N/A,2025-01-15,86273008077323,False,N/A,False,,HK_MAINBOARD
HK.02573,新琪安,200,STOCK,N/A,,N/A,,N/A,N/A,2025-06-10,86917253171725,False,N/A,False,,HK_MAINBOARD
HK.02575,轩竹生物-B,500,STOCK,N/A,,N/A,,N/A,N/A,2025-10-15,87471303952911,False,N/A,False,,HK_MAINBOARD
HK.02576,太美医疗科技,200,STOCK,N/A,,N/A,,N/A,N/A,2024-10-08,85864986184208,False,N/A,False,,HK_MAINBOARD
HK.02577,英诺赛科,100,STOCK,N/A,,N/A,,N/A,N/A,2024-12-30,86217173502481,False,N/A,False,,HK_MAINBOARD
HK.02579,中伟新材,200,STOCK,N/A,,N/A,,N/A,N/A,2025-11-17,87608742906387,False,N/A,False,,HK_MAINBOARD
HK.02580,奥克斯电气,200,STOCK,N/A,,N/A,,N/A,N/A,2025-09-02,87290915326484,False,N/A,False,,HK_MAINBOARD
HK.02581,明基医院,500,STOCK,N/A,,N/A,,N/A,N/A,2025-12-22,87759066761749,False,N/A,False,,HK_MAINBOARD
HK.02582,国富氢能,50,STOCK,N/A,,N/A,,N/A,N/A,2024-11-15,86041079843350,False,N/A,False,,HK_MAINBOARD
HK.02583,西普尼,100,STOCK,N/A,,N/A,,N/A,N/A,2025-09-30,87398289508887,False,N/A,False,,HK_MAINBOARD
HK.02585,梦金园,200,STOCK,N/A,,N/A,,N/A,N/A,2024-11-29,86101209385497,False,N/A,False,,HK_MAINBOARD
HK.02586,多点数智,100,STOCK,N/A,,N/A,,N/A,N/A,2024-12-06,86131274156570,False,N/A,False,,HK_MAINBOARD
HK.02587,健康之路,500,STOCK,N/A,,N/A,,N/A,N/A,2024-12-30,86217173502491,False,N/A,False,,HK_MAINBOARD
HK.02588,中银航空租赁,100,STOCK,N/A,,N/A,,N/A,N/A,2016-06-01,2588,False,N/A,False,,HK_MAINBOARD
HK.02589,沪上阿姨,30,STOCK,N/A,,N/A,,N/A,N/A,2025-05-08,86779814218269,False,N/A,False,,HK_MAINBOARD
HK.02590,极智嘉-W,200,STOCK,N/A,,N/A,,N/A,N/A,2025-07-09,87050397157918,False,N/A,False,,HK_MAINBOARD
HK.02591,银诺医药-B,200,STOCK,N/A,,N/A,,N/A,N/A,2025-08-15,87213605915167,False,N/A,False,,HK_MAINBOARD
HK.02592,拨康视云-B,500,STOCK,N/A,,N/A,,N/A,N/A,2025-07-03,87024627354144,False,N/A,False,,HK_MAINBOARD
HK.02593,草姬集团,800,STOCK,N/A,,N/A,,N/A,N/A,2024-12-19,86187108731425,False,N/A,False,,HK_MAINBOARD
HK.02595,劲方医药-B,200,STOCK,N/A,,N/A,,N/A,N/A,2025-09-19,87363929770531,False,N/A,False,,HK_MAINBOARD
HK.02596,宜宾银行,1000,STOCK,N/A,,N/A,,N/A,N/A,2025-01-13,86268713110052,False,N/A,False,,HK_MAINBOARD
HK.02597,讯众通信,500,STOCK,N/A,,N/A,,N/A,N/A,2025-07-09,87050397157925,False,N/A,False,,HK_MAINBOARD
HK.02598,连连数字,500,STOCK,N/A,,N/A,,N/A,N/A,2024-03-28,85044647430694,False,N/A,False,,HK_MAINBOARD
HK.02600,中国铝业,2000,STOCK,N/A,,N/A,,N/A,N/A,2001-12-12,50109383445032,False,N/A,False,,HK_MAINBOARD
HK.02601,中国太保,200,STOCK,N/A,,N/A,,N/A,N/A,2009-12-23,62706522524201,False,N/A,False,,HK_MAINBOARD
HK.02602,万物云,100,STOCK,N/A,,N/A,,N/A,N/A,2022-09-29,82691005352490,False,N/A,False,,HK_MAINBOARD
HK.02603,吉宏股份,500,STOCK,N/A,,N/A,,N/A,N/A,2025-05-27,86870008531499,False,N/A,False,,HK_MAINBOARD
HK.02605,METALIGHT,400,STOCK,N/A,,N/A,,N/A,N/A,2025-06-10,86930138073645,False,N/A,False,,HK_MAINBOARD
HK.02607,上海医药,100,STOCK,N/A,,N/A,,N/A,N/A,2011-05-20,64909840747055,False,N/A,False,,HK_MAINBOARD
HK.02608,阳光100中国,1000,STOCK,N/A,,N/A,,N/A,N/A,2014-03-13,69325067127344,False,N/A,False,,HK_MAINBOARD
HK.02609,佰泽医疗,600,STOCK,N/A,,N/A,,N/A,N/A,2025-06-23,86977382713905,False,N/A,False,,HK_MAINBOARD
HK.02610,南山铝业国际,100,STOCK,N/A,,N/A,,N/A,N/A,2025-03-25,86599425591858,False,N/A,False,,HK_MAINBOARD
HK.02611,国泰海通,200,STOCK,N/A,,N/A,,N/A,N/A,2017-04-11,74096775793203,False,N/A,False,,HK_MAINBOARD
HK.02613,汇舸环保,100,STOCK,N/A,,N/A,,N/A,N/A,2025-01-09,86273008077365,False,N/A,False,,HK_MAINBOARD
HK.02615,百利天恒,100,STOCK,N/A,,N/A,,N/A,N/A,1970-01-01,87608742906423,False,N/A,False,,HK_MAINBOARD
HK.02616,基石药业-B,500,STOCK,N/A,,N/A,,N/A,N/A,2019-02-26,77051713292856,False,N/A,False,,HK_MAINBOARD
HK.02617,药捷安康-B,500,STOCK,N/A,,N/A,,N/A,N/A,2025-06-23,86977382713913,False,N/A,False,,HK_MAINBOARD
HK.02618,京东物流,100,STOCK,N/A,,N/A,,N/A,N/A,2021-05-28,80586471377466,False,N/A,False,,HK_MAINBOARD
HK.02619,香江电器,1000,STOCK,N/A,,N/A,,N/A,N/A,2025-06-25,86994562583099,False,N/A,False,,HK_MAINBOARD
HK.02621,手回集团,400,STOCK,N/A,,N/A,,N/A,N/A,2025-05-30,86882893433405,False,N/A,False,,HK_MAINBOARD
HK.02623,爱德新能源,2000,STOCK,N/A,,N/A,,N/A,N/A,2012-04-27,66383014529599,False,N/A,False,,HK_MAINBOARD
HK.02625,江苏宏信,1000,STOCK,N/A,,N/A,,N/A,N/A,2025-03-31,86616605461057,False,N/A,False,,HK_MAINBOARD
HK.02627,中慧生物-B,200,STOCK,N/A,,N/A,,N/A,N/A,2025-08-11,87183541144131,False,N/A,False,,HK_MAINBOARD
HK.02628,中国人寿,1000,STOCK,N/A,,N/A,,N/A,N/A,2003-12-18,53270479374916,False,N/A,False,,HK_MAINBOARD
HK.02629,MIRXES-B,100,STOCK,N/A,,N/A,,N/A,N/A,2025-05-23,86852828662341,False,N/A,False,,HK_MAINBOARD
HK.02630,旺山旺水-B,200,STOCK,N/A,,N/A,,N/A,N/A,2025-11-06,87565793233478,False,N/A,False,,HK_MAINBOARD
HK.02631,天岳先进,100,STOCK,N/A,,N/A,,N/A,N/A,2025-08-20,87230785784391,False,N/A,False,,HK_MAINBOARD
HK.02633,雅各臣科研制药,2000,STOCK,N/A,,N/A,,N/A,N/A,2016-09-21,2633,False,N/A,False,,HK_MAINBOARD
HK.02635,诺比侃,50,STOCK,N/A,,N/A,,N/A,N/A,2025-12-23,87771951663691,False,N/A,False,,HK_MAINBOARD
HK.02637,海西新药,50,STOCK,N/A,,N/A,,N/A,N/A,2025-10-20,87484188854861,False,N/A,False,,HK_MAINBOARD
HK.02638,港灯-SS,500,STOCK,N/A,,N/A,,N/A,N/A,2014-01-29,69140383533646,False,N/A,False,,HK_MAINBOARD
HK.02643,曹操出行,100,STOCK,N/A,,N/A,,N/A,N/A,2025-06-25,86994562583123,False,N/A,False,,HK_MAINBOARD
HK.02648,安井食品,100,STOCK,N/A,,N/A,,N/A,N/A,2025-07-04,87028922321496,False,N/A,False,,HK_MAINBOARD
HK.02650,挚达科技,50,STOCK,N/A,,N/A,,N/A,N/A,2025-10-10,87445534149210,False,N/A,False,,HK_MAINBOARD
HK.02651,大众口腔,100,STOCK,N/A,,N/A,,N/A,N/A,2025-07-09,87050397157979,False,N/A,False,,HK_MAINBOARD
HK.02652,长风药业,500,STOCK,N/A,,N/A,,N/A,N/A,2025-10-08,87428354280028,False,N/A,False,,HK_MAINBOARD
HK.02655,果下科技,100,STOCK,N/A,,N/A,,N/A,N/A,2025-12-16,87741886892639,False,N/A,False,,HK_MAINBOARD
HK.02656,健康160,250,STOCK,N/A,,N/A,,N/A,N/A,2025-09-17,87355339836000,False,N/A,False,,HK_MAINBOARD
HK.02657,林清轩,50,STOCK,N/A,,N/A,,N/A,N/A,2025-12-30,87784836565601,False,N/A,False,,HK_MAINBOARD
HK.02658,天域半导体,50,STOCK,N/A,,N/A,,N/A,N/A,2025-12-05,87694642252386,False,N/A,False,,HK_MAINBOARD
HK.02659,宝济药业-B,100,STOCK,N/A,,N/A,,N/A,N/A,2025-12-10,87716117088867,False,N/A,False,,HK_MAINBOARD
HK.02660,禅游科技,2000,STOCK,N/A,,N/A,,N/A,N/A,2019-04-16,77257871723108,False,N/A,False,,HK_MAINBOARD
HK.02661,轻松健康,200,STOCK,N/A,,N/A,,N/A,N/A,2025-12-23,87771951663717,False,N/A,False,,HK_MAINBOARD
HK.02663,应力控股,10000,STOCK,N/A,,N/A,,N/A,N/A,2015-10-08,74998718925415,False,N/A,False,,HK_MAINBOARD
HK.02665,图达通,500,STOCK,N/A,,N/A,,N/A,N/A,2025-12-10,87630217742953,False,N/A,False,,HK_MAINBOARD
HK.02666,环球医疗,500,STOCK,N/A,,N/A,,N/A,N/A,2015-07-08,71395241364074,False,N/A,False,,HK_MAINBOARD
HK.02668,百德国际,10000,STOCK,N/A,,N/A,,N/A,N/A,2001-12-06,50083613641324,False,N/A,False,,HK_MAINBOARD
HK.02669,中海物业,5000,STOCK,N/A,,N/A,,N/A,N/A,2015-10-23,71854802864749,False,N/A,False,,HK_MAINBOARD
HK.02670,云迹,50,STOCK,N/A,,N/A,,N/A,N/A,2025-10-16,87479893887598,False,N/A,False,,HK_MAINBOARD
HK.02671,美联股份,300,STOCK,N/A,,N/A,,N/A,N/A,2025-12-30,87784836565615,False,N/A,False,,HK_MAINBOARD
HK.02675,精锋医疗-B,100,STOCK,N/A,,N/A,,N/A,N/A,2026-01-08,87836376173171,False,N/A,False,,HK_MAINBOARD
HK.02676,纳芯微,100,STOCK,N/A,,N/A,,N/A,N/A,2025-12-08,87698937219700,False,N/A,False,,HK_MAINBOARD
HK.02678,天虹国际集团,500,STOCK,N/A,,N/A,,N/A,N/A,2004-12-09,54803782699638,False,N/A,False,,HK_MAINBOARD
HK.02680,创陞控股,2000,STOCK,N/A,,N/A,,N/A,N/A,2018-09-14,76334453754488,False,N/A,False,,HK_MAINBOARD
HK.02682,润利海事,4000,STOCK,N/A,,N/A,,N/A,N/A,2019-03-18,76454712838778,False,N/A,False,,HK_MAINBOARD
HK.02683,华新手袋国际控股,2000,STOCK,N/A,,N/A,,N/A,N/A,2018-01-22,75333726374523,False,N/A,False,,HK_MAINBOARD
HK.02685,量化派,500,STOCK,N/A,,N/A,,N/A,N/A,2025-11-27,87660282514045,False,N/A,False,,HK_MAINBOARD
HK.02687,卓越睿新,100,STOCK,N/A,,N/A,,N/A,N/A,2025-12-08,87698937219711,False,N/A,False,,HK_MAINBOARD
HK.02688,新奥能源,100,STOCK,N/A,,N/A,,N/A,N/A,2002-06-03,50852412787328,False,N/A,False,,HK_MAINBOARD
HK.02689,玖龙纸业,1000,STOCK,N/A,,N/A,,N/A,N/A,2006-03-03,56732223015553,False,N/A,False,,HK_MAINBOARD
HK.02691,南华期货股份,500,STOCK,N/A,,N/A,,N/A,N/A,2025-12-22,87759066761859,False,N/A,False,,HK_MAINBOARD
HK.02693,金岩高岭新材,500,STOCK,N/A,,N/A,,N/A,N/A,2025-12-03,87686052317829,False,N/A,False,,HK_MAINBOARD
HK.02695,印象大红袍,1000,STOCK,N/A,,N/A,,N/A,N/A,2025-12-22,87759066761863,False,N/A,False,,HK_MAINBOARD
HK.02696,复宏汉霖,100,STOCK,N/A,,N/A,,N/A,N/A,2019-09-25,77953656425096,False,N/A,False,,HK_MAINBOARD
HK.02698,乐舒适,200,STOCK,N/A,,N/A,,N/A,N/A,2025-11-10,87578678135434,False,N/A,False,,HK_MAINBOARD
HK.02699,新明中国,2000,STOCK,N/A,,N/A,,N/A,N/A,2015-07-06,71386651429515,False,N/A,False,,HK_MAINBOARD
HK.02700,格林国际控股,20000,STOCK,N/A,,N/A,,N/A,N/A,2006-09-29,57634166147724,False,N/A,False,,HK_MAINBOARD
HK.02718,明略科技-W,40,STOCK,N/A,,N/A,,N/A,N/A,2025-11-03,87544318397086,False,N/A,False,,HK_MAINBOARD
HK.02722,重庆机电,2000,STOCK,N/A,,N/A,,N/A,N/A,2008-06-13,60309930773154,False,N/A,False,,HK_MAINBOARD
HK.02727,上海电气,2000,STOCK,N/A,,N/A,,N/A,N/A,2005-04-28,55405078121127,False,N/A,False,,HK_MAINBOARD
HK.02728,金泰能源控股,4000,STOCK,N/A,,N/A,,N/A,N/A,2005-07-14,55735790602920,False,N/A,False,,HK_MAINBOARD
HK.02738,华津国际控股,2000,STOCK,N/A,,N/A,,N/A,N/A,2016-04-15,72606422141618,False,N/A,False,,HK_MAINBOARD
HK.02772,中梁控股,500,STOCK,N/A,,N/A,,N/A,N/A,2019-07-16,77622943943380,False,N/A,False,,HK_MAINBOARD
HK.02777,富力地产,400,STOCK,N/A,,N/A,,N/A,N/A,2005-07-14,55735790602969,False,N/A,False,,HK_MAINBOARD
HK.02779,中国新华教育,1000,STOCK,N/A,,N/A,,N/A,N/A,2018-03-26,75604309314267,False,N/A,False,,HK_MAINBOARD
HK.02788,创新实业,500,STOCK,N/A,,N/A,,N/A,N/A,2025-11-24,87638807677668,False,N/A,False,,HK_MAINBOARD
HK.02789,远大中国,2000,STOCK,N/A,,N/A,,N/A,N/A,2011-05-17,64896955845349,False,N/A,False,,HK_MAINBOARD
HK.02798,久泰邦达能源,5000,STOCK,N/A,,N/A,,N/A,N/A,2018-12-12,76708115909358,False,N/A,False,,HK_MAINBOARD
HK.02799,中信金融资产,1000,STOCK,N/A,,N/A,,N/A,N/A,2015-10-30,71884867635951,False,N/A,False,,HK_MAINBOARD
HK.02858,易鑫集团,500,STOCK,N/A,,N/A,,N/A,N/A,2017-11-16,75054553500458,False,N/A,False,,HK_MAINBOARD
HK.02863,高丰集团控股,3000,STOCK,N/A,,N/A,,N/A,N/A,2017-08-11,74633646705455,False,N/A,False,,HK_MAINBOARD
HK.02865,钧达股份,100,STOCK,N/A,,N/A,,N/A,N/A,2025-05-08,86779814218545,False,N/A,False,,HK_MAINBOARD
HK.02866,中远海发,1000,STOCK,N/A,,N/A,,N/A,N/A,2004-06-16,54047868455730,False,N/A,False,,HK_MAINBOARD
HK.02869,绿城服务,2000,STOCK,N/A,,N/A,,N/A,N/A,2016-07-12,2869,False,N/A,False,,HK_MAINBOARD
HK.02877,神威药业,1000,STOCK,N/A,,N/A,,N/A,N/A,2004-12-02,54773717928765,False,N/A,False,,HK_MAINBOARD
HK.02878,晶门半导体,2000,STOCK,N/A,,N/A,,N/A,N/A,2004-04-08,53751515712318,False,N/A,False,,HK_MAINBOARD
HK.02880,辽港股份,2000,STOCK,N/A,,N/A,,N/A,N/A,2006-04-28,56972741184320,False,N/A,False,,HK_MAINBOARD
HK.02881,武汉有机,500,STOCK,N/A,,N/A,,N/A,N/A,2024-06-18,85383949847361,False,N/A,False,,HK_MAINBOARD
HK.02882,金至尊集团,5000,STOCK,N/A,,N/A,,N/A,N/A,2003-06-30,52536039967554,False,N/A,False,,HK_MAINBOARD
HK.02883,中海油田服务,2000,STOCK,N/A,,N/A,,N/A,N/A,2002-11-20,51582557227843,False,N/A,False,,HK_MAINBOARD
HK.02885,彼岸控股,2000,STOCK,N/A,,N/A,,N/A,N/A,2019-01-11,76858439764805,False,N/A,False,,HK_MAINBOARD
HK.02886,滨海投资,2000,STOCK,N/A,,N/A,,N/A,N/A,2000-03-16,47377784245062,False,N/A,False,,HK_MAINBOARD
HK.02888,渣打集团,50,STOCK,N/A,,N/A,,N/A,N/A,2002-10-31,51496657881928,False,N/A,False,,HK_MAINBOARD
HK.02889,博泰车联,20,STOCK,N/A,,N/A,,N/A,N/A,2025-09-30,87411174411081,False,N/A,False,,HK_MAINBOARD
HK.02892,万城控股,2000,STOCK,N/A,,N/A,,N/A,N/A,2018-12-20,76768245451596,False,N/A,False,,HK_MAINBOARD
HK.02898,盛禾生物-B,200,STOCK,N/A,,N/A,,N/A,N/A,2024-05-24,85289460566866,False,N/A,False,,HK_MAINBOARD
HK.02899,紫金矿业,2000,STOCK,N/A,,N/A,,N/A,N/A,2003-12-23,53291954211667,False,N/A,False,,HK_MAINBOARD
HK.02914,鼎丰集团汽车,500,STOCK,N/A,,N/A,,N/A,N/A,2024-12-03,86139864091490,False,N/A,False,,HK_MAINBOARD
HK.02915,帝王国际投资,4000,STOCK,N/A,,N/A,,N/A,N/A,1970-01-01,84838489000803,False,N/A,False,,HK_MAINBOARD
HK.02933,满地科技股份,1000,STOCK,N/A,,N/A,,N/A,N/A,2025-02-11,86440511802229,False,N/A,False,,HK_MAINBOARD
HK.02962,澳门励骏股权,4000,STOCK,N/A,,N/A,,N/A,N/A,1970-01-01,87840671140754,False,N/A,False,,HK_MAINBOARD
HK.02964,多想云股权,1000,STOCK,N/A,,N/A,,N/A,N/A,1970-01-01,87729001991060,False,N/A,False,,HK_MAINBOARD
HK.02975,火岩控股股权,2000,STOCK,N/A,,N/A,,N/A,N/A,1970-01-01,87664577481631,False,N/A,False,,HK_MAINBOARD
HK.02980,中国汽车内饰股权,10000,STOCK,N/A,,N/A,,N/A,N/A,1970-01-01,87694642252708,False,N/A,False,,HK_MAINBOARD
HK.02981,正味集团(旧),200,STOCK,N/A,,N/A,,N/A,N/A,1970-01-01,87806311402405,False,N/A,False,,HK_MAINBOARD
HK.02982,创联控股(旧),400,STOCK,N/A,,N/A,,N/A,N/A,1970-01-01,87836376173478,False,N/A,False,,HK_MAINBOARD
HK.02983,中加国信股权,10000,STOCK,N/A,,N/A,,N/A,N/A,1970-01-01,87720412056487,False,N/A,False,,HK_MAINBOARD
HK.02985,佰达国际控股-旧,400,STOCK,N/A,,N/A,,N/A,N/A,1970-01-01,87720412056489,False,N/A,False,,HK_MAINBOARD
HK.02986,飞天云动(旧),50,STOCK,N/A,,N/A,,N/A,N/A,1970-01-01,87720412056490,False,N/A,False,,HK_MAINBOARD
HK.02990,弘毅文化集团-旧,1000,STOCK,N/A,,N/A,,N/A,N/A,1970-01-01,87746181860270,False,N/A,False,,HK_MAINBOARD
HK.02991,CMON-OLD,2000,STOCK,N/A,,N/A,,N/A,N/A,1970-01-01,87746181860271,False,N/A,False,,HK_MAINBOARD
HK.02992,域能控股股权,1000,STOCK,N/A,,N/A,,N/A,N/A,1970-01-01,87832081206192,False,N/A,False,,HK_MAINBOARD
HK.02993,铸帝控股(旧),1000,STOCK,N/A,,N/A,,N/A,N/A,1970-01-01,87759066762161,False,N/A,False,,HK_MAINBOARD
HK.02995,铁货股权,4000,STOCK,N/A,,N/A,,N/A,N/A,1970-01-01,87840671140787,False,N/A,False,,HK_MAINBOARD
HK.02996,协同通信股权,6400,STOCK,N/A,,N/A,,N/A,N/A,1970-01-01,87840671140788,False,N/A,False,,HK_MAINBOARD
HK.02997,汛和集团股权,20000,STOCK,N/A,,N/A,,N/A,N/A,1970-01-01,87879325846453,False,N/A,False,,HK_MAINBOARD
HK.02998,中国供应链产业,500,STOCK,N/A,,N/A,,N/A,N/A,1970-01-01,87879325846454,False,N/A,False,,HK_MAINBOARD
HK.02999,嘉艺控股股权,8000,STOCK,N/A,,N/A,,N/A,N/A,1970-01-01,87909390617527,False,N/A,False,,HK_MAINBOARD
HK.03288,海天味业,100,STOCK,N/A,,N/A,,N/A,N/A,2025-06-19,86968792779992,False,N/A,False,,HK_MAINBOARD
HK.03300,中国玻璃,2000,STOCK,N/A,,N/A,,N/A,N/A,2005-06-23,55645596290276,False,N/A,False,,HK_MAINBOARD
HK.03301,融信中国,500,STOCK,N/A,,N/A,,N/A,N/A,2016-01-13,3301,False,N/A,False,,HK_MAINBOARD
HK.03302,精技集团,2000,STOCK,N/A,,N/A,,N/A,N/A,2018-07-18,76081050684646,False,N/A,False,,HK_MAINBOARD
HK.03303,巨涛海洋石油服务,2000,STOCK,N/A,,N/A,,N/A,N/A,2006-09-21,57599806409959,False,N/A,False,,HK_MAINBOARD
HK.03306,江南布衣,500,STOCK,N/A,,N/A,,N/A,N/A,2016-10-31,3306,False,N/A,False,,HK_MAINBOARD
HK.03309,希玛医疗,2000,STOCK,N/A,,N/A,,N/A,N/A,2018-01-15,75282186767597,False,N/A,False,,HK_MAINBOARD
HK.03311,中国建筑国际,2000,STOCK,N/A,,N/A,,N/A,N/A,2005-07-08,55710020799727,False,N/A,False,,HK_MAINBOARD
HK.03313,雅高控股,10000,STOCK,N/A,,N/A,,N/A,N/A,2013-12-30,69011534515441,False,N/A,False,,HK_MAINBOARD
HK.03315,金邦达宝嘉,1000,STOCK,N/A,,N/A,,N/A,N/A,2013-12-04,68899865365747,False,N/A,False,,HK_MAINBOARD
HK.03316,滨江服务,500,STOCK,N/A,,N/A,,N/A,N/A,2019-03-15,77111842835700,False,N/A,False,,HK_MAINBOARD
HK.03317,迅策,100,STOCK,N/A,,N/A,,N/A,N/A,2025-12-30,87784836566261,False,N/A,False,,HK_MAINBOARD
HK.03318,中国波顿,2000,STOCK,N/A,,N/A,,N/A,N/A,2005-12-09,56371445763318,False,N/A,False,,HK_MAINBOARD
HK.03319,雅生活服务,250,STOCK,N/A,,N/A,,N/A,N/A,2018-02-09,75415330753783,False,N/A,False,,HK_MAINBOARD
HK.03320,华润医药,500,STOCK,N/A,,N/A,,N/A,N/A,2016-10-28,3320,False,N/A,False,,HK_MAINBOARD
HK.03321,伟鸿集团控股,2500,STOCK,N/A,,N/A,,N/A,N/A,2019-04-23,77236396887289,False,N/A,False,,HK_MAINBOARD
HK.03322,永嘉集团,2000,STOCK,N/A,,N/A,,N/A,N/A,2006-09-06,57535381900538,False,N/A,False,,HK_MAINBOARD
HK.03323,中国建材,2000,STOCK,N/A,,N/A,,N/A,N/A,2006-03-23,56818122362107,False,N/A,False,,HK_MAINBOARD
HK.03328,交通银行,1000,STOCK,N/A,,N/A,,N/A,N/A,2005-06-23,55645596290304,False,N/A,False,,HK_MAINBOARD
HK.03329,交银国际,1000,STOCK,N/A,,N/A,,N/A,N/A,2017-05-19,74259984551169,False,N/A,False,,HK_MAINBOARD
HK.03330,灵宝黄金,1000,STOCK,N/A,,N/A,,N/A,N/A,2006-01-12,56517474651394,False,N/A,False,,HK_MAINBOARD
HK.03332,中生联合,2000,STOCK,N/A,,N/A,,N/A,N/A,2014-01-15,69080253992196,False,N/A,False,,HK_MAINBOARD
HK.03336,巨腾国际,2000,STOCK,N/A,,N/A,,N/A,N/A,2005-11-03,56216826940680,False,N/A,False,,HK_MAINBOARD
HK.03337,安东油田服务,2000,STOCK,N/A,,N/A,,N/A,N/A,2007-12-14,59528246725897,False,N/A,False,,HK_MAINBOARD
HK.03339,中国龙工,1000,STOCK,N/A,,N/A,,N/A,N/A,2005-11-17,56276956482827,False,N/A,False,,HK_MAINBOARD
HK.03347,泰格医药,100,STOCK,N/A,,N/A,,N/A,N/A,2020-08-07,79328045960467,False,N/A,False,,HK_MAINBOARD
HK.03348,中国鹏飞集团,2000,STOCK,N/A,,N/A,,N/A,N/A,2019-11-15,78164109823252,False,N/A,False,,HK_MAINBOARD
HK.03360,远东宏信,1000,STOCK,N/A,,N/A,,N/A,N/A,2011-03-30,64690797415712,False,N/A,False,,HK_MAINBOARD
HK.03363,正业国际,2000,STOCK,N/A,,N/A,,N/A,N/A,2011-06-03,64969970289955,False,N/A,False,,HK_MAINBOARD
HK.03366,华侨城(亚洲),2000,STOCK,N/A,,N/A,,N/A,N/A,2005-11-02,56212531973414,False,N/A,False,,HK_MAINBOARD
HK.03368,百盛集团,500,STOCK,N/A,,N/A,,N/A,N/A,2005-11-30,56332791057704,False,N/A,False,,HK_MAINBOARD
HK.03369,秦港股份,500,STOCK,N/A,,N/A,,N/A,N/A,2013-12-12,68934225104169,False,N/A,False,,HK_MAINBOARD
HK.03377,远洋集团,500,STOCK,N/A,,N/A,,N/A,N/A,2007-09-28,59197534244145,False,N/A,False,,HK_MAINBOARD
HK.03378,翰思艾泰-B,100,STOCK,N/A,,N/A,,N/A,N/A,2025-12-23,87771951664434,False,N/A,False,,HK_MAINBOARD
HK.03380,龙光集团,1000,STOCK,N/A,,N/A,,N/A,N/A,2013-12-20,68968584842548,False,N/A,False,,HK_MAINBOARD
HK.03382,天津港发展,2000,STOCK,N/A,,N/A,,N/A,N/A,2006-05-24,57084410334518,False,N/A,False,,HK_MAINBOARD
HK.03383,雅居乐集团,2000,STOCK,N/A,,N/A,,N/A,N/A,2005-12-15,56397215567159,False,N/A,False,,HK_MAINBOARD
HK.03389,亨得利,4000,STOCK,N/A,,N/A,,N/A,N/A,2005-09-26,56053618183485,False,N/A,False,,HK_MAINBOARD
HK.03390,满贯集团,2000,STOCK,N/A,,N/A,,N/A,N/A,2020-04-15,78812649884990,False,N/A,False,,HK_MAINBOARD
HK.03393,威胜控股,2000,STOCK,N/A,,N/A,,N/A,N/A,2005-12-19,56414395436353,False,N/A,False,,HK_MAINBOARD
HK.03395,吉星新能源,1000,STOCK,N/A,,N/A,,N/A,N/A,2017-03-10,73976516709699,False,N/A,False,,HK_MAINBOARD
HK.03396,联想控股,100,STOCK,N/A,,N/A,,N/A,N/A,2015-06-29,71356586659140,False,N/A,False,,HK_MAINBOARD
HK.03398,华鼎控股,2000,STOCK,N/A,,N/A,,N/A,N/A,2005-12-15,56397215567174,False,N/A,False,,HK_MAINBOARD
HK.03399,粤运交通,1000,STOCK,N/A,,N/A,,N/A,N/A,2005-10-26,56182467202375,False,N/A,False,,HK_MAINBOARD
HK.03600,现代牙科,1000,STOCK,N/A,,N/A,,N/A,N/A,2015-12-15,3600,False,N/A,False,,HK_MAINBOARD
HK.03601,鲁大师,1000,STOCK,N/A,,N/A,,N/A,N/A,2019-10-10,78013785968145,False,N/A,False,,HK_MAINBOARD
HK.03603,信基沙溪,3000,STOCK,N/A,,N/A,,N/A,N/A,2019-11-08,78138340019731,False,N/A,False,,HK_MAINBOARD
HK.03606,福耀玻璃,400,STOCK,N/A,,N/A,,N/A,N/A,2015-03-31,70970039602710,False,N/A,False,,HK_MAINBOARD
HK.03613,同仁堂国药,1000,STOCK,N/A,,N/A,,N/A,N/A,2013-05-07,75926431862301,False,N/A,False,,HK_MAINBOARD
HK.03616,恒达集团控股,2000,STOCK,N/A,,N/A,,N/A,N/A,2018-11-12,76592151793184,False,N/A,False,,HK_MAINBOARD
HK.03618,重庆农村商业银行,1000,STOCK,N/A,,N/A,,N/A,N/A,2010-12-16,64244120817186,False,N/A,False,,HK_MAINBOARD
HK.03623,中国金融发展,2000,STOCK,N/A,,N/A,,N/A,N/A,2013-11-13,68809671052839,False,N/A,False,,HK_MAINBOARD
HK.03626,启明东方控股,2000,STOCK,N/A,,N/A,,N/A,N/A,2016-05-18,72748156063274,False,N/A,False,,HK_MAINBOARD
HK.03628,仁恒实业控股,4000,STOCK,N/A,,N/A,,N/A,N/A,2011-11-18,65691524795948,False,N/A,False,,HK_MAINBOARD
HK.03633,中裕能源,1000,STOCK,N/A,,N/A,,N/A,N/A,2001-06-05,49293339659825,False,N/A,False,,HK_MAINBOARD
HK.03636,金浔资源,200,STOCK,N/A,,N/A,,N/A,N/A,2026-01-09,87840671141428,False,N/A,False,,HK_MAINBOARD
HK.03638,亨利加集团,1000,STOCK,N/A,,N/A,,N/A,N/A,2013-09-09,3638,False,N/A,False,,HK_MAINBOARD
HK.03639,亿达中国,2000,STOCK,N/A,,N/A,,N/A,N/A,2014-06-27,69780333661751,False,N/A,False,,HK_MAINBOARD
HK.03650,KEEP,100,STOCK,N/A,,N/A,,N/A,N/A,2023-07-12,83910776065602,False,N/A,False,,HK_MAINBOARD
HK.03658,新希望服务,1000,STOCK,N/A,,N/A,,N/A,N/A,2021-05-25,80560701574730,False,N/A,False,,HK_MAINBOARD
HK.03660,奇富科技-S,50,STOCK,N/A,,N/A,,N/A,N/A,2022-11-29,82948703391308,False,N/A,False,,HK_MAINBOARD
HK.03662,星悦康旅,1000,STOCK,N/A,,N/A,,N/A,N/A,2019-03-18,77111842836046,False,N/A,False,,HK_MAINBOARD
HK.03666,上海小南国,2000,STOCK,N/A,,N/A,,N/A,N/A,2012-07-04,66675072306770,False,N/A,False,,HK_MAINBOARD
HK.03668,兖煤澳大利亚,100,STOCK,N/A,,N/A,,N/A,N/A,2018-12-06,76708115910228,False,N/A,False,,HK_MAINBOARD
HK.03669,永达汽车,500,STOCK,N/A,,N/A,,N/A,N/A,2012-07-12,66709432045141,False,N/A,False,,HK_MAINBOARD
HK.03677,正力新能,300,STOCK,N/A,,N/A,,N/A,N/A,2025-04-14,86672440036957,False,N/A,False,,HK_MAINBOARD
HK.03678,弘业期货,1000,STOCK,N/A,,N/A,,N/A,N/A,2015-12-30,3678,False,N/A,False,,HK_MAINBOARD
HK.03680,瑞和数智,2000,STOCK,N/A,,N/A,,N/A,N/A,2019-12-13,78284368907872,False,N/A,False,,HK_MAINBOARD
HK.03681,中国抗体-B,300,STOCK,N/A,,N/A,,N/A,N/A,2019-11-12,78164109823585,False,N/A,False,,HK_MAINBOARD
HK.03682,劲投国际,1000,STOCK,N/A,,N/A,,N/A,N/A,2017-07-07,74487617818210,False,N/A,False,,HK_MAINBOARD
HK.03683,荣丰亿控股,2500,STOCK,N/A,,N/A,,N/A,N/A,2010-10-11,63960652975715,False,N/A,False,,HK_MAINBOARD
HK.03686,祈福生活服务,10000,STOCK,N/A,,N/A,,N/A,N/A,2016-11-08,3686,False,N/A,False,,HK_MAINBOARD
HK.03688,莱蒙国际,500,STOCK,N/A,,N/A,,N/A,N/A,2011-03-23,64660732644968,False,N/A,False,,HK_MAINBOARD
HK.03689,康华医疗,200,STOCK,N/A,,N/A,,N/A,N/A,2016-11-08,3689,False,N/A,False,,HK_MAINBOARD
HK.03690,美团-W,100,STOCK,N/A,,N/A,,N/A,N/A,2018-09-20,76364518526570,False,N/A,False,,HK_MAINBOARD
HK.03692,翰森制药,2000,STOCK,N/A,,N/A,,N/A,N/A,2019-06-14,77506979827308,False,N/A,False,,HK_MAINBOARD
HK.03696,英矽智能,500,STOCK,N/A,,N/A,,N/A,N/A,2025-12-30,87784836566640,False,N/A,False,,HK_MAINBOARD
HK.03698,徽商银行,1000,STOCK,N/A,,N/A,,N/A,N/A,2013-11-12,68805376085618,False,N/A,False,,HK_MAINBOARD
HK.03699,光大永年,2000,STOCK,N/A,,N/A,,N/A,N/A,2018-01-16,75282186767987,False,N/A,False,,HK_MAINBOARD
HK.03700,映宇宙,1000,STOCK,N/A,,N/A,,N/A,N/A,2018-07-12,76059575848564,False,N/A,False,,HK_MAINBOARD
HK.03708,中国供应链产业,5000,STOCK,N/A,,N/A,,N/A,N/A,2015-01-14,70643622088316,False,N/A,False,,HK_MAINBOARD
HK.03709,赢家时尚,500,STOCK,N/A,,N/A,,N/A,N/A,2014-06-27,69780333661821,False,N/A,False,,HK_MAINBOARD
HK.03718,北控城市资源,4000,STOCK,N/A,,N/A,,N/A,N/A,2020-01-15,78421807861382,False,N/A,False,,HK_MAINBOARD
HK.03728,正利控股,20000,STOCK,N/A,,N/A,,N/A,N/A,2016-03-29,74844100103824,False,N/A,False,,HK_MAINBOARD
HK.03737,中智药业,1000,STOCK,N/A,,N/A,,N/A,N/A,2015-07-13,71416716201625,False,N/A,False,,HK_MAINBOARD
HK.03738,阜博集团,1000,STOCK,N/A,,N/A,,N/A,N/A,2018-01-04,75234942127770,False,N/A,False,,HK_MAINBOARD
HK.03750,宁德时代,100,STOCK,N/A,,N/A,,N/A,N/A,2025-05-20,86839943761574,False,N/A,False,,HK_MAINBOARD
HK.03759,康龙化成,100,STOCK,N/A,,N/A,,N/A,N/A,2019-11-28,78224239365807,False,N/A,False,,HK_MAINBOARD
HK.03768,滇池水务,1000,STOCK,N/A,,N/A,,N/A,N/A,2017-04-06,74079595925176,False,N/A,False,,HK_MAINBOARD
HK.03773,银盛数惠,2000,STOCK,N/A,,N/A,,N/A,N/A,2016-01-07,3773,False,N/A,False,,HK_MAINBOARD
HK.03778,中国织材控股,2000,STOCK,N/A,,N/A,,N/A,N/A,2011-12-22,65837553684162,False,N/A,False,,HK_MAINBOARD
HK.03788,中国罕王,1000,STOCK,N/A,,N/A,,N/A,N/A,2011-09-30,65481071398604,False,N/A,False,,HK_MAINBOARD
HK.03789,御佳控股,4000,STOCK,N/A,,N/A,,N/A,N/A,2017-02-08,73830487822029,False,N/A,False,,HK_MAINBOARD
HK.03798,家乡互动,2000,STOCK,N/A,,N/A,,N/A,N/A,2019-07-04,77584289238742,False,N/A,False,,HK_MAINBOARD
HK.03800,协鑫科技,1000,STOCK,N/A,,N/A,,N/A,N/A,2007-11-13,59395102740184,False,N/A,False,,HK_MAINBOARD
HK.03808,中国重汽,500,STOCK,N/A,,N/A,,N/A,N/A,2007-11-28,59459527249632,False,N/A,False,,HK_MAINBOARD
HK.03813,宝胜国际,1000,STOCK,N/A,,N/A,,N/A,N/A,2008-06-06,60279866003173,False,N/A,False,,HK_MAINBOARD
HK.03816,KFM金德,4000,STOCK,N/A,,N/A,,N/A,N/A,2012-10-15,67117453938408,False,N/A,False,,HK_MAINBOARD
HK.03818,中国动向,1000,STOCK,N/A,,N/A,,N/A,N/A,2007-10-10,59249073852138,False,N/A,False,,HK_MAINBOARD
HK.03822,三和建筑集团,4000,STOCK,N/A,,N/A,,N/A,N/A,2014-10-16,70257075031790,False,N/A,False,,HK_MAINBOARD
HK.03828,明辉国际,1000,STOCK,N/A,,N/A,,N/A,N/A,2007-11-02,59347858099956,False,N/A,False,,HK_MAINBOARD
HK.03830,童园国际,5000,STOCK,N/A,,N/A,,N/A,N/A,2017-09-21,74814035332854,False,N/A,False,,HK_MAINBOARD
HK.03833,新疆新鑫矿业,1000,STOCK,N/A,,N/A,,N/A,N/A,2007-10-12,59257663786745,False,N/A,False,,HK_MAINBOARD
HK.03836,和谐汽车,500,STOCK,N/A,,N/A,,N/A,N/A,2013-06-13,68152541056764,False,N/A,False,,HK_MAINBOARD
HK.03838,中国淀粉,5000,STOCK,N/A,,N/A,,N/A,N/A,2007-09-27,59193239277310,False,N/A,False,,HK_MAINBOARD
HK.03839,正大企业国际,500,STOCK,N/A,,N/A,,N/A,N/A,2015-07-03,71373766528767,False,N/A,False,,HK_MAINBOARD
HK.03848,浩森金融科技,1000,STOCK,N/A,,N/A,,N/A,N/A,2017-07-21,74491912785672,False,N/A,False,,HK_MAINBOARD
HK.03858,佳鑫国际资源,400,STOCK,N/A,,N/A,,N/A,N/A,2025-08-28,87269440491282,False,N/A,False,,HK_MAINBOARD
HK.03860,EPS创健科技,5000,STOCK,N/A,,N/A,,N/A,N/A,2017-05-31,78340203482900,False,N/A,False,,HK_MAINBOARD
HK.03866,青岛银行,500,STOCK,N/A,,N/A,,N/A,N/A,2015-12-03,3866,False,N/A,False,,HK_MAINBOARD
HK.03868,信义能源,2000,STOCK,N/A,,N/A,,N/A,N/A,2019-05-28,76768245452572,False,N/A,False,,HK_MAINBOARD
HK.03869,弘和仁爱医疗,200,STOCK,N/A,,N/A,,N/A,N/A,2017-03-16,73976516710173,False,N/A,False,,HK_MAINBOARD
HK.03877,中国船舶租赁,2000,STOCK,N/A,,N/A,,N/A,N/A,2019-06-17,77494094925605,False,N/A,False,,HK_MAINBOARD
HK.03878,VICON HOLDINGS,2000,STOCK,N/A,,N/A,,N/A,N/A,2017-12-22,75209172324134,False,N/A,False,,HK_MAINBOARD
HK.03880,泰德医药,100,STOCK,N/A,,N/A,,N/A,N/A,2025-06-30,87007447486248,False,N/A,False,,HK_MAINBOARD
HK.03881,希迪智驾,10,STOCK,N/A,,N/A,,N/A,N/A,2025-12-19,87754771795753,False,N/A,False,,HK_MAINBOARD
HK.03882,天彩控股,1000,STOCK,N/A,,N/A,,N/A,N/A,2015-07-02,71369471561514,False,N/A,False,,HK_MAINBOARD
HK.03883,中国奥园,1000,STOCK,N/A,,N/A,,N/A,N/A,2007-10-09,59244778884907,False,N/A,False,,HK_MAINBOARD
HK.03886,康健国际医疗,2000,STOCK,N/A,,N/A,,N/A,N/A,2000-10-18,48305497181998,False,N/A,False,,HK_MAINBOARD
HK.03887,HASHKEY HLDGS,400,STOCK,N/A,,N/A,,N/A,N/A,2025-12-17,87746181861167,False,N/A,False,,HK_MAINBOARD
HK.03888,金山软件,200,STOCK,N/A,,N/A,,N/A,N/A,2007-10-09,59244778884912,False,N/A,False,,HK_MAINBOARD
HK.03889,大成玉米集团,2000,STOCK,N/A,,N/A,,N/A,N/A,2007-09-20,59163174506289,False,N/A,False,,HK_MAINBOARD
HK.03893,易纬集团,12000,STOCK,N/A,,N/A,,N/A,N/A,2016-09-12,3893,False,N/A,False,,HK_MAINBOARD
HK.03896,金山云,2000,STOCK,N/A,,N/A,,N/A,N/A,2022-12-30,83099027246904,False,N/A,False,,HK_MAINBOARD
HK.03898,时代电气,100,STOCK,N/A,,N/A,,N/A,N/A,2006-12-20,57986353467194,False,N/A,False,,HK_MAINBOARD
HK.03899,中集安瑞科,2000,STOCK,N/A,,N/A,,N/A,N/A,2006-07-20,57329223470907,False,N/A,False,,HK_MAINBOARD
HK.03900,绿城中国,500,STOCK,N/A,,N/A,,N/A,N/A,2006-07-13,57299158699836,False,N/A,False,,HK_MAINBOARD
HK.03903,瀚华金控,2000,STOCK,N/A,,N/A,,N/A,N/A,2014-06-19,69745973923647,False,N/A,False,,HK_MAINBOARD
HK.03908,中金公司,400,STOCK,N/A,,N/A,,N/A,N/A,2015-11-09,3908,False,N/A,False,,HK_MAINBOARD
HK.03913,合景悠活,1000,STOCK,N/A,,N/A,,N/A,N/A,2020-10-30,79684528246601,False,N/A,False,,HK_MAINBOARD
HK.03918,金界控股,2000,STOCK,N/A,,N/A,,N/A,N/A,2006-10-19,57720065494862,False,N/A,False,,HK_MAINBOARD
HK.03919,金力集团,4000,STOCK,N/A,,N/A,,N/A,N/A,2015-06-05,75071733370703,False,N/A,False,,HK_MAINBOARD
HK.03928,中国新零售供应链,2000,STOCK,N/A,,N/A,,N/A,N/A,2019-09-19,77893526884184,False,N/A,False,,HK_MAINBOARD
HK.03931,中创新航,100,STOCK,N/A,,N/A,,N/A,N/A,2022-10-06,82708185223003,False,N/A,False,,HK_MAINBOARD
HK.03933,联邦制药,2000,STOCK,N/A,,N/A,,N/A,N/A,2007-06-15,58746562678621,False,N/A,False,,HK_MAINBOARD
HK.03938,LFG投资控股,2000,STOCK,N/A,,N/A,,N/A,N/A,2019-09-30,77975131262818,False,N/A,False,,HK_MAINBOARD
HK.03939,万国黄金集团,500,STOCK,N/A,,N/A,,N/A,N/A,2012-07-10,66700842110819,False,N/A,False,,HK_MAINBOARD
HK.03958,东方证券,400,STOCK,N/A,,N/A,,N/A,N/A,2016-07-08,3958,False,N/A,False,,HK_MAINBOARD
HK.03963,融众金融,10000,STOCK,N/A,,N/A,,N/A,N/A,2016-01-28,3963,False,N/A,False,,HK_MAINBOARD
HK.03968,招商银行,500,STOCK,N/A,,N/A,,N/A,N/A,2006-09-22,57604101377920,False,N/A,False,,HK_MAINBOARD
HK.03969,中国通号,1000,STOCK,N/A,,N/A,,N/A,N/A,2015-08-07,71524090384257,False,N/A,False,,HK_MAINBOARD
HK.03978,卓越教育集团,1000,STOCK,N/A,,N/A,,N/A,N/A,2018-12-27,76776835387274,False,N/A,False,,HK_MAINBOARD
HK.03983,中海石油化学,2000,STOCK,N/A,,N/A,,N/A,N/A,2006-09-29,57634166149007,False,N/A,False,,HK_MAINBOARD
HK.03986,兆易创新,100,STOCK,N/A,,N/A,,N/A,N/A,2026-01-13,87840671141778,False,N/A,False,,HK_MAINBOARD
HK.03988,中国银行,1000,STOCK,N/A,,N/A,,N/A,N/A,2006-06-01,57118770073492,False,N/A,False,,HK_MAINBOARD
HK.03989,首创环境,2000,STOCK,N/A,,N/A,,N/A,N/A,2006-07-13,57299158699925,False,N/A,False,,HK_MAINBOARD
HK.03990,美的置业,200,STOCK,N/A,,N/A,,N/A,N/A,2018-10-11,76454712840086,False,N/A,False,,HK_MAINBOARD
HK.03991,长虹佳华,2000,STOCK,N/A,,N/A,,N/A,N/A,2000-01-24,78756815310743,False,N/A,False,,HK_MAINBOARD
HK.03993,洛阳钼业,3000,STOCK,N/A,,N/A,,N/A,N/A,2007-04-26,58531814313881,False,N/A,False,,HK_MAINBOARD
HK.03996,中国能源建设,2000,STOCK,N/A,,N/A,,N/A,N/A,2015-12-10,3996,False,N/A,False,,HK_MAINBOARD
HK.03997,电讯首科,2000,STOCK,N/A,,N/A,,N/A,N/A,2013-05-30,75655848923037,False,N/A,False,,HK_MAINBOARD
HK.03998,波司登,2000,STOCK,N/A,,N/A,,N/A,N/A,2007-10-11,59253368819614,False,N/A,False,,HK_MAINBOARD
HK.03999,大成食品,1000,STOCK,N/A,,N/A,,N/A,N/A,2007-10-04,59223304048543,False,N/A,False,,HK_MAINBOARD
HK.04332,AMGEN-T,10,STOCK,N/A,,N/A,,N/A,N/A,2000-05-31,47704201761004,False,N/A,False,,HK_HKEX
HK.04333,思科-T,10,STOCK,N/A,,N/A,,N/A,N/A,2000-05-31,47704201761005,False,N/A,False,,HK_HKEX
HK.04335,英特尔-T,10,STOCK,N/A,,N/A,,N/A,N/A,2000-05-31,47704201761007,False,N/A,False,,HK_HKEX
HK.04336,应用材料-T,10,STOCK,N/A,,N/A,,N/A,N/A,2000-05-31,47704201761008,False,N/A,False,,HK_HKEX
HK.04337,星巴克-T,20,STOCK,N/A,,N/A,,N/A,N/A,2000-05-31,47704201761009,False,N/A,False,,HK_HKEX
HK.04338,微软-T,10,STOCK,N/A,,N/A,,N/A,N/A,2000-05-31,47704201761010,False,N/A,False,,HK_HKEX
HK.04621,CINDA 21USDPREF,10000,STOCK,N/A,,N/A,,N/A,N/A,2021-11-04,81320910787085,False,N/A,False,,HK_MAINBOARD
HK.06030,中信证券,500,STOCK,N/A,,N/A,,N/A,N/A,2011-10-06,65506841204622,False,N/A,False,,HK_MAINBOARD
HK.06031,三一重工,200,STOCK,N/A,,N/A,,N/A,N/A,2025-10-28,87531433498511,False,N/A,False,,HK_MAINBOARD
HK.06033,电讯数码控股,1000,STOCK,N/A,,N/A,,N/A,N/A,2014-05-30,74281459390353,False,N/A,False,,HK_MAINBOARD
HK.06036,光丽科技,5000,STOCK,N/A,,N/A,,N/A,N/A,2018-03-16,75544179775380,False,N/A,False,,HK_MAINBOARD
HK.06038,信越控股,10000,STOCK,N/A,,N/A,,N/A,N/A,2017-06-13,74345883899798,False,N/A,False,,HK_MAINBOARD
HK.06049,保利物业,200,STOCK,N/A,,N/A,,N/A,N/A,2019-12-19,78331613550497,False,N/A,False,,HK_MAINBOARD
HK.06055,中烟香港,1000,STOCK,N/A,,N/A,,N/A,N/A,2019-06-12,77494094927783,False,N/A,False,,HK_MAINBOARD
HK.06058,兴证国际,2000,STOCK,N/A,,N/A,,N/A,N/A,2016-10-20,76867029702570,False,N/A,False,,HK_MAINBOARD
HK.06060,众安在线,100,STOCK,N/A,,N/A,,N/A,N/A,2017-09-28,74844100106156,False,N/A,False,,HK_MAINBOARD
HK.06063,智中国际,8000,STOCK,N/A,,N/A,,N/A,N/A,2020-04-15,78812649887663,False,N/A,False,,HK_MAINBOARD
HK.06066,中信建投证券,500,STOCK,N/A,,N/A,,N/A,N/A,2016-12-09,6066,False,N/A,False,,HK_MAINBOARD
HK.06068,光正教育,2000,STOCK,N/A,,N/A,,N/A,N/A,2017-01-26,73791833118644,False,N/A,False,,HK_MAINBOARD
HK.06069,盛业,500,STOCK,N/A,,N/A,,N/A,N/A,2017-07-06,78129750087605,False,N/A,False,,HK_MAINBOARD
HK.06078,海吉亚医疗,200,STOCK,N/A,,N/A,,N/A,N/A,2020-06-29,79147657336766,False,N/A,False,,HK_MAINBOARD
HK.06080,荣智控股,6000,STOCK,N/A,,N/A,,N/A,N/A,2017-10-20,74912819582912,False,N/A,False,,HK_MAINBOARD
HK.06082,壁仞科技,200,STOCK,N/A,,N/A,,N/A,N/A,2026-01-02,87802016438210,False,N/A,False,,HK_MAINBOARD
HK.06083,环宇物流(亚洲),4000,STOCK,N/A,,N/A,,N/A,N/A,2015-12-29,75093208209347,False,N/A,False,,HK_MAINBOARD
HK.06086,方舟健客,500,STOCK,N/A,,N/A,,N/A,N/A,2024-07-09,85474144163782,False,N/A,False,,HK_MAINBOARD
HK.06088,FIT HON TENG,1000,STOCK,N/A,,N/A,,N/A,N/A,2017-07-13,74496207755208,False,N/A,False,,HK_MAINBOARD
HK.06090,不同集团,100,STOCK,N/A,,N/A,,N/A,N/A,2025-09-23,87381109643210,False,N/A,False,,HK_MAINBOARD
HK.06093,和泓服务,2000,STOCK,N/A,,N/A,,N/A,N/A,2019-07-12,77622943946701,False,N/A,False,,HK_MAINBOARD
HK.06098,碧桂园服务,1000,STOCK,N/A,,N/A,,N/A,N/A,2018-06-19,75965086570450,False,N/A,False,,HK_MAINBOARD
HK.06099,招商证券,200,STOCK,N/A,,N/A,,N/A,N/A,2016-10-07,6099,False,N/A,False,,HK_MAINBOARD
HK.06100,同道猎聘,200,STOCK,N/A,,N/A,,N/A,N/A,2018-06-29,76020921145300,False,N/A,False,,HK_MAINBOARD
HK.06108,新锐医药,8000,STOCK,N/A,,N/A,,N/A,N/A,2013-10-25,68728066676700,False,N/A,False,,HK_MAINBOARD
HK.06110,滔搏,1000,STOCK,N/A,,N/A,,N/A,N/A,2019-10-10,78013785970654,False,N/A,False,,HK_MAINBOARD
HK.06113,比特策略,2000,STOCK,N/A,,N/A,,N/A,N/A,2017-07-12,74466142984161,False,N/A,False,,HK_MAINBOARD
HK.06117,日照港裕廊,2000,STOCK,N/A,,N/A,,N/A,N/A,2019-06-19,77506979829733,False,N/A,False,,HK_MAINBOARD
HK.06118,奥星生命科技,1000,STOCK,N/A,,N/A,,N/A,N/A,2014-11-07,70351564314598,False,N/A,False,,HK_MAINBOARD
HK.06119,天源集团,3000,STOCK,N/A,,N/A,,N/A,N/A,2018-06-01,75883482191847,False,N/A,False,,HK_MAINBOARD
HK.06123,圆通国际快递,2000,STOCK,N/A,,N/A,,N/A,N/A,2014-07-11,69840463206379,False,N/A,False,,HK_MAINBOARD
HK.06127,昭衍新药,100,STOCK,N/A,,N/A,,N/A,N/A,2021-02-26,80199924324335,False,N/A,False,,HK_MAINBOARD
HK.06128,烯石电车新材料,10000,STOCK,N/A,,N/A,,N/A,N/A,2014-06-25,69771743729648,False,N/A,False,,HK_MAINBOARD
HK.06133,维太创科,1000,STOCK,N/A,,N/A,,N/A,N/A,2015-06-26,71343701759989,False,N/A,False,,HK_MAINBOARD
HK.06136,康达环保,1000,STOCK,N/A,,N/A,,N/A,N/A,2014-07-04,69810398435320,False,N/A,False,,HK_MAINBOARD
HK.06138,哈尔滨银行,1000,STOCK,N/A,,N/A,,N/A,N/A,2014-03-31,69402376542202,False,N/A,False,,HK_MAINBOARD
HK.06158,正荣地产,1000,STOCK,N/A,,N/A,,N/A,N/A,2018-01-16,75277891803150,False,N/A,False,,HK_MAINBOARD
HK.06160,百济神州,100,STOCK,N/A,,N/A,,N/A,N/A,2018-08-08,76197014804496,False,N/A,False,,HK_MAINBOARD
HK.06162,天瑞汽车内饰,8000,STOCK,N/A,,N/A,,N/A,N/A,2019-01-15,76858439768082,False,N/A,False,,HK_MAINBOARD
HK.06163,彭顺国际,2000,STOCK,N/A,,N/A,,N/A,N/A,2016-11-11,6163,False,N/A,False,,HK_MAINBOARD
HK.06166,剑桥科技,50,STOCK,N/A,,N/A,,N/A,N/A,2025-10-28,87531433498646,False,N/A,False,,HK_MAINBOARD
HK.06168,周六福,100,STOCK,N/A,,N/A,,N/A,N/A,2025-06-26,86998857553944,False,N/A,False,,HK_MAINBOARD
HK.06169,宇华教育,2000,STOCK,N/A,,N/A,,N/A,N/A,2017-02-28,73924977104921,False,N/A,False,,HK_MAINBOARD
HK.06178,光大证券,200,STOCK,N/A,,N/A,,N/A,N/A,2016-08-18,6178,False,N/A,False,,HK_MAINBOARD
HK.06181,老铺黄金,100,STOCK,N/A,,N/A,,N/A,N/A,2024-06-28,85439784425509,False,N/A,False,,HK_MAINBOARD
HK.06182,乙德投资控股,8000,STOCK,N/A,,N/A,,N/A,N/A,2018-01-17,75282186770470,False,N/A,False,,HK_MAINBOARD
HK.06185,康希诺生物,200,STOCK,N/A,,N/A,,N/A,N/A,2019-03-28,77189152249897,False,N/A,False,,HK_MAINBOARD
HK.06186,中国飞鹤,1000,STOCK,N/A,,N/A,,N/A,N/A,2019-11-13,78159814858794,False,N/A,False,,HK_MAINBOARD
HK.06188,迪信通,500,STOCK,N/A,,N/A,,N/A,N/A,2014-07-08,69827578304556,False,N/A,False,,HK_MAINBOARD
HK.06189,爱得威建设集团,500,STOCK,N/A,,N/A,,N/A,N/A,2016-11-25,6189,False,N/A,False,,HK_MAINBOARD
HK.06190,九江银行,200,STOCK,N/A,,N/A,,N/A,N/A,2018-07-10,76050985916462,False,N/A,False,,HK_MAINBOARD
HK.06193,泰林科建,2000,STOCK,N/A,,N/A,,N/A,N/A,2019-12-18,78314433681457,False,N/A,False,,HK_MAINBOARD
HK.06196,郑州银行,1000,STOCK,N/A,,N/A,,N/A,N/A,2015-12-23,6196,False,N/A,False,,HK_MAINBOARD
HK.06198,青岛港,1000,STOCK,N/A,,N/A,,N/A,N/A,2014-06-06,69690139351094,False,N/A,False,,HK_MAINBOARD
HK.06199,贵州银行,1000,STOCK,N/A,,N/A,,N/A,N/A,2019-12-30,78361678321719,False,N/A,False,,HK_MAINBOARD
HK.06288,FAST RETAIL-DRS,300,STOCK,N/A,,N/A,,N/A,N/A,2014-03-05,69290707392656,False,N/A,False,,HK_MAINBOARD
HK.06600,卧安机器人,100,STOCK,N/A,,N/A,,N/A,N/A,2025-12-30,87784836569544,False,N/A,False,,HK_MAINBOARD
HK.06601,朝云集团,500,STOCK,N/A,,N/A,,N/A,N/A,2021-03-10,80242873997769,False,N/A,False,,HK_MAINBOARD
HK.06603,IFBH,200,STOCK,N/A,,N/A,,N/A,N/A,2025-06-30,87007447488971,False,N/A,False,,HK_MAINBOARD
HK.06608,百融云-W,500,STOCK,N/A,,N/A,,N/A,N/A,2021-03-31,80328773343696,False,N/A,False,,HK_MAINBOARD
HK.06609,心玮医疗-B,50,STOCK,N/A,,N/A,,N/A,N/A,2021-08-20,80951543601617,False,N/A,False,,HK_MAINBOARD
HK.06610,飞天云动,1000,STOCK,N/A,,N/A,,N/A,N/A,2022-10-18,82733955029458,False,N/A,False,,HK_MAINBOARD
HK.06611,三巽集团,1000,STOCK,N/A,,N/A,,N/A,N/A,2021-07-19,80775449942483,False,N/A,False,,HK_MAINBOARD
HK.06613,蓝思科技,200,STOCK,N/A,,N/A,,N/A,N/A,2025-07-09,87050397161941,False,N/A,False,,HK_MAINBOARD
HK.06616,环球新材国际,1000,STOCK,N/A,,N/A,,N/A,N/A,2021-07-16,80775449942488,False,N/A,False,,HK_MAINBOARD
HK.06618,京东健康,50,STOCK,N/A,,N/A,,N/A,N/A,2020-12-08,79843442039258,False,N/A,False,,HK_MAINBOARD
HK.06622,兆科眼科-B,500,STOCK,N/A,,N/A,,N/A,N/A,2021-04-29,80453327395294,False,N/A,False,,HK_MAINBOARD
HK.06623,陆控,100,STOCK,N/A,,N/A,,N/A,N/A,2023-04-14,83567178684895,False,N/A,False,,HK_MAINBOARD
HK.06626,越秀服务,500,STOCK,N/A,,N/A,,N/A,N/A,2021-06-28,80715320400354,False,N/A,False,,HK_MAINBOARD
HK.06628,创胜集团-B,500,STOCK,N/A,,N/A,,N/A,N/A,2021-09-29,81101867456996,False,N/A,False,,HK_MAINBOARD
HK.06633,青瓷游戏,500,STOCK,N/A,,N/A,,N/A,N/A,2021-12-16,81458349742569,False,N/A,False,,HK_MAINBOARD
HK.06639,瑞尔集团,500,STOCK,N/A,,N/A,,N/A,N/A,2022-03-22,81857781701103,False,N/A,False,,HK_MAINBOARD
HK.06651,五一视界,200,STOCK,N/A,,N/A,,N/A,N/A,2025-12-30,87784836569595,False,N/A,False,,HK_MAINBOARD
HK.06655,华新建材,100,STOCK,N/A,,N/A,,N/A,N/A,2022-03-28,81913616275967,False,N/A,False,,HK_MAINBOARD
HK.06657,百望股份,100,STOCK,N/A,,N/A,,N/A,N/A,2024-07-09,85474144164353,False,N/A,False,,HK_MAINBOARD
HK.06660,艾美疫苗,200,STOCK,N/A,,N/A,,N/A,N/A,2022-10-06,82708185225732,False,N/A,False,,HK_MAINBOARD
HK.06661,湖州燃气,500,STOCK,N/A,,N/A,,N/A,N/A,2022-07-13,82338818038277,False,N/A,False,,HK_MAINBOARD
HK.06663,国际永胜集团,10000,STOCK,N/A,,N/A,,N/A,N/A,2019-10-22,81836306864647,False,N/A,False,,HK_MAINBOARD
HK.06666,恒大物业,500,STOCK,N/A,,N/A,,N/A,N/A,2020-12-02,79834852104714,False,N/A,False,,HK_MAINBOARD
HK.06667,美因基因,200,STOCK,N/A,,N/A,,N/A,N/A,2022-06-22,82257213659659,False,N/A,False,,HK_MAINBOARD
HK.06668,星盛商业,1000,STOCK,N/A,,N/A,,N/A,N/A,2021-01-26,80058190404108,False,N/A,False,,HK_MAINBOARD
HK.06669,先瑞达医疗-B,1000,STOCK,N/A,,N/A,,N/A,N/A,2021-08-24,80960133536269,False,N/A,False,,HK_MAINBOARD
HK.06676,找钢集团-W,500,STOCK,N/A,,N/A,,N/A,N/A,2025-03-10,86431921871380,False,N/A,False,,HK_MAINBOARD
HK.06677,远洋服务,500,STOCK,N/A,,N/A,,N/A,N/A,2020-12-17,79894981646869,False,N/A,False,,HK_MAINBOARD
HK.06678,百德医疗,2000,STOCK,N/A,,N/A,,N/A,N/A,1970-01-01,82703890258454,False,N/A,False,,HK_MAINBOARD
HK.06680,金力永磁,200,STOCK,N/A,,N/A,,N/A,N/A,2022-01-14,81565723925016,False,N/A,False,,HK_MAINBOARD
HK.06681,脑动极光-B,1000,STOCK,N/A,,N/A,,N/A,N/A,2025-01-08,86268713114137,False,N/A,False,,HK_MAINBOARD
HK.06682,范式智能,100,STOCK,N/A,,N/A,,N/A,N/A,2023-09-28,84254373452314,False,N/A,False,,HK_MAINBOARD
HK.06683,巨星传奇,500,STOCK,N/A,,N/A,,N/A,N/A,2023-07-13,83781927049755,False,N/A,False,,HK_MAINBOARD
HK.06686,诺亚控股,100,STOCK,N/A,,N/A,,N/A,N/A,2022-07-13,82343113005598,False,N/A,False,,HK_MAINBOARD
HK.06687,聚水潭,100,STOCK,N/A,,N/A,,N/A,N/A,2025-10-21,87501368728095,False,N/A,False,,HK_MAINBOARD
HK.06689,洪九果品,100,STOCK,N/A,,N/A,,N/A,N/A,2022-09-05,82579336206881,False,N/A,False,,HK_MAINBOARD
HK.06690,海尔智家,200,STOCK,N/A,,N/A,,N/A,N/A,2020-12-23,79804787333666,False,N/A,False,,HK_MAINBOARD
HK.06693,赤峰黄金,200,STOCK,N/A,,N/A,,N/A,N/A,2025-03-10,86526411151909,False,N/A,False,,HK_MAINBOARD
HK.06696,多想云,1000,STOCK,N/A,,N/A,,N/A,N/A,2022-11-09,82858509081128,False,N/A,False,,HK_MAINBOARD
HK.06698,星空华文,100,STOCK,N/A,,N/A,,N/A,N/A,2022-12-29,83064667511338,False,N/A,False,,HK_MAINBOARD
HK.06699,时代天使,200,STOCK,N/A,,N/A,,N/A,N/A,2021-06-16,80659485825579,False,N/A,False,,HK_MAINBOARD
HK.06805,金茂源环保,2000,STOCK,N/A,,N/A,,N/A,N/A,2019-07-16,77640123816597,False,N/A,False,,HK_MAINBOARD
HK.06806,申万宏源,800,STOCK,N/A,,N/A,,N/A,N/A,2019-04-26,77296526432918,False,N/A,False,,HK_MAINBOARD
HK.06808,高鑫零售,500,STOCK,N/A,,N/A,,N/A,N/A,2011-07-27,65201898527384,False,N/A,False,,HK_MAINBOARD
HK.06811,太兴集团,1000,STOCK,N/A,,N/A,,N/A,N/A,2019-06-13,77502684863131,False,N/A,False,,HK_MAINBOARD
HK.06812,永顺控股香港,5000,STOCK,N/A,,N/A,,N/A,N/A,2017-03-16,79121887533724,False,N/A,False,,HK_MAINBOARD
HK.06813,大喜屋集团,2000,STOCK,N/A,,N/A,,N/A,N/A,2021-01-01,78529182046877,False,N/A,False,,HK_MAINBOARD
HK.06816,瑞港建设,2000,STOCK,N/A,,N/A,,N/A,N/A,2016-07-20,6816,False,N/A,False,,HK_MAINBOARD
HK.06818,中国光大银行,1000,STOCK,N/A,,N/A,,N/A,N/A,2013-12-20,68968584845986,False,N/A,False,,HK_MAINBOARD
HK.06820,友谊时光,2000,STOCK,N/A,,N/A,,N/A,N/A,2019-10-08,78005196036772,False,N/A,False,,HK_MAINBOARD
HK.06821,凯莱英,100,STOCK,N/A,,N/A,,N/A,N/A,2021-12-10,81432579938981,False,N/A,False,,HK_MAINBOARD
HK.06822,科劲国际,2000,STOCK,N/A,,N/A,,N/A,N/A,2015-01-16,70652212026022,False,N/A,False,,HK_MAINBOARD
HK.06823,香港电讯-SS,1000,STOCK,N/A,,N/A,,N/A,N/A,2011-11-29,65738769439399,False,N/A,False,,HK_MAINBOARD
HK.06826,昊海生物科技,100,STOCK,N/A,,N/A,,N/A,N/A,2015-04-30,71098888624810,False,N/A,False,,HK_MAINBOARD
HK.06828,北京燃气蓝天,8000,STOCK,N/A,,N/A,,N/A,N/A,2011-07-12,65137474017964,False,N/A,False,,HK_MAINBOARD
HK.06829,龙升集团控股,10000,STOCK,N/A,,N/A,,N/A,N/A,2018-02-08,75402445855405,False,N/A,False,,HK_MAINBOARD
HK.06830,华众车载,2000,STOCK,N/A,,N/A,,N/A,N/A,2012-01-12,65927748000430,False,N/A,False,,HK_MAINBOARD
HK.06831,绿茶集团,400,STOCK,N/A,,N/A,,N/A,N/A,2025-05-16,86822763895471,False,N/A,False,,HK_MAINBOARD
HK.06833,兴科蓉医药,4000,STOCK,N/A,,N/A,,N/A,N/A,2016-03-10,72451803323057,False,N/A,False,,HK_MAINBOARD
HK.06838,盈利时,2000,STOCK,N/A,,N/A,,N/A,N/A,2011-07-20,65171833756342,False,N/A,False,,HK_MAINBOARD
HK.06839,云南水务,1000,STOCK,N/A,,N/A,,N/A,N/A,2015-05-27,71214852741815,False,N/A,False,,HK_MAINBOARD
HK.06855,亚盛医药-B,100,STOCK,N/A,,N/A,,N/A,N/A,2019-10-28,78099685317319,False,N/A,False,,HK_MAINBOARD
HK.06858,本间高尔夫,500,STOCK,N/A,,N/A,,N/A,N/A,2016-10-06,6858,False,N/A,False,,HK_MAINBOARD
HK.06860,指尖悦动,1000,STOCK,N/A,,N/A,,N/A,N/A,2018-07-12,76050985917132,False,N/A,False,,HK_MAINBOARD
HK.06862,海底捞,1000,STOCK,N/A,,N/A,,N/A,N/A,2018-09-26,76385993366222,False,N/A,False,,HK_MAINBOARD
HK.06865,福莱特玻璃,1000,STOCK,N/A,,N/A,,N/A,N/A,2015-11-26,6865,False,N/A,False,,HK_MAINBOARD
HK.06866,佐力小贷,2000,STOCK,N/A,,N/A,,N/A,N/A,2015-01-13,70604967385810,False,N/A,False,,HK_MAINBOARD
HK.06868,天福,1000,STOCK,N/A,,N/A,,N/A,N/A,2011-09-26,65463891532500,False,N/A,False,,HK_MAINBOARD
HK.06869,长飞光纤光缆,500,STOCK,N/A,,N/A,,N/A,N/A,2014-12-10,70493298236117,False,N/A,False,,HK_MAINBOARD
HK.06877,TE HEALTHCARE,5000,STOCK,N/A,,N/A,,N/A,N/A,2013-07-03,75222057229021,False,N/A,False,,HK_MAINBOARD
HK.06878,鼎丰集团汽车,10000,STOCK,N/A,,N/A,,N/A,N/A,2013-12-09,68921340205790,False,N/A,False,,HK_MAINBOARD
HK.06881,中国银河,500,STOCK,N/A,,N/A,,N/A,N/A,2013-05-22,68058051779297,False,N/A,False,,HK_MAINBOARD
HK.06882,东瀛游,2000,STOCK,N/A,,N/A,,N/A,N/A,2014-11-28,70441758628578,False,N/A,False,,HK_MAINBOARD
HK.06883,颖通控股,1000,STOCK,N/A,,N/A,,N/A,N/A,2025-06-26,86998857554659,False,N/A,False,,HK_MAINBOARD
HK.06885,金马能源,1000,STOCK,N/A,,N/A,,N/A,N/A,2017-10-10,74878459845349,False,N/A,False,,HK_MAINBOARD
HK.06886,HTSC,200,STOCK,N/A,,N/A,,N/A,N/A,2015-06-01,71236327578342,False,N/A,False,,HK_MAINBOARD
HK.06887,东阳光药,100,STOCK,N/A,,N/A,,N/A,N/A,2025-08-07,87050397162215,False,N/A,False,,HK_MAINBOARD
HK.06888,英达公路再生科技,1000,STOCK,N/A,,N/A,,N/A,N/A,2013-06-26,68208375634664,False,N/A,False,,HK_MAINBOARD
HK.06889,DYNAM JAPAN,200,STOCK,N/A,,N/A,,N/A,N/A,2012-08-06,66816806230761,False,N/A,False,,HK_MAINBOARD
HK.06890,康利国际控股,2000,STOCK,N/A,,N/A,,N/A,N/A,2018-11-19,76596446763754,False,N/A,False,,HK_MAINBOARD
HK.06893,衍生集团,2000,STOCK,N/A,,N/A,,N/A,N/A,2014-10-16,70257075034861,False,N/A,False,,HK_MAINBOARD
HK.06896,金嗓子,500,STOCK,N/A,,N/A,,N/A,N/A,2015-07-15,71425306139376,False,N/A,False,,HK_MAINBOARD
HK.06898,中国铝罐,2000,STOCK,N/A,,N/A,,N/A,N/A,2013-07-12,68277095111410,False,N/A,False,,HK_MAINBOARD
HK.06899,联众,1000,STOCK,N/A,,N/A,,N/A,N/A,2014-06-30,69793218566899,False,N/A,False,,HK_MAINBOARD
HK.06908,宏光半导体,5000,STOCK,N/A,,N/A,,N/A,N/A,2016-12-30,78215649434364,False,N/A,False,,HK_MAINBOARD
HK.06909,百得利控股,1000,STOCK,N/A,,N/A,,N/A,N/A,2021-07-15,80775449942781,False,N/A,False,,HK_MAINBOARD
HK.06911,澜沧古茶,200,STOCK,N/A,,N/A,,N/A,N/A,2023-12-22,84628035607295,False,N/A,False,,HK_MAINBOARD
HK.06913,华南职业教育,2000,STOCK,N/A,,N/A,,N/A,N/A,2021-07-13,80775449942785,False,N/A,False,,HK_MAINBOARD
HK.06918,奇士达,2000,STOCK,N/A,,N/A,,N/A,N/A,2020-03-18,78679505902342,False,N/A,False,,HK_MAINBOARD
HK.06919,人瑞人才,100,STOCK,N/A,,N/A,,N/A,N/A,2019-12-13,78305843747591,False,N/A,False,,HK_MAINBOARD
HK.06922,康沣生物-B,200,STOCK,N/A,,N/A,,N/A,N/A,2022-12-30,83068962478858,False,N/A,False,,HK_MAINBOARD
HK.06928,万马控股,4000,STOCK,N/A,,N/A,,N/A,N/A,2017-07-13,78378858191632,False,N/A,False,,HK_MAINBOARD
HK.06929,业聚医疗,500,STOCK,N/A,,N/A,,N/A,N/A,2022-12-23,83056077576977,False,N/A,False,,HK_MAINBOARD
HK.06933,新娱科控股,2000,STOCK,N/A,,N/A,,N/A,N/A,2020-07-15,79207786879765,False,N/A,False,,HK_MAINBOARD
HK.06936,顺丰控股,200,STOCK,N/A,,N/A,,N/A,N/A,2024-11-27,86092619455256,False,N/A,False,,HK_MAINBOARD
HK.06938,瑞博生物-B,200,STOCK,N/A,,N/A,,N/A,N/A,2026-01-09,87840671144730,False,N/A,False,,HK_MAINBOARD
HK.06939,美佳音控股,2000,STOCK,N/A,,N/A,,N/A,N/A,2021-03-31,80328773344027,False,N/A,False,,HK_MAINBOARD
HK.06955,博安生物,200,STOCK,N/A,,N/A,,N/A,N/A,2022-12-30,83081847380779,False,N/A,False,,HK_MAINBOARD
HK.06958,正荣服务,1000,STOCK,N/A,,N/A,,N/A,N/A,2020-07-10,79203491912494,False,N/A,False,,HK_MAINBOARD
HK.06959,长久股份,100,STOCK,N/A,,N/A,,N/A,N/A,2024-01-09,84692460116783,False,N/A,False,,HK_MAINBOARD
HK.06960,双登股份,500,STOCK,N/A,,N/A,,N/A,N/A,2025-08-26,87260850559792,False,N/A,False,,HK_MAINBOARD
HK.06963,阳光保险,500,STOCK,N/A,,N/A,,N/A,N/A,2022-12-09,83000243002163,False,N/A,False,,HK_MAINBOARD
HK.06966,中国万桐园,10000,STOCK,N/A,,N/A,,N/A,N/A,2017-09-27,78361678322486,False,N/A,False,,HK_MAINBOARD
HK.06968,港龙中国地产,1000,STOCK,N/A,,N/A,,N/A,N/A,2020-07-15,79203491912504,False,N/A,False,,HK_MAINBOARD
HK.06969,思摩尔国际,1000,STOCK,N/A,,N/A,,N/A,N/A,2020-07-10,79203491912505,False,N/A,False,,HK_MAINBOARD
HK.06978,永泰生物-B,1000,STOCK,N/A,,N/A,,N/A,N/A,2020-07-10,79177722108738,False,N/A,False,,HK_MAINBOARD
HK.06979,珍酒李渡,200,STOCK,N/A,,N/A,,N/A,N/A,2023-04-27,83592948489027,False,N/A,False,,HK_MAINBOARD
HK.06980,八马茶业,100,STOCK,N/A,,N/A,,N/A,N/A,2025-10-28,87531433499460,False,N/A,False,,HK_MAINBOARD
HK.06988,乐享集团,1000,STOCK,N/A,,N/A,,N/A,N/A,2020-09-23,79517024525132,False,N/A,False,,HK_MAINBOARD
HK.06989,卓越商企服务,1000,STOCK,N/A,,N/A,,N/A,N/A,2020-10-19,79632988642125,False,N/A,False,,HK_MAINBOARD
HK.06990,科伦博泰生物-B,100,STOCK,N/A,,N/A,,N/A,N/A,2023-07-11,83906481101646,False,N/A,False,,HK_MAINBOARD
HK.06993,蓝月亮集团,500,STOCK,N/A,,N/A,,N/A,N/A,2020-12-16,79882096745297,False,N/A,False,,HK_MAINBOARD
HK.06996,德琪医药-B,500,STOCK,N/A,,N/A,,N/A,N/A,2020-11-20,79774722562900,False,N/A,False,,HK_MAINBOARD
HK.06998,嘉和生物,500,STOCK,N/A,,N/A,,N/A,N/A,2020-10-07,79572859099990,False,N/A,False,,HK_MAINBOARD
HK.06999,领地控股,1000,STOCK,N/A,,N/A,,N/A,N/A,2020-12-10,79847737006935,False,N/A,False,,HK_MAINBOARD
HK.07618,京东工业,200,STOCK,N/A,,N/A,,N/A,N/A,2025-12-11,87720412061122,False,N/A,False,,HK_MAINBOARD
HK.07841,汇德收购-Z,115000,STOCK,N/A,,N/A,,N/A,N/A,2022-08-15,82514911698593,False,N/A,False,,HK_MAINBOARD
HK.08003,世大控股,6000,STOCK,N/A,,N/A,,N/A,N/A,1999-12-02,46926812684099,False,N/A,False,,HK_GEMBOARD
HK.08005,裕兴科技,2000,STOCK,N/A,,N/A,,N/A,N/A,2000-01-31,47184510721861,False,N/A,False,,HK_GEMBOARD
HK.08006,华泰瑞银,10000,STOCK,N/A,,N/A,,N/A,N/A,2000-03-09,47347719479110,False,N/A,False,,HK_GEMBOARD
HK.08007,环球战略集团,10000,STOCK,N/A,,N/A,,N/A,N/A,2000-04-17,47515223203655,False,N/A,False,,HK_GEMBOARD
HK.08013,ECI TECH,20000,STOCK,N/A,,N/A,,N/A,N/A,2017-03-10,73972221747021,False,N/A,False,,HK_GEMBOARD
HK.08017,捷利交易宝,4000,STOCK,N/A,,N/A,,N/A,N/A,2018-09-28,76407468203857,False,N/A,False,,HK_GEMBOARD
HK.08018,汇财金融投资,10000,STOCK,N/A,,N/A,,N/A,N/A,2013-09-26,68603512627026,False,N/A,False,,HK_GEMBOARD
HK.08019,皓文控股,20000,STOCK,N/A,,N/A,,N/A,N/A,2001-07-20,49486613192531,False,N/A,False,,HK_GEMBOARD
HK.08020,宏海控股集团,10000,STOCK,N/A,,N/A,,N/A,N/A,2011-10-12,65532611010388,False,N/A,False,,HK_GEMBOARD
HK.08021,汇隆控股,10000,STOCK,N/A,,N/A,,N/A,N/A,2001-12-07,50087908613973,False,N/A,False,,HK_GEMBOARD
HK.08023,邝文记,6000,STOCK,N/A,,N/A,,N/A,N/A,2016-10-13,8023,False,N/A,False,,HK_GEMBOARD
HK.08026,朗华国际集团,1000,STOCK,N/A,,N/A,,N/A,N/A,2000-03-28,47429323857754,False,N/A,False,,HK_GEMBOARD
HK.08027,吉辉控股,5000,STOCK,N/A,,N/A,,N/A,N/A,2015-07-10,71403831304027,False,N/A,False,,HK_GEMBOARD
HK.08028,天时资源,20000,STOCK,N/A,,N/A,,N/A,N/A,1999-11-25,46896747913052,False,N/A,False,,HK_GEMBOARD
HK.08029,帝国金融集团,5000,STOCK,N/A,,N/A,,N/A,N/A,2000-12-14,48550310322013,False,N/A,False,,HK_GEMBOARD
HK.08030,丰银禾控股,1000,STOCK,N/A,,N/A,,N/A,N/A,2012-05-07,66425964207966,False,N/A,False,,HK_GEMBOARD
HK.08031,易通讯集团,2000,STOCK,N/A,,N/A,,N/A,N/A,2012-01-09,65914863099743,False,N/A,False,,HK_GEMBOARD
HK.08033,爱达利网络,2000,STOCK,N/A,,N/A,,N/A,N/A,2000-02-25,47291884904289,False,N/A,False,,HK_GEMBOARD
HK.08035,骏高控股,10000,STOCK,N/A,,N/A,,N/A,N/A,2016-10-07,8035,False,N/A,False,,HK_GEMBOARD
HK.08036,电子交易集团,10000,STOCK,N/A,,N/A,,N/A,N/A,2019-02-19,76081050689380,False,N/A,False,,HK_GEMBOARD
HK.08037,中国生物科技服务,5000,STOCK,N/A,,N/A,,N/A,N/A,2004-06-17,54052163428197,False,N/A,False,,HK_GEMBOARD
HK.08039,中国来骑哦,8000,STOCK,N/A,,N/A,,N/A,N/A,2016-12-12,8039,False,N/A,False,,HK_GEMBOARD
HK.08040,快意智能,5000,STOCK,N/A,,N/A,,N/A,N/A,2018-02-14,75423920693096,False,N/A,False,,HK_GEMBOARD
HK.08041,中微智码,20000,STOCK,N/A,,N/A,,N/A,N/A,2000-07-07,47863115554665,False,N/A,False,,HK_GEMBOARD
HK.08042,高奥士国际,10000,STOCK,N/A,,N/A,,N/A,N/A,2018-10-12,76454712844138,False,N/A,False,,HK_GEMBOARD
HK.08043,ATLINKS,5000,STOCK,N/A,,N/A,,N/A,N/A,2018-01-19,75299366641515,False,N/A,False,,HK_GEMBOARD
HK.08047,中国海洋发展,4000,STOCK,N/A,,N/A,,N/A,N/A,2001-11-01,49933289791343,False,N/A,False,,HK_GEMBOARD
HK.08048,御德国际控股,2000,STOCK,N/A,,N/A,,N/A,N/A,2000-06-30,47833050783600,False,N/A,False,,HK_GEMBOARD
HK.08049,吉林长龙药业,4000,STOCK,N/A,,N/A,,N/A,N/A,2001-05-24,49241800056689,False,N/A,False,,HK_GEMBOARD
HK.08050,城市酷选,2000,STOCK,N/A,,N/A,,N/A,N/A,2000-07-24,47936129998706,False,N/A,False,,HK_GEMBOARD
HK.08051,讯智海,200,STOCK,N/A,,N/A,,N/A,N/A,2001-05-08,49173080579955,False,N/A,False,,HK_GEMBOARD
HK.08052,陆庆娱乐,20000,STOCK,N/A,,N/A,,N/A,N/A,2016-11-11,8052,False,N/A,False,,HK_GEMBOARD
HK.08056,生活概念,10000,STOCK,N/A,,N/A,,N/A,N/A,2016-08-05,8056,False,N/A,False,,HK_GEMBOARD
HK.08057,麦迪森控股,4000,STOCK,N/A,,N/A,,N/A,N/A,2015-10-08,71790378360697,False,N/A,False,,HK_GEMBOARD
HK.08059,朝威控股,5000,STOCK,N/A,,N/A,,N/A,N/A,2014-08-15,69990787063675,False,N/A,False,,HK_GEMBOARD
HK.08060,国联通信,10000,STOCK,N/A,,N/A,,N/A,N/A,2002-11-13,51552492461948,False,N/A,False,,HK_GEMBOARD
HK.08062,俊盟国际,5000,STOCK,N/A,,N/A,,N/A,N/A,2016-12-15,8062,False,N/A,False,,HK_GEMBOARD
HK.08063,环球大通集团,5000,STOCK,N/A,,N/A,,N/A,N/A,2000-12-07,48520245550975,False,N/A,False,,HK_GEMBOARD
HK.08065,高萌科技,5000,STOCK,N/A,,N/A,,N/A,N/A,2017-10-16,74891344748417,False,N/A,False,,HK_GEMBOARD
HK.08066,品创控股,5000,STOCK,N/A,,N/A,,N/A,N/A,2001-12-20,50143743188866,False,N/A,False,,HK_GEMBOARD
HK.08067,东方大学城控股,1000,STOCK,N/A,,N/A,,N/A,N/A,2015-01-16,70652212027267,False,N/A,False,,HK_GEMBOARD
HK.08069,飞道旅游科技,5000,STOCK,N/A,,N/A,,N/A,N/A,2017-01-12,73718818676613,False,N/A,False,,HK_GEMBOARD
HK.08070,侨洋国际控股,5000,STOCK,N/A,,N/A,,N/A,N/A,2016-02-24,8070,False,N/A,False,,HK_GEMBOARD
HK.08071,中彩网通控股,5000,STOCK,N/A,,N/A,,N/A,N/A,2001-03-02,48885317771143,False,N/A,False,,HK_GEMBOARD
HK.08072,罗马元宇宙集团,20000,STOCK,N/A,,N/A,,N/A,N/A,2013-02-25,67688684593032,False,N/A,False,,HK_GEMBOARD
HK.08073,水发兴业新材料,4000,STOCK,N/A,,N/A,,N/A,N/A,2017-07-21,74500502724489,False,N/A,False,,HK_GEMBOARD
HK.08076,新利软件,5000,STOCK,N/A,,N/A,,N/A,N/A,2001-09-05,49688476655500,False,N/A,False,,HK_GEMBOARD
HK.08079,仍志集团控股,5000,STOCK,N/A,,N/A,,N/A,N/A,2001-10-15,49860275347343,False,N/A,False,,HK_GEMBOARD
HK.08080,北亚策略,20000,STOCK,N/A,,N/A,,N/A,N/A,2000-04-20,47528108105616,False,N/A,False,,HK_GEMBOARD
HK.08081,恒泰裕集团,10000,STOCK,N/A,,N/A,,N/A,N/A,2000-06-19,47785806143377,False,N/A,False,,HK_GEMBOARD
HK.08082,擎华控股,10000,STOCK,N/A,,N/A,,N/A,N/A,2001-11-02,49937584758674,False,N/A,False,,HK_GEMBOARD
HK.08083,有赞,4000,STOCK,N/A,,N/A,,N/A,N/A,2000-04-14,47502338301843,False,N/A,False,,HK_GEMBOARD
HK.08087,中国三三传媒,10000,STOCK,N/A,,N/A,,N/A,N/A,2011-02-28,64561948401559,False,N/A,False,,HK_GEMBOARD
HK.08091,奥传思维控股,10000,STOCK,N/A,,N/A,,N/A,N/A,2017-01-05,73688753905563,False,N/A,False,,HK_GEMBOARD
HK.08092,ITE HOLDINGS,4000,STOCK,N/A,,N/A,,N/A,N/A,2001-02-21,48846663065500,False,N/A,False,,HK_GEMBOARD
HK.08093,瓦普思瑞元宇宙,2000,STOCK,N/A,,N/A,,N/A,N/A,2015-02-12,70768176144285,False,N/A,False,,HK_GEMBOARD
HK.08095,北大青鸟环宇,1000,STOCK,N/A,,N/A,,N/A,N/A,2000-07-27,47949014900639,False,N/A,False,,HK_GEMBOARD
HK.08096,赏之味,5000,STOCK,N/A,,N/A,,N/A,N/A,2019-03-15,77107547873184,False,N/A,False,,HK_GEMBOARD
HK.08098,昌利控股,10000,STOCK,N/A,,N/A,,N/A,N/A,2011-03-08,64596308139938,False,N/A,False,,HK_GEMBOARD
HK.08100,名科国际,6000,STOCK,N/A,,N/A,,N/A,N/A,2001-12-31,50190987829156,False,N/A,False,,HK_GEMBOARD
HK.08103,HMVOD视频,1500,STOCK,N/A,,N/A,,N/A,N/A,2000-09-08,48133698494375,False,N/A,False,,HK_GEMBOARD
HK.08106,芯化兰德,5000,STOCK,N/A,,N/A,,N/A,N/A,2002-05-03,50719268806570,False,N/A,False,,HK_GEMBOARD
HK.08107,细叶榕科技,5000,STOCK,N/A,,N/A,,N/A,N/A,2018-05-04,75776108011435,False,N/A,False,,HK_GEMBOARD
HK.08111,中国科技产业集团,10000,STOCK,N/A,,N/A,,N/A,N/A,2001-01-03,48636209668015,False,N/A,False,,HK_GEMBOARD
HK.08112,基石金融,24000,STOCK,N/A,,N/A,,N/A,N/A,2011-07-28,65206193495984,False,N/A,False,,HK_GEMBOARD
HK.08113,时腾科技,5000,STOCK,N/A,,N/A,,N/A,N/A,2016-01-07,72181220384689,False,N/A,False,,HK_GEMBOARD
HK.08115,上海青浦消防,4000,STOCK,N/A,,N/A,,N/A,N/A,2004-06-30,54107998003123,False,N/A,False,,HK_GEMBOARD
HK.08117,中国基础能源,10000,STOCK,N/A,,N/A,,N/A,N/A,2001-12-13,50113678417845,False,N/A,False,,HK_GEMBOARD
HK.08118,濠亮环球,8000,STOCK,N/A,,N/A,,N/A,N/A,2017-11-16,75028783701942,False,N/A,False,,HK_GEMBOARD
HK.08120,国农金融投资,5000,STOCK,N/A,,N/A,,N/A,N/A,2001-04-10,49052821495736,False,N/A,False,,HK_GEMBOARD
HK.08121,国恩控股,10000,STOCK,N/A,,N/A,,N/A,N/A,2015-05-29,71223442677689,False,N/A,False,,HK_GEMBOARD
HK.08123,华亿金控,6000,STOCK,N/A,,N/A,,N/A,N/A,2002-01-11,50238232469435,False,N/A,False,,HK_GEMBOARD
HK.08125,中新控股,8000,STOCK,N/A,,N/A,,N/A,N/A,2014-07-18,69870527979453,False,N/A,False,,HK_GEMBOARD
HK.08126,G.A.控股,4000,STOCK,N/A,,N/A,,N/A,N/A,2002-06-17,50912542334910,False,N/A,False,,HK_GEMBOARD
HK.08128,中国恒有源集团,8000,STOCK,N/A,,N/A,,N/A,N/A,2001-11-30,50057843843008,False,N/A,False,,HK_GEMBOARD
HK.08130,大地国际集团,20000,STOCK,N/A,,N/A,,N/A,N/A,2002-08-26,51213190045634,False,N/A,False,,HK_GEMBOARD
HK.08131,辰罡科技,10000,STOCK,N/A,,N/A,,N/A,N/A,2001-01-31,48756468752323,False,N/A,False,,HK_GEMBOARD
HK.08132,百能国际能源,10000,STOCK,N/A,,N/A,,N/A,N/A,2011-05-18,64901250817988,False,N/A,False,,HK_GEMBOARD
HK.08133,吉盛集团控股,8000,STOCK,N/A,,N/A,,N/A,N/A,2015-04-30,71098888626117,False,N/A,False,,HK_GEMBOARD
HK.08136,英马斯集团,10000,STOCK,N/A,,N/A,,N/A,N/A,2018-01-25,75338021347272,False,N/A,False,,HK_GEMBOARD
HK.08137,洪桥集团,2000,STOCK,N/A,,N/A,,N/A,N/A,2002-01-08,50225347567561,False,N/A,False,,HK_GEMBOARD
HK.08139,长安仁恒,500,STOCK,N/A,,N/A,,N/A,N/A,2015-01-16,70652212027339,False,N/A,False,,HK_GEMBOARD
HK.08140,人和科技,10000,STOCK,N/A,,N/A,,N/A,N/A,2018-07-12,76059575853004,False,N/A,False,,HK_GEMBOARD
HK.08143,金威医疗,10000,STOCK,N/A,,N/A,,N/A,N/A,2002-05-10,50749333577679,False,N/A,False,,HK_GEMBOARD
HK.08146,怡园酒业,10000,STOCK,N/A,,N/A,,N/A,N/A,2018-06-27,75990856376274,False,N/A,False,,HK_GEMBOARD
HK.08147,汇思太平洋,8000,STOCK,N/A,,N/A,,N/A,N/A,2014-07-18,69870527979475,False,N/A,False,,HK_GEMBOARD
HK.08148,悟喜生活,20000,STOCK,N/A,,N/A,,N/A,N/A,2004-01-09,53364968660948,False,N/A,False,,HK_GEMBOARD
HK.08149,浩德控股,10000,STOCK,N/A,,N/A,,N/A,N/A,2016-10-17,8149,False,N/A,False,,HK_GEMBOARD
HK.08152,明梁控股,10000,STOCK,N/A,,N/A,,N/A,N/A,2017-07-21,74500502724568,False,N/A,False,,HK_GEMBOARD
HK.08153,嘉鼎国际集团,5000,STOCK,N/A,,N/A,,N/A,N/A,2001-03-30,49005576855513,False,N/A,False,,HK_GEMBOARD
HK.08156,国药科技股份,10000,STOCK,N/A,,N/A,,N/A,N/A,2002-11-12,51548197494748,False,N/A,False,,HK_GEMBOARD
HK.08158,中国再生医学,5000,STOCK,N/A,,N/A,,N/A,N/A,2001-07-18,49478023258078,False,N/A,False,,HK_GEMBOARD
HK.08159,新华联合投资,5000,STOCK,N/A,,N/A,,N/A,N/A,2002-01-04,50208167698399,False,N/A,False,,HK_GEMBOARD
HK.08160,GOLDWAY EDU,12000,STOCK,N/A,,N/A,,N/A,N/A,2016-12-02,8160,False,N/A,False,,HK_GEMBOARD
HK.08161,医汇集团,4000,STOCK,N/A,,N/A,,N/A,N/A,2016-05-31,8161,False,N/A,False,,HK_GEMBOARD
HK.08162,港银控股,10000,STOCK,N/A,,N/A,,N/A,N/A,2014-08-05,69947837390818,False,N/A,False,,HK_GEMBOARD
HK.08163,声扬集团,20000,STOCK,N/A,,N/A,,N/A,N/A,2002-03-07,50474455670755,False,N/A,False,,HK_GEMBOARD
HK.08168,宝积资本,10000,STOCK,N/A,,N/A,,N/A,N/A,2018-03-22,75578539515880,False,N/A,False,,HK_GEMBOARD
HK.08169,环康集团,10000,STOCK,N/A,,N/A,,N/A,N/A,2001-12-05,50079318679529,False,N/A,False,,HK_GEMBOARD
HK.08172,拉近网娱,20000,STOCK,N/A,,N/A,,N/A,N/A,2002-03-26,50556060049388,False,N/A,False,,HK_GEMBOARD
HK.08173,客思控股,20000,STOCK,N/A,,N/A,,N/A,N/A,2002-05-09,50745038610413,False,N/A,False,,HK_GEMBOARD
HK.08176,超人智能,5000,STOCK,N/A,,N/A,,N/A,N/A,2002-02-19,50405736194032,False,N/A,False,,HK_GEMBOARD
HK.08178,中国信息科技,2000,STOCK,N/A,,N/A,,N/A,N/A,2001-12-11,50105088483314,False,N/A,False,,HK_GEMBOARD
HK.08179,百利达集团控股,12000,STOCK,N/A,,N/A,,N/A,N/A,2011-07-08,65120294150131,False,N/A,False,,HK_GEMBOARD
HK.08181,港深智能管理,8000,STOCK,N/A,,N/A,,N/A,N/A,2013-10-11,68667937136629,False,N/A,False,,HK_GEMBOARD
HK.08186,曼妠,5000,STOCK,N/A,,N/A,,N/A,N/A,2001-12-31,50190987829242,False,N/A,False,,HK_GEMBOARD
HK.08187,积木集团,5000,STOCK,N/A,,N/A,,N/A,N/A,2016-05-30,72799695675387,False,N/A,False,,HK_GEMBOARD
HK.08188,骏杰集团控股,4000,STOCK,N/A,,N/A,,N/A,N/A,2017-02-22,73916387172348,False,N/A,False,,HK_GEMBOARD
HK.08189,泰达生物,5000,STOCK,N/A,,N/A,,N/A,N/A,2002-06-18,50916837302269,False,N/A,False,,HK_GEMBOARD
HK.08191,鸿伟亚洲,6000,STOCK,N/A,,N/A,,N/A,N/A,2014-01-08,69050189225983,False,N/A,False,,HK_GEMBOARD
HK.08193,亚太金融投资,10000,STOCK,N/A,,N/A,,N/A,N/A,2011-05-31,64957085392897,False,N/A,False,,HK_GEMBOARD
HK.08195,传承教育集团,2000,STOCK,N/A,,N/A,,N/A,N/A,2014-10-10,70231305232387,False,N/A,False,,HK_GEMBOARD
HK.08196,福田股份,8000,STOCK,N/A,,N/A,,N/A,N/A,2015-12-09,8196,False,N/A,False,,HK_GEMBOARD
HK.08198,加幂科技,4000,STOCK,N/A,,N/A,,N/A,N/A,2002-05-17,50779398348806,False,N/A,False,,HK_GEMBOARD
HK.08200,修身堂,4000,STOCK,N/A,,N/A,,N/A,N/A,2003-11-19,53145925328904,False,N/A,False,,HK_GEMBOARD
HK.08201,宝联控股,20000,STOCK,N/A,,N/A,,N/A,N/A,2013-06-17,68169720930313,False,N/A,False,,HK_GEMBOARD
HK.08203,凯顺控股,10000,STOCK,N/A,,N/A,,N/A,N/A,2004-01-20,53412213301259,False,N/A,False,,HK_GEMBOARD
HK.08205,交大慧谷,4000,STOCK,N/A,,N/A,,N/A,N/A,2002-07-31,51101520896013,False,N/A,False,,HK_GEMBOARD
HK.08206,神通机器人教育,1000,STOCK,N/A,,N/A,,N/A,N/A,2002-11-15,51561082396686,False,N/A,False,,HK_GEMBOARD
HK.08208,WMCH GLOBAL,6000,STOCK,N/A,,N/A,,N/A,N/A,2019-11-29,77627238916112,False,N/A,False,,HK_GEMBOARD
HK.08210,衍汇亚洲,10000,STOCK,N/A,,N/A,,N/A,N/A,2018-08-27,76261439315986,False,N/A,False,,HK_GEMBOARD
HK.08211,浙江永安,10000,STOCK,N/A,,N/A,,N/A,N/A,2002-11-08,51531017625619,False,N/A,False,,HK_GEMBOARD
HK.08213,荣晖控股,10000,STOCK,N/A,,N/A,,N/A,N/A,2003-03-18,52089363374101,False,N/A,False,,HK_GEMBOARD
HK.08215,FIRST CREDIT,20000,STOCK,N/A,,N/A,,N/A,N/A,2011-12-13,65798898982935,False,N/A,False,,HK_GEMBOARD
HK.08217,菊福堂生物,10000,STOCK,N/A,,N/A,,N/A,N/A,2016-04-12,72593537245209,False,N/A,False,,HK_GEMBOARD
HK.08218,毅高国际控股,12000,STOCK,N/A,,N/A,,N/A,N/A,2013-10-11,68667937136666,False,N/A,False,,HK_GEMBOARD
HK.08219,恒伟集团控股,10000,STOCK,N/A,,N/A,,N/A,N/A,2018-07-12,76059575853083,False,N/A,False,,HK_GEMBOARD
HK.08220,比高集团,1000,STOCK,N/A,,N/A,,N/A,N/A,2002-11-12,51548197494812,False,N/A,False,,HK_GEMBOARD
HK.08221,高裕金融,5000,STOCK,N/A,,N/A,,N/A,N/A,2017-01-06,8221,False,N/A,False,,HK_GEMBOARD
HK.08222,壹照明,4000,STOCK,N/A,,N/A,,N/A,N/A,2014-09-29,70184060592158,False,N/A,False,,HK_GEMBOARD
HK.08223,紫元元,4000,STOCK,N/A,,N/A,,N/A,N/A,2018-07-09,76046690951199,False,N/A,False,,HK_GEMBOARD
HK.08225,中国医疗集团,20000,STOCK,N/A,,N/A,,N/A,N/A,2003-07-10,52578989645857,False,N/A,False,,HK_GEMBOARD
HK.08226,树熊金融集团,5000,STOCK,N/A,,N/A,,N/A,N/A,2002-07-19,51049981288482,False,N/A,False,,HK_GEMBOARD
HK.08227,海天天线控股,1000,STOCK,N/A,,N/A,,N/A,N/A,2003-11-05,53085795786787,False,N/A,False,,HK_GEMBOARD
HK.08229,未来数据集团,5000,STOCK,N/A,,N/A,,N/A,N/A,2016-07-08,8229,False,N/A,False,,HK_GEMBOARD
HK.08232,一木集团,5000,STOCK,N/A,,N/A,,N/A,N/A,2016-07-11,8232,False,N/A,False,,HK_GEMBOARD
HK.08237,华星控股,6000,STOCK,N/A,,N/A,,N/A,N/A,2014-07-07,69823283339309,False,N/A,False,,HK_GEMBOARD
HK.08238,惠陶集团,8000,STOCK,N/A,,N/A,,N/A,N/A,2015-02-16,70785356013614,False,N/A,False,,HK_GEMBOARD
HK.08239,首都金融控股,10000,STOCK,N/A,,N/A,,N/A,N/A,2002-11-15,51561082396719,False,N/A,False,,HK_GEMBOARD
HK.08241,英记茶庄集团,5000,STOCK,N/A,,N/A,,N/A,N/A,2018-04-16,75642964025393,False,N/A,False,,HK_GEMBOARD
HK.08245,烽翼集团,20000,STOCK,N/A,,N/A,,N/A,N/A,2015-09-30,71756018622517,False,N/A,False,,HK_GEMBOARD
HK.08246,中华燃气,8000,STOCK,N/A,,N/A,,N/A,N/A,2011-12-30,65871913426998,False,N/A,False,,HK_GEMBOARD
HK.08247,中生北控生物科技,2000,STOCK,N/A,,N/A,,N/A,N/A,2006-02-27,56715043151927,False,N/A,False,,HK_GEMBOARD
HK.08249,瑞远智控,5000,STOCK,N/A,,N/A,,N/A,N/A,2003-11-14,53124450492473,False,N/A,False,,HK_GEMBOARD
HK.08250,都都控股,10000,STOCK,N/A,,N/A,,N/A,N/A,2004-06-18,54056458395706,False,N/A,False,,HK_GEMBOARD
HK.08257,靖洋集团,10000,STOCK,N/A,,N/A,,N/A,N/A,2017-07-14,74500502724673,False,N/A,False,,HK_GEMBOARD
HK.08262,宏强控股,10000,STOCK,N/A,,N/A,,N/A,N/A,2016-03-30,72537702670406,False,N/A,False,,HK_GEMBOARD
HK.08267,蓝港互动,500,STOCK,N/A,,N/A,,N/A,N/A,2014-12-30,70579197583435,False,N/A,False,,HK_GEMBOARD
HK.08268,智城发展控股,8000,STOCK,N/A,,N/A,,N/A,N/A,2015-01-08,70617852289100,False,N/A,False,,HK_GEMBOARD
HK.08269,倍升教育科技,30000,STOCK,N/A,,N/A,,N/A,N/A,2010-10-14,63973537882189,False,N/A,False,,HK_GEMBOARD
HK.08270,中国煤层气,10000,STOCK,N/A,,N/A,,N/A,N/A,2003-08-12,52720723566670,False,N/A,False,,HK_GEMBOARD
HK.08271,环球数码创意,2000,STOCK,N/A,,N/A,,N/A,N/A,2003-08-04,52686363828303,False,N/A,False,,HK_GEMBOARD
HK.08275,中国新消费集团,20000,STOCK,N/A,,N/A,,N/A,N/A,2017-10-16,74891344748627,False,N/A,False,,HK_GEMBOARD
HK.08276,新海连控股,2000,STOCK,N/A,,N/A,,N/A,N/A,2017-07-19,74500502724692,False,N/A,False,,HK_GEMBOARD
HK.08277,骏东控股,2000,STOCK,N/A,,N/A,,N/A,N/A,2015-02-23,70815420784725,False,N/A,False,,HK_GEMBOARD
HK.08279,亚博科技控股,4000,STOCK,N/A,,N/A,,N/A,N/A,2004-01-19,53407918334039,False,N/A,False,,HK_GEMBOARD
HK.08280,中国数字视频,2000,STOCK,N/A,,N/A,,N/A,N/A,2016-06-27,8280,False,N/A,False,,HK_GEMBOARD
HK.08281,中国金典集团,8000,STOCK,N/A,,N/A,,N/A,N/A,2016-07-08,8281,False,N/A,False,,HK_GEMBOARD
HK.08282,智傲控股,12000,STOCK,N/A,,N/A,,N/A,N/A,2016-01-13,8282,False,N/A,False,,HK_GEMBOARD
HK.08283,中食民安,5000,STOCK,N/A,,N/A,,N/A,N/A,2016-11-08,8283,False,N/A,False,,HK_GEMBOARD
HK.08285,森浩集团,5000,STOCK,N/A,,N/A,,N/A,N/A,2018-01-16,75282186772573,False,N/A,False,,HK_GEMBOARD
HK.08286,长城微光,5000,STOCK,N/A,,N/A,,N/A,N/A,2004-05-18,53923314409566,False,N/A,False,,HK_GEMBOARD
HK.08290,亚势备份,10000,STOCK,N/A,,N/A,,N/A,N/A,2015-10-08,71790378360930,False,N/A,False,,HK_GEMBOARD
HK.08291,港娱国际,10000,STOCK,N/A,,N/A,,N/A,N/A,2017-07-18,74496207757411,False,N/A,False,,HK_GEMBOARD
HK.08292,VSING,10000,STOCK,N/A,,N/A,,N/A,N/A,2016-07-06,8292,False,N/A,False,,HK_GEMBOARD
HK.08293,星亚控股,20000,STOCK,N/A,,N/A,,N/A,N/A,2016-07-15,8293,False,N/A,False,,HK_GEMBOARD
HK.08295,金慧科技,20000,STOCK,N/A,,N/A,,N/A,N/A,2010-06-18,63466731741287,False,N/A,False,,HK_GEMBOARD
HK.08296,中国生命集团,4000,STOCK,N/A,,N/A,,N/A,N/A,2009-09-09,62255550963816,False,N/A,False,,HK_GEMBOARD
HK.08297,海纳星空科技,2500,STOCK,N/A,,N/A,,N/A,N/A,2017-07-13,73830487826537,False,N/A,False,,HK_GEMBOARD
HK.08299,大唐黄金,24000,STOCK,N/A,,N/A,,N/A,N/A,2004-09-23,54473070223467,False,N/A,False,,HK_GEMBOARD
HK.08300,今米房集团,20000,STOCK,N/A,,N/A,,N/A,N/A,2016-08-08,8300,False,N/A,False,,HK_GEMBOARD
HK.08302,STOCK8302,1,STOCK,N/A,,N/A,,N/A,N/A,1970-01-01,8302,False,N/A,False,,HK_GEMBOARD
HK.08303,STOCK8303,1,STOCK,N/A,,N/A,,N/A,N/A,1970-01-01,8303,False,N/A,False,,HK_GEMBOARD
HK.08304,STOCK8304,1,STOCK,N/A,,N/A,,N/A,N/A,1970-01-01,8304,False,N/A,False,,HK_GEMBOARD
HK.08305,圣唐控股,10000,STOCK,N/A,,N/A,,N/A,N/A,2018-07-04,76025216114801,False,N/A,False,,HK_GEMBOARD
HK.08307,密迪斯肌,4000,STOCK,N/A,,N/A,,N/A,N/A,2014-12-18,70527657975923,False,N/A,False,,HK_GEMBOARD
HK.08308,古兜控股,4000,STOCK,N/A,,N/A,,N/A,N/A,2016-12-09,8308,False,N/A,False,,HK_GEMBOARD
HK.08309,万成环球控股,10000,STOCK,N/A,,N/A,,N/A,N/A,2017-04-13,74105365733493,False,N/A,False,,HK_GEMBOARD
HK.08310,盐城港,10000,STOCK,N/A,,N/A,,N/A,N/A,2013-08-22,68453188771958,False,N/A,False,,HK_GEMBOARD
HK.08311,圆美光电,10000,STOCK,N/A,,N/A,,N/A,N/A,2014-02-07,69179038244983,False,N/A,False,,HK_GEMBOARD
HK.08313,杰地集团,10000,STOCK,N/A,,N/A,,N/A,N/A,2018-01-16,75277891805305,False,N/A,False,,HK_GEMBOARD
HK.08315,新都酒店,10000,STOCK,N/A,,N/A,,N/A,N/A,2014-08-20,70012261900411,False,N/A,False,,HK_GEMBOARD
HK.08316,中国红包,2000,STOCK,N/A,,N/A,,N/A,N/A,2015-08-10,71536975290492,False,N/A,False,,HK_GEMBOARD
HK.08317,财华社集团,2000,STOCK,N/A,,N/A,,N/A,N/A,2005-01-07,54928336756861,False,N/A,False,,HK_GEMBOARD
HK.08319,思博系统,10000,STOCK,N/A,,N/A,,N/A,N/A,2016-04-12,72593537245311,False,N/A,False,,HK_GEMBOARD
HK.08320,沛然环保,20000,STOCK,N/A,,N/A,,N/A,N/A,2016-10-17,8320,False,N/A,False,,HK_GEMBOARD
HK.08321,泰锦控股,10000,STOCK,N/A,,N/A,,N/A,N/A,2016-10-28,8321,False,N/A,False,,HK_GEMBOARD
HK.08326,同景新能源,25000,STOCK,N/A,,N/A,,N/A,N/A,2013-11-21,68844030795910,False,N/A,False,,HK_GEMBOARD
HK.08328,信义储电,4000,STOCK,N/A,,N/A,,N/A,N/A,2016-07-11,8328,False,N/A,False,,HK_GEMBOARD
HK.08329,海王英特龙,10000,STOCK,N/A,,N/A,,N/A,N/A,2005-09-12,55993488646281,False,N/A,False,,HK_GEMBOARD
HK.08331,倍搏集团,10000,STOCK,N/A,,N/A,,N/A,N/A,2015-12-29,8331,False,N/A,False,,HK_GEMBOARD
HK.08333,阿仕特朗金融,5000,STOCK,N/A,,N/A,,N/A,N/A,2016-07-14,8333,False,N/A,False,,HK_GEMBOARD
HK.08337,直通电讯,10000,STOCK,N/A,,N/A,,N/A,N/A,2010-06-02,63398012264593,False,N/A,False,,HK_GEMBOARD
HK.08340,紫荆国际金融,5000,STOCK,N/A,,N/A,,N/A,N/A,2008-05-20,60206851563668,False,N/A,False,,HK_GEMBOARD
HK.08341,艾硕控股,5000,STOCK,N/A,,N/A,,N/A,N/A,2017-01-13,73718818676885,False,N/A,False,,HK_GEMBOARD
HK.08347,F8企业,8000,STOCK,N/A,,N/A,,N/A,N/A,2017-04-12,74101070766235,False,N/A,False,,HK_GEMBOARD
HK.08348,滨海泰达物流,2000,STOCK,N/A,,N/A,,N/A,N/A,2008-04-30,60120952217756,False,N/A,False,,HK_GEMBOARD
HK.08349,硅鑫集团,10000,STOCK,N/A,,N/A,,N/A,N/A,2017-01-13,73714523709597,False,N/A,False,,HK_GEMBOARD
HK.08350,立桥证券控股,8000,STOCK,N/A,,N/A,,N/A,N/A,2018-01-12,75282186772638,False,N/A,False,,HK_GEMBOARD
HK.08356,进业控股,2000,STOCK,N/A,,N/A,,N/A,N/A,2010-08-30,63780264353956,False,N/A,False,,HK_GEMBOARD
HK.08357,REPUBLIC HC,5000,STOCK,N/A,,N/A,,N/A,N/A,2018-06-15,75943611736229,False,N/A,False,,HK_GEMBOARD
HK.08360,简朴新生活,6000,STOCK,N/A,,N/A,,N/A,N/A,2016-07-12,8360,False,N/A,False,,HK_GEMBOARD
HK.08362,运兴泰集团,20000,STOCK,N/A,,N/A,,N/A,N/A,2017-06-30,74453258084522,False,N/A,False,,HK_GEMBOARD
HK.08365,亦辰集团,10000,STOCK,N/A,,N/A,,N/A,N/A,2017-05-26,74302934229165,False,N/A,False,,HK_GEMBOARD
HK.08366,浙江联合投资,10000,STOCK,N/A,,N/A,,N/A,N/A,2015-11-02,8366,False,N/A,False,,HK_GEMBOARD
HK.08367,倩碧控股,10000,STOCK,N/A,,N/A,,N/A,N/A,2018-02-26,75449690497199,False,N/A,False,,HK_GEMBOARD
HK.08368,中国创意控股,10000,STOCK,N/A,,N/A,,N/A,N/A,2015-11-18,8368,False,N/A,False,,HK_GEMBOARD
HK.08370,智升集团控股,800,STOCK,N/A,,N/A,,N/A,N/A,2017-01-20,73718818676914,False,N/A,False,,HK_GEMBOARD
HK.08371,尝高美集团,4000,STOCK,N/A,,N/A,,N/A,N/A,2018-01-17,75282186772659,False,N/A,False,,HK_GEMBOARD
HK.08372,君百延集团,10000,STOCK,N/A,,N/A,,N/A,N/A,2018-03-29,75625784156340,False,N/A,False,,HK_GEMBOARD
HK.08373,靛蓝星,5000,STOCK,N/A,,N/A,,N/A,N/A,2017-11-16,75028783702197,False,N/A,False,,HK_GEMBOARD
HK.08375,数盟资本,10000,STOCK,N/A,,N/A,,N/A,N/A,2017-11-13,75028783702199,False,N/A,False,,HK_GEMBOARD
HK.08377,维港育马,10000,STOCK,N/A,,N/A,,N/A,N/A,2017-12-15,75157632721081,False,N/A,False,,HK_GEMBOARD
HK.08379,盈证国际,10000,STOCK,N/A,,N/A,,N/A,N/A,2018-02-14,75419625726139,False,N/A,False,,HK_GEMBOARD
HK.08385,万里印刷,10000,STOCK,N/A,,N/A,,N/A,N/A,2017-12-13,75153337753793,False,N/A,False,,HK_GEMBOARD
HK.08391,基石科技控股,4000,STOCK,N/A,,N/A,,N/A,N/A,2018-05-11,75806172782791,False,N/A,False,,HK_GEMBOARD
HK.08392,舍图控股,10000,STOCK,N/A,,N/A,,N/A,N/A,2017-10-16,74891344748744,False,N/A,False,,HK_GEMBOARD
HK.08395,中显智能齐家控股,20000,STOCK,N/A,,N/A,,N/A,N/A,2018-01-25,75342316314827,False,N/A,False,,HK_GEMBOARD
HK.08400,亚洲先锋娱乐,10000,STOCK,N/A,,N/A,,N/A,N/A,2017-11-15,75028783702224,False,N/A,False,,HK_GEMBOARD
HK.08401,源想集团,2000,STOCK,N/A,,N/A,,N/A,N/A,2018-03-28,75612899254481,False,N/A,False,,HK_GEMBOARD
HK.08402,高原之宝,5000,STOCK,N/A,,N/A,,N/A,N/A,2017-11-17,74500502724818,False,N/A,False,,HK_GEMBOARD
HK.08403,天平道合,4000,STOCK,N/A,,N/A,,N/A,N/A,2018-06-12,75930726834387,False,N/A,False,,HK_GEMBOARD
HK.08406,中国口腔产业,10000,STOCK,N/A,,N/A,,N/A,N/A,2017-12-07,74500502724822,False,N/A,False,,HK_GEMBOARD
HK.08411,K W NELSON GP,10000,STOCK,N/A,,N/A,,N/A,N/A,2016-12-08,8411,False,N/A,False,,HK_GEMBOARD
HK.08412,新爱德集团,10000,STOCK,N/A,,N/A,,N/A,N/A,2017-04-07,74079595929820,False,N/A,False,,HK_GEMBOARD
HK.08413,亚洲富思,10000,STOCK,N/A,,N/A,,N/A,N/A,2017-04-13,74109660700893,False,N/A,False,,HK_GEMBOARD
HK.08416,HM INTL HLDGS,5000,STOCK,N/A,,N/A,,N/A,N/A,2017-01-11,73714523709664,False,N/A,False,,HK_GEMBOARD
HK.08417,大地教育,10000,STOCK,N/A,,N/A,,N/A,N/A,2017-02-16,73834782793953,False,N/A,False,,HK_GEMBOARD
HK.08418,傲迪玛汽车,2000,STOCK,N/A,,N/A,,N/A,N/A,2019-10-11,78018080940258,False,N/A,False,,HK_GEMBOARD
HK.08419,AV策划推广,5000,STOCK,N/A,,N/A,,N/A,N/A,2017-12-21,75191992459491,False,N/A,False,,HK_GEMBOARD
HK.08420,NEXION TECH,5000,STOCK,N/A,,N/A,,N/A,N/A,2017-06-16,74397423509732,False,N/A,False,,HK_GEMBOARD
HK.08422,WT集团,10000,STOCK,N/A,,N/A,,N/A,N/A,2017-12-28,75213467295974,False,N/A,False,,HK_GEMBOARD
HK.08423,CHI HO DEV,10000,STOCK,N/A,,N/A,,N/A,N/A,2017-03-13,73976516714727,False,N/A,False,,HK_GEMBOARD
HK.08425,兴铭控股,4000,STOCK,N/A,,N/A,,N/A,N/A,2017-03-15,73976516714729,False,N/A,False,,HK_GEMBOARD
HK.08426,雅居投资控股,10000,STOCK,N/A,,N/A,,N/A,N/A,2017-11-10,75028783702250,False,N/A,False,,HK_GEMBOARD
HK.08427,万顺瑞强集团,400,STOCK,N/A,,N/A,,N/A,N/A,2017-07-19,74526272528619,False,N/A,False,,HK_GEMBOARD
HK.08428,汉诺佳池,10000,STOCK,N/A,,N/A,,N/A,N/A,2017-02-15,73839077761260,False,N/A,False,,HK_GEMBOARD
HK.08429,华美乐乐,5000,STOCK,N/A,,N/A,,N/A,N/A,2017-12-08,75144747819245,False,N/A,False,,HK_GEMBOARD
HK.08430,春能控股,10000,STOCK,N/A,,N/A,,N/A,N/A,2017-10-18,74921409519854,False,N/A,False,,HK_GEMBOARD
HK.08431,浩柏国际,10000,STOCK,N/A,,N/A,,N/A,N/A,2017-05-26,73839077761263,False,N/A,False,,HK_GEMBOARD
HK.08432,太平洋酒吧,10000,STOCK,N/A,,N/A,,N/A,N/A,2017-01-11,73718818676976,False,N/A,False,,HK_GEMBOARD
HK.08436,德宝集团控股,5000,STOCK,N/A,,N/A,,N/A,N/A,2017-10-27,74951474290932,False,N/A,False,,HK_GEMBOARD
HK.08437,德斯控股,8000,STOCK,N/A,,N/A,,N/A,N/A,2017-10-13,74891344748789,False,N/A,False,,HK_GEMBOARD
HK.08439,新百利融资,2000,STOCK,N/A,,N/A,,N/A,N/A,2017-03-28,74040941224183,False,N/A,False,,HK_GEMBOARD
HK.08445,怡康泰工程集团,10000,STOCK,N/A,,N/A,,N/A,N/A,2017-09-29,74848395075837,False,N/A,False,,HK_GEMBOARD
HK.08446,耀星科技集团,2000,STOCK,N/A,,N/A,,N/A,N/A,2017-06-14,74371653705982,False,N/A,False,,HK_GEMBOARD
HK.08447,MS CONCEPT,10000,STOCK,N/A,,N/A,,N/A,N/A,2018-04-16,75668733829375,False,N/A,False,,HK_GEMBOARD
HK.08448,环球印馆,20000,STOCK,N/A,,N/A,,N/A,N/A,2018-03-28,75600014352640,False,N/A,False,,HK_GEMBOARD
HK.08450,钜京控股,10000,STOCK,N/A,,N/A,,N/A,N/A,2018-02-02,75389560955138,False,N/A,False,,HK_GEMBOARD
HK.08451,日光控股,10000,STOCK,N/A,,N/A,,N/A,N/A,2018-04-16,75660143894787,False,N/A,False,,HK_GEMBOARD
HK.08452,富银融资股份,2000,STOCK,N/A,,N/A,,N/A,N/A,2017-05-23,74281459392772,False,N/A,False,,HK_GEMBOARD
HK.08455,礼建德集团,10000,STOCK,N/A,,N/A,,N/A,N/A,2017-04-12,74109660700935,False,N/A,False,,HK_GEMBOARD
HK.08456,民信国际控股,10000,STOCK,N/A,,N/A,,N/A,N/A,2018-01-26,75342316314888,False,N/A,False,,HK_GEMBOARD
HK.08460,基地锦标集团,20000,STOCK,N/A,,N/A,,N/A,N/A,2017-06-27,74431783248140,False,N/A,False,,HK_GEMBOARD
HK.08462,中安控股集团,5000,STOCK,N/A,,N/A,,N/A,N/A,2017-07-17,74491912790286,False,N/A,False,,HK_GEMBOARD
HK.08471,新达控股,10000,STOCK,N/A,,N/A,,N/A,N/A,2017-07-21,74500502724887,False,N/A,False,,HK_GEMBOARD
HK.08472,立高控股,2000,STOCK,N/A,,N/A,,N/A,N/A,2017-07-18,74500502724888,False,N/A,False,,HK_GEMBOARD
HK.08473,弥明生活百货,10000,STOCK,N/A,,N/A,,N/A,N/A,2018-02-12,75419625726233,False,N/A,False,,HK_GEMBOARD
HK.08475,易站绿色科技,5000,STOCK,N/A,,N/A,,N/A,N/A,2018-08-13,76201309774107,False,N/A,False,,HK_GEMBOARD
HK.08480,飞霓控股,4000,STOCK,N/A,,N/A,,N/A,N/A,2017-10-16,74891344748832,False,N/A,False,,HK_GEMBOARD
HK.08481,盛龙锦秀国际,5000,STOCK,N/A,,N/A,,N/A,N/A,2017-07-17,74500502724897,False,N/A,False,,HK_GEMBOARD
HK.08482,万励达,10000,STOCK,N/A,,N/A,,N/A,N/A,2018-09-05,76304388989218,False,N/A,False,,HK_GEMBOARD
HK.08483,名仕快相,8000,STOCK,N/A,,N/A,,N/A,N/A,2018-02-28,75488345202979,False,N/A,False,,HK_GEMBOARD
HK.08487,ISP GLOBAL,2000,STOCK,N/A,,N/A,,N/A,N/A,2018-01-16,75282186772775,False,N/A,False,,HK_GEMBOARD
HK.08489,裕程物流,5000,STOCK,N/A,,N/A,,N/A,N/A,2021-01-13,79993765896489,False,N/A,False,,HK_GEMBOARD
HK.08490,骏码半导体,5000,STOCK,N/A,,N/A,,N/A,N/A,2018-05-30,75879187226922,False,N/A,False,,HK_GEMBOARD
HK.08491,COOL LINK,5000,STOCK,N/A,,N/A,,N/A,N/A,2017-09-22,74818330304811,False,N/A,False,,HK_GEMBOARD
HK.08493,龙皇集团,12000,STOCK,N/A,,N/A,,N/A,N/A,2018-01-16,75282186772781,False,N/A,False,,HK_GEMBOARD
HK.08495,1957 & CO.,4000,STOCK,N/A,,N/A,,N/A,N/A,2017-12-05,75127567950127,False,N/A,False,,HK_GEMBOARD
HK.08496,环球友饮智能,2500,STOCK,N/A,,N/A,,N/A,N/A,2020-05-18,78941498908976,False,N/A,False,,HK_GEMBOARD
HK.08500,天泓文创,10000,STOCK,N/A,,N/A,,N/A,N/A,2020-01-14,78421807866164,False,N/A,False,,HK_GEMBOARD
HK.08501,庄皇集团公司,2000,STOCK,N/A,,N/A,,N/A,N/A,2018-01-04,75234942132533,False,N/A,False,,HK_GEMBOARD
HK.08502,远航港口,8000,STOCK,N/A,,N/A,,N/A,N/A,2018-07-10,76055280886070,False,N/A,False,,HK_GEMBOARD
HK.08507,爱世纪集团,4000,STOCK,N/A,,N/A,,N/A,N/A,2018-04-16,75668733829435,False,N/A,False,,HK_GEMBOARD
HK.08509,威扬酒业控股,4000,STOCK,N/A,,N/A,,N/A,N/A,2018-01-12,75282186772797,False,N/A,False,,HK_GEMBOARD
HK.08510,TOPSTANDARDCORP,20000,STOCK,N/A,,N/A,,N/A,N/A,2018-02-13,75423920693566,False,N/A,False,,HK_GEMBOARD
HK.08511,民富国际,2000,STOCK,N/A,,N/A,,N/A,N/A,2018-04-20,75668733829439,False,N/A,False,,HK_GEMBOARD
HK.08512,凯富善集团控股,10000,STOCK,N/A,,N/A,,N/A,N/A,2018-07-19,76063870820672,False,N/A,False,,HK_GEMBOARD
HK.08513,加和国际控股-新,5000,STOCK,N/A,,N/A,,N/A,N/A,2018-01-19,75282186772801,False,N/A,False,,HK_GEMBOARD
HK.08516,中盈国际,5000,STOCK,N/A,,N/A,,N/A,N/A,2018-10-15,76459007811908,False,N/A,False,,HK_GEMBOARD
HK.08519,新享时代,20000,STOCK,N/A,,N/A,,N/A,N/A,2018-02-08,75415330758983,False,N/A,False,,HK_GEMBOARD
HK.08521,智云国际控股,5000,STOCK,N/A,,N/A,,N/A,N/A,2018-05-16,75806172782921,False,N/A,False,,HK_GEMBOARD
HK.08525,百应控股,2000,STOCK,N/A,,N/A,,N/A,N/A,2018-07-18,76076755722573,False,N/A,False,,HK_GEMBOARD
HK.08526,荣丰集团亚洲,10000,STOCK,N/A,,N/A,,N/A,N/A,2018-02-27,75475460301134,False,N/A,False,,HK_GEMBOARD
HK.08527,聚利宝控股,5000,STOCK,N/A,,N/A,,N/A,N/A,2018-05-09,75763223109967,False,N/A,False,,HK_GEMBOARD
HK.08529,优博控股,5000,STOCK,N/A,,N/A,,N/A,N/A,2024-06-03,85323820310865,False,N/A,False,,HK_GEMBOARD
HK.08532,宝发控股,8000,STOCK,N/A,,N/A,,N/A,N/A,2018-02-23,75423920693588,False,N/A,False,,HK_GEMBOARD
HK.08535,荧德控股,20000,STOCK,N/A,,N/A,,N/A,N/A,2018-02-12,75423920693591,False,N/A,False,,HK_GEMBOARD
HK.08536,TL NATURAL GAS,5000,STOCK,N/A,,N/A,,N/A,N/A,2018-05-18,75840532521304,False,N/A,False,,HK_GEMBOARD
HK.08537,创辉珠宝,10000,STOCK,N/A,,N/A,,N/A,N/A,2019-03-27,76459007811929,False,N/A,False,,HK_GEMBOARD
HK.08540,胜利证券,1000,STOCK,N/A,,N/A,,N/A,N/A,2018-07-16,76076755722588,False,N/A,False,,HK_GEMBOARD
HK.08545,佰悦集团,8000,STOCK,N/A,,N/A,,N/A,N/A,2018-05-31,75883482194273,False,N/A,False,,HK_GEMBOARD
HK.08547,PACIFIC LEGEND,10000,STOCK,N/A,,N/A,,N/A,N/A,2018-07-18,76063870820707,False,N/A,False,,HK_GEMBOARD
HK.08549,金叶国际集团,5000,STOCK,N/A,,N/A,,N/A,N/A,2025-10-10,87445534155109,False,N/A,False,,HK_GEMBOARD
HK.08567,万励达,500,STOCK,N/A,,N/A,,N/A,N/A,1970-01-01,86006720110967,False,N/A,False,,HK_GEMBOARD
HK.08576,申港控股股权,10000,STOCK,N/A,,N/A,,N/A,N/A,2024-04-02,85079007175040,False,N/A,False,,HK_GEMBOARD
HK.08579,龙皇集团,2400,STOCK,N/A,,N/A,,N/A,N/A,1970-01-01,87518548599171,False,N/A,False,,HK_GEMBOARD
HK.08585,艾硕控股股权,5000,STOCK,N/A,,N/A,,N/A,N/A,1970-01-01,87668872454537,False,N/A,False,,HK_GEMBOARD
HK.08586,城市酷选(旧),400,STOCK,N/A,,N/A,,N/A,N/A,1970-01-01,87724707029386,False,N/A,False,,HK_GEMBOARD
HK.08587,胜利证券(二千),2000,STOCK,N/A,,N/A,,N/A,N/A,2018-07-16,87780541604235,False,N/A,False,,HK_GEMBOARD
HK.08588,亮晴控股(一万),10000,STOCK,N/A,,N/A,,N/A,N/A,2018-10-15,87776246636940,False,N/A,False,,HK_GEMBOARD
HK.08589,中食民安股权,5000,STOCK,N/A,,N/A,,N/A,N/A,1970-01-01,87862145982861,False,N/A,False,,HK_GEMBOARD
HK.08590,浩柏国际股权,10000,STOCK,N/A,,N/A,,N/A,N/A,1970-01-01,87862145982862,False,N/A,False,,HK_GEMBOARD
HK.08591,加和国际控股-旧,2000,STOCK,N/A,,N/A,,N/A,N/A,1970-01-01,87866440950159,False,N/A,False,,HK_GEMBOARD
HK.08592,宝发控股,800,STOCK,N/A,,N/A,,N/A,N/A,1970-01-01,87900800688528,False,N/A,False,,HK_GEMBOARD
HK.08595,维亮控股股权,20000,STOCK,N/A,,N/A,,N/A,N/A,2026-01-22,87926570492307,False,N/A,False,,HK_GEMBOARD
HK.08601,宝燵控股,10000,STOCK,N/A,,N/A,,N/A,N/A,2018-09-13,76325863825817,False,N/A,False,,HK_GEMBOARD
HK.08603,亮晴控股,1000,STOCK,N/A,,N/A,,N/A,N/A,2018-10-15,76454712844699,False,N/A,False,,HK_GEMBOARD
HK.08606,倢冠控股,10000,STOCK,N/A,,N/A,,N/A,N/A,2018-07-16,76076755722654,False,N/A,False,,HK_GEMBOARD
HK.08610,BBSB INTL,4000,STOCK,N/A,,N/A,,N/A,N/A,2026-01-13,87840671146402,False,N/A,False,,HK_GEMBOARD
HK.08611,九福来,5000,STOCK,N/A,,N/A,,N/A,N/A,2018-10-22,76471892713891,False,N/A,False,,HK_GEMBOARD
HK.08612,维亮控股,20000,STOCK,N/A,,N/A,,N/A,N/A,2019-07-12,77622943949220,False,N/A,False,,HK_GEMBOARD
HK.08613,东方支付集团控股,10000,STOCK,N/A,,N/A,,N/A,N/A,2018-10-16,76450417877413,False,N/A,False,,HK_GEMBOARD
HK.08616,新威工程集团,10000,STOCK,N/A,,N/A,,N/A,N/A,2020-04-23,78816944857512,False,N/A,False,,HK_GEMBOARD
HK.08619,NIU HOLDINGS,10000,STOCK,N/A,,N/A,,N/A,N/A,2018-09-17,76334453760427,False,N/A,False,,HK_GEMBOARD
HK.08620,亚洲速运,5000,STOCK,N/A,,N/A,,N/A,N/A,2020-04-20,78816944857516,False,N/A,False,,HK_GEMBOARD
HK.08621,METROPOLIS CAP,8000,STOCK,N/A,,N/A,,N/A,N/A,2018-12-12,76725295784365,False,N/A,False,,HK_GEMBOARD
HK.08622,华康生物医学,8000,STOCK,N/A,,N/A,,N/A,N/A,2018-12-13,76725295784366,False,N/A,False,,HK_GEMBOARD
HK.08623,中国蜀塔,40000,STOCK,N/A,,N/A,,N/A,N/A,2020-07-10,79177722110383,False,N/A,False,,HK_GEMBOARD
HK.08627,旅橙文化,8000,STOCK,N/A,,N/A,,N/A,N/A,2019-11-14,78159814861235,False,N/A,False,,HK_GEMBOARD
HK.08629,集信国控,500,STOCK,N/A,,N/A,,N/A,N/A,2024-09-06,85727547236789,False,N/A,False,,HK_GEMBOARD
HK.08631,裕丰昌控股,10000,STOCK,N/A,,N/A,,N/A,N/A,2019-01-08,76815490097591,False,N/A,False,,HK_GEMBOARD
HK.08635,大象控股集团,4000,STOCK,N/A,,N/A,,N/A,N/A,2019-05-02,77309411336635,False,N/A,False,,HK_GEMBOARD
HK.08637,元续科技,1000,STOCK,N/A,,N/A,,N/A,N/A,2024-07-02,85444079395261,False,N/A,False,,HK_GEMBOARD
HK.08645,比特元宇宙,6000,STOCK,N/A,,N/A,,N/A,N/A,2019-12-09,78271484010949,False,N/A,False,,HK_GEMBOARD
HK.08646,中国宏光,3000,STOCK,N/A,,N/A,,N/A,N/A,2020-01-13,78426102833606,False,N/A,False,,HK_GEMBOARD
HK.08657,TRUE PARTNER,2000,STOCK,N/A,,N/A,,N/A,N/A,2020-10-16,79602923872721,False,N/A,False,,HK_GEMBOARD
HK.08659,易和国际控股,5000,STOCK,N/A,,N/A,,N/A,N/A,2020-07-13,79207786881491,False,N/A,False,,HK_GEMBOARD
HK.08668,瀛海集团,10000,STOCK,N/A,,N/A,,N/A,N/A,2019-09-26,77957951398364,False,N/A,False,,HK_GEMBOARD
HK.09600,新纽科技,800,STOCK,N/A,,N/A,,N/A,N/A,2021-01-06,79942226290048,False,N/A,False,,HK_MAINBOARD
HK.09606,映恩生物-B,100,STOCK,N/A,,N/A,,N/A,N/A,2025-04-15,86689619912070,False,N/A,False,,HK_MAINBOARD
HK.09608,宋都服务,10000,STOCK,N/A,,N/A,,N/A,N/A,2021-01-18,79998060864904,False,N/A,False,,HK_MAINBOARD
HK.09609,海伟股份,200,STOCK,N/A,,N/A,,N/A,N/A,2025-11-28,87664577488265,False,N/A,False,,HK_MAINBOARD
HK.09611,龙旗科技,100,STOCK,N/A,,N/A,,N/A,N/A,2026-01-22,87900800689547,False,N/A,False,,HK_MAINBOARD
HK.09616,东软睿新集团,800,STOCK,N/A,,N/A,,N/A,N/A,2020-09-29,79547089298832,False,N/A,False,,HK_MAINBOARD
HK.09618,京东集团-SW,50,STOCK,N/A,,N/A,,N/A,N/A,2020-06-18,79100412700050,False,N/A,False,,HK_MAINBOARD
HK.09626,哔哩哔哩-W,20,STOCK,N/A,,N/A,,N/A,N/A,2021-03-29,80328773346714,False,N/A,False,,HK_MAINBOARD
HK.09633,农夫山泉,200,STOCK,N/A,,N/A,,N/A,N/A,2020-09-08,79448305051041,False,N/A,False,,HK_MAINBOARD
HK.09636,九方智投控股,100,STOCK,N/A,,N/A,,N/A,N/A,2023-03-10,83386790061476,False,N/A,False,,HK_MAINBOARD
HK.09638,法拉帝,100,STOCK,N/A,,N/A,,N/A,N/A,2022-03-31,81913616278950,False,N/A,False,,HK_MAINBOARD
HK.09639,荣利营造,5000,STOCK,N/A,,N/A,,N/A,N/A,2024-10-09,85864986191271,False,N/A,False,,HK_MAINBOARD
HK.09658,特海国际,1000,STOCK,N/A,,N/A,,N/A,N/A,2022-12-30,83081847383482,False,N/A,False,,HK_MAINBOARD
HK.09660,地平线机器人-W,600,STOCK,N/A,,N/A,,N/A,N/A,2024-10-24,85946590569916,False,N/A,False,,HK_MAINBOARD
HK.09663,国鸿氢能,500,STOCK,N/A,,N/A,,N/A,N/A,2023-12-05,84555021166015,False,N/A,False,,HK_MAINBOARD
HK.09666,金科服务,100,STOCK,N/A,,N/A,,N/A,N/A,2020-11-17,79757542696386,False,N/A,False,,HK_MAINBOARD
HK.09668,渤海银行,500,STOCK,N/A,,N/A,,N/A,N/A,2020-07-16,79207786882500,False,N/A,False,,HK_MAINBOARD
HK.09669,北森控股,200,STOCK,N/A,,N/A,,N/A,N/A,2023-04-13,83515639080389,False,N/A,False,,HK_MAINBOARD
HK.09676,十月稻田,300,STOCK,N/A,,N/A,,N/A,N/A,2023-10-12,84297323128268,False,N/A,False,,HK_MAINBOARD
HK.09677,威海银行,1000,STOCK,N/A,,N/A,,N/A,N/A,2020-10-12,79598628906445,False,N/A,False,,HK_MAINBOARD
HK.09678,云知声,20,STOCK,N/A,,N/A,,N/A,N/A,2025-06-30,87007447492046,False,N/A,False,,HK_MAINBOARD
HK.09680,如祺出行,100,STOCK,N/A,,N/A,,N/A,N/A,2024-07-10,85474144167376,False,N/A,False,,HK_MAINBOARD
HK.09686,熙康云医院,500,STOCK,N/A,,N/A,,N/A,N/A,2023-09-28,84254373455318,False,N/A,False,,HK_MAINBOARD
HK.09688,再鼎医药,100,STOCK,N/A,,N/A,,N/A,N/A,2020-09-28,79547089298904,False,N/A,False,,HK_MAINBOARD
HK.09689,金泰丰国际控股,4000,STOCK,N/A,,N/A,,N/A,N/A,2018-01-17,83696027706841,False,N/A,False,,HK_MAINBOARD
HK.09690,途虎-W,100,STOCK,N/A,,N/A,,N/A,N/A,2023-09-26,84237193586138,False,N/A,False,,HK_MAINBOARD
HK.09696,天齐锂业,200,STOCK,N/A,,N/A,,N/A,N/A,2022-07-13,82343113008608,False,N/A,False,,HK_MAINBOARD
HK.09698,万国数据-SW,100,STOCK,N/A,,N/A,,N/A,N/A,2020-11-02,79693118186978,False,N/A,False,,HK_MAINBOARD
HK.09699,顺丰同城,200,STOCK,N/A,,N/A,,N/A,N/A,2021-12-14,81432579941859,False,N/A,False,,HK_MAINBOARD
HK.09857,柠萌影视,100,STOCK,N/A,,N/A,,N/A,N/A,2022-08-10,82467667060353,False,N/A,False,,HK_MAINBOARD
HK.09858,优然牧业,1000,STOCK,N/A,,N/A,,N/A,N/A,2021-06-18,80676665697922,False,N/A,False,,HK_MAINBOARD
HK.09860,艾迪康控股,500,STOCK,N/A,,N/A,,N/A,N/A,2023-06-30,83863531431556,False,N/A,False,,HK_MAINBOARD
HK.09863,零跑汽车,100,STOCK,N/A,,N/A,,N/A,N/A,2022-09-29,82695300327047,False,N/A,False,,HK_MAINBOARD
HK.09866,蔚来-SW,10,STOCK,N/A,,N/A,,N/A,N/A,2022-03-10,81819126998666,False,N/A,False,,HK_MAINBOARD
HK.09868,小鹏汽车-W,100,STOCK,N/A,,N/A,,N/A,N/A,2021-07-07,80753975109260,False,N/A,False,,HK_MAINBOARD
HK.09869,海伦司,500,STOCK,N/A,,N/A,,N/A,N/A,2021-09-10,81041737918093,False,N/A,False,,HK_MAINBOARD
HK.09876,大洋环球控股,2000,STOCK,N/A,,N/A,,N/A,N/A,2017-10-19,87544318404244,False,N/A,False,,HK_MAINBOARD
HK.09877,健世科技-B,200,STOCK,N/A,,N/A,,N/A,N/A,2022-10-10,82708185228949,False,N/A,False,,HK_MAINBOARD
HK.09878,汇通达网络,100,STOCK,N/A,,N/A,,N/A,N/A,2022-02-18,81698867914390,False,N/A,False,,HK_MAINBOARD
HK.09879,米高集团,1000,STOCK,N/A,,N/A,,N/A,N/A,2024-03-21,85014582666903,False,N/A,False,,HK_MAINBOARD
HK.09880,优必选,50,STOCK,N/A,,N/A,,N/A,N/A,2023-12-29,84649510446744,False,N/A,False,,HK_MAINBOARD
HK.09881,容大科技,500,STOCK,N/A,,N/A,,N/A,N/A,2025-06-10,86917253179033,False,N/A,False,,HK_MAINBOARD
HK.09882,永联丰控股,2000,STOCK,N/A,,N/A,,N/A,N/A,2019-11-15,84275848291994,False,N/A,False,,HK_MAINBOARD
HK.09885,药师帮,200,STOCK,N/A,,N/A,,N/A,N/A,2023-06-28,83846351562397,False,N/A,False,,HK_MAINBOARD
HK.09886,叮当健康,500,STOCK,N/A,,N/A,,N/A,N/A,2022-09-14,82613695948446,False,N/A,False,,HK_MAINBOARD
HK.09887,维立志博-B,100,STOCK,N/A,,N/A,,N/A,N/A,2025-07-25,87123411609247,False,N/A,False,,HK_MAINBOARD
HK.09888,百度集团-SW,50,STOCK,N/A,,N/A,,N/A,N/A,2021-03-23,80303003543200,False,N/A,False,,HK_MAINBOARD
HK.09889,东莞农商银行,1000,STOCK,N/A,,N/A,,N/A,N/A,2021-09-29,81110457394849,False,N/A,False,,HK_MAINBOARD
HK.09890,贪玩,200,STOCK,N/A,,N/A,,N/A,N/A,2023-09-28,84254373455522,False,N/A,False,,HK_MAINBOARD
HK.09893,比优集团,20000,STOCK,N/A,,N/A,,N/A,N/A,2004-08-06,86449101743781,False,N/A,False,,HK_MAINBOARD
HK.09896,名创优品,200,STOCK,N/A,,N/A,,N/A,N/A,2022-07-13,82343113008808,False,N/A,False,,HK_MAINBOARD
HK.09898,微博-SW,20,STOCK,N/A,,N/A,,N/A,N/A,2021-12-08,81428284974762,False,N/A,False,,HK_MAINBOARD
HK.09899,网易云音乐,50,STOCK,N/A,,N/A,,N/A,N/A,2021-12-02,81402515170987,False,N/A,False,,HK_MAINBOARD
HK.09900,智云科技建设,4000,STOCK,N/A,,N/A,,N/A,N/A,2018-02-13,78408922965676,False,N/A,False,,HK_MAINBOARD
HK.09901,新东方-S,100,STOCK,N/A,,N/A,,N/A,N/A,2020-11-09,79723182958253,False,N/A,False,,HK_MAINBOARD
HK.09903,天数智芯,100,STOCK,N/A,,N/A,,N/A,N/A,2026-01-08,87836376180399,False,N/A,False,,HK_MAINBOARD
HK.09906,宏力医疗管理,2000,STOCK,N/A,,N/A,,N/A,N/A,2020-07-13,79182017078962,False,N/A,False,,HK_MAINBOARD
HK.09908,嘉兴燃气,500,STOCK,N/A,,N/A,,N/A,N/A,2020-07-16,79207786882740,False,N/A,False,,HK_MAINBOARD
HK.09909,宝龙商业,500,STOCK,N/A,,N/A,,N/A,N/A,2019-12-30,78361678325429,False,N/A,False,,HK_MAINBOARD
HK.09911,赤子城科技,2000,STOCK,N/A,,N/A,,N/A,N/A,2019-12-31,78365973292727,False,N/A,False,,HK_MAINBOARD
HK.09913,智勤控股,4000,STOCK,N/A,,N/A,,N/A,N/A,2020-08-14,79336635901625,False,N/A,False,,HK_MAINBOARD
HK.09916,兴业物联,2000,STOCK,N/A,,N/A,,N/A,N/A,2020-03-09,78666621003452,False,N/A,False,,HK_MAINBOARD
HK.09918,丽年国际,2000,STOCK,N/A,,N/A,,N/A,N/A,2020-01-10,78408922965694,False,N/A,False,,HK_MAINBOARD
HK.09919,艾德韦宣集团,2000,STOCK,N/A,,N/A,,N/A,N/A,2020-01-16,78426102834879,False,N/A,False,,HK_MAINBOARD
HK.09922,九毛九,1000,STOCK,N/A,,N/A,,N/A,N/A,2020-01-15,78421807867586,False,N/A,False,,HK_MAINBOARD
HK.09923,移卡,400,STOCK,N/A,,N/A,,N/A,N/A,2020-06-01,79027398256323,False,N/A,False,,HK_MAINBOARD
HK.09926,康方生物,1000,STOCK,N/A,,N/A,,N/A,N/A,2020-04-24,78877074400966,False,N/A,False,,HK_MAINBOARD
HK.09927,赛力斯,100,STOCK,N/A,,N/A,,N/A,N/A,2025-11-05,87561498273479,False,N/A,False,,HK_MAINBOARD
HK.09928,时代邻里,1000,STOCK,N/A,,N/A,,N/A,N/A,2019-12-19,78331613554376,False,N/A,False,,HK_MAINBOARD
HK.09929,澳达控股,10000,STOCK,N/A,,N/A,,N/A,N/A,2020-02-14,78559246821065,False,N/A,False,,HK_MAINBOARD
HK.09930,宏信建发,1000,STOCK,N/A,,N/A,,N/A,N/A,2023-05-25,83700322674378,False,N/A,False,,HK_MAINBOARD
HK.09933,GHW INTL,4000,STOCK,N/A,,N/A,,N/A,N/A,2020-01-21,78426102834893,False,N/A,False,,HK_MAINBOARD
HK.09936,稀美资源,2500,STOCK,N/A,,N/A,,N/A,N/A,2020-03-12,78670915970768,False,N/A,False,,HK_MAINBOARD
HK.09938,华和控股,5000,STOCK,N/A,,N/A,,N/A,N/A,2020-01-17,78426102834898,False,N/A,False,,HK_MAINBOARD
HK.09939,开拓药业-B,500,STOCK,N/A,,N/A,,N/A,N/A,2020-05-22,78997333485267,False,N/A,False,,HK_MAINBOARD
HK.09955,智云健康,100,STOCK,N/A,,N/A,,N/A,N/A,2022-07-06,82313048237795,False,N/A,False,,HK_MAINBOARD
HK.09956,安能物流,500,STOCK,N/A,,N/A,,N/A,N/A,2021-11-11,81299435955940,False,N/A,False,,HK_MAINBOARD
HK.09958,力天影业,1000,STOCK,N/A,,N/A,,N/A,N/A,2020-06-22,79121887536870,False,N/A,False,,HK_MAINBOARD
HK.09959,联易融科技-W,500,STOCK,N/A,,N/A,,N/A,N/A,2021-04-09,80363133085415,False,N/A,False,,HK_MAINBOARD
HK.09960,康圣环球,500,STOCK,N/A,,N/A,,N/A,N/A,2021-07-16,80771154978536,False,N/A,False,,HK_MAINBOARD
HK.09961,携程集团-S,50,STOCK,N/A,,N/A,,N/A,N/A,2021-04-19,80418967660265,False,N/A,False,,HK_MAINBOARD
HK.09963,高科桥,2000,STOCK,N/A,,N/A,,N/A,N/A,2017-07-20,79753247729387,False,N/A,False,,HK_MAINBOARD
HK.09966,康宁杰瑞制药-B,1000,STOCK,N/A,,N/A,,N/A,N/A,2019-12-12,78301548783342,False,N/A,False,,HK_MAINBOARD
HK.09968,汇景控股,2000,STOCK,N/A,,N/A,,N/A,N/A,2020-01-16,78426102834928,False,N/A,False,,HK_MAINBOARD
HK.09969,诺诚健华,1000,STOCK,N/A,,N/A,,N/A,N/A,2020-03-23,78731045512945,False,N/A,False,,HK_MAINBOARD
HK.09973,奇瑞汽车,100,STOCK,N/A,,N/A,,N/A,N/A,2025-09-25,87389699581685,False,N/A,False,,HK_MAINBOARD
HK.09978,方圆生活服务,4000,STOCK,N/A,,N/A,,N/A,N/A,2017-11-15,79061757994746,False,N/A,False,,HK_MAINBOARD
HK.09979,绿城管理控股,1000,STOCK,N/A,,N/A,,N/A,N/A,2020-07-10,79203491915515,False,N/A,False,,HK_MAINBOARD
HK.09980,东鹏饮料,100,STOCK,N/A,,N/A,,N/A,N/A,2026-02-03,87952340297468,False,N/A,False,,HK_MAINBOARD
HK.09982,中原建业,2000,STOCK,N/A,,N/A,,N/A,N/A,2021-05-31,80590766352126,False,N/A,False,,HK_MAINBOARD
HK.09983,建业新生活,1000,STOCK,N/A,,N/A,,N/A,N/A,2020-05-15,78967268714239,False,N/A,False,,HK_MAINBOARD
HK.09985,卫龙美味,200,STOCK,N/A,,N/A,,N/A,N/A,2022-12-15,82974473201409,False,N/A,False,,HK_MAINBOARD
HK.09986,大山教育,2000,STOCK,N/A,,N/A,,N/A,N/A,2020-07-15,79203491915522,False,N/A,False,,HK_MAINBOARD
HK.09987,百胜中国,50,STOCK,N/A,,N/A,,N/A,N/A,2020-09-10,79469779887875,False,N/A,False,,HK_MAINBOARD
HK.09988,阿里巴巴-W,100,STOCK,N/A,,N/A,,N/A,N/A,2019-11-26,78224239372036,False,N/A,False,,HK_MAINBOARD
HK.09989,海普瑞,500,STOCK,N/A,,N/A,,N/A,N/A,2020-07-08,79182017079045,False,N/A,False,,HK_MAINBOARD
HK.09990,祖龙娱乐,1000,STOCK,N/A,,N/A,,N/A,N/A,2020-07-15,79207786882822,False,N/A,False,,HK_MAINBOARD
HK.09991,宝尊电商-W,100,STOCK,N/A,,N/A,,N/A,N/A,2020-09-29,79551384266503,False,N/A,False,,HK_MAINBOARD
HK.09992,泡泡玛特,200,STOCK,N/A,,N/A,,N/A,N/A,2020-12-11,79869211846408,False,N/A,False,,HK_MAINBOARD
HK.09993,金辉控股,1000,STOCK,N/A,,N/A,,N/A,N/A,2020-10-29,79671643350793,False,N/A,False,,HK_MAINBOARD
HK.09995,荣昌生物,500,STOCK,N/A,,N/A,,N/A,N/A,2020-11-09,79723182958347,False,N/A,False,,HK_MAINBOARD
HK.09996,沛嘉医疗-B,1000,STOCK,N/A,,N/A,,N/A,N/A,2020-05-15,78967268714252,False,N/A,False,,HK_MAINBOARD
HK.09998,光荣控股,5000,STOCK,N/A,,N/A,,N/A,N/A,2020-01-08,78396038063886,False,N/A,False,,HK_MAINBOARD
HK.09999,网易-S,100,STOCK,N/A,,N/A,,N/A,N/A,2020-06-11,79083232831247,False,N/A,False,,HK_MAINBOARD
HK.41460,轩竹生物科技股份超额认购权,1,STOCK,N/A,,N/A,,N/A,N/A,1970-01-01,87471303991796,False,N/A,False,,HK_MAINBOARD
HK.44018,绿叶制药优先认购权,0,STOCK,N/A,,N/A,,N/A,N/A,1970-01-01,83081847417842,False,N/A,False,,HK_MAINBOARD
HK.44084,国家联合资源,0,STOCK,N/A,,N/A,,N/A,N/A,1970-01-01,81673098144820,False,N/A,False,,HK_MAINBOARD
HK.44099,众安集团优先认购权,0,STOCK,N/A,,N/A,,N/A,N/A,1970-01-01,83146271927363,False,N/A,False,,HK_MAINBOARD
HK.44127,蓝光嘉宝服务(已退市),100,STOCK,N/A,,N/A,,N/A,N/A,1970-01-01,85568633482335,False,N/A,False,,HK_MAINBOARD
HK.44128,福泽集团,0,STOCK,N/A,,N/A,,N/A,N/A,1970-01-01,81398220237920,False,N/A,False,,HK_GEMBOARD
HK.44140,铭霖控股,0,STOCK,N/A,,N/A,,N/A,N/A,1970-01-01,81368155466860,False,N/A,False,,HK_MAINBOARD
HK.44146,即时科研,0,STOCK,N/A,,N/A,,N/A,N/A,1970-01-01,81471234681970,False,N/A,False,,HK_GEMBOARD
HK.44147,明华科技,0,STOCK,N/A,,N/A,,N/A,N/A,1970-01-01,81501299453043,False,N/A,False,,HK_GEMBOARD
HK.44148,俊文宝石,0,STOCK,N/A,,N/A,,N/A,N/A,1970-01-01,81552839060596,False,N/A,False,,HK_GEMBOARD
HK.44151,优派能源发展,0,STOCK,N/A,,N/A,,N/A,N/A,1970-01-01,81643033373815,False,N/A,False,,HK_MAINBOARD
HK.44152,鸿宝资源,0,STOCK,N/A,,N/A,,N/A,N/A,1970-01-01,81767587425400,False,N/A,False,,HK_MAINBOARD
HK.44154,华多利集团,0,STOCK,N/A,,N/A,,N/A,N/A,1970-01-01,81797652196474,False,N/A,False,,HK_MAINBOARD
HK.44155,长兴国际,0,STOCK,N/A,,N/A,,N/A,N/A,1970-01-01,81797652196475,False,N/A,False,,HK_MAINBOARD
HK.44156,中国节能海东青,0,STOCK,N/A,,N/A,,N/A,N/A,1970-01-01,81819127032956,False,N/A,False,,HK_MAINBOARD
HK.44158,西北实业,0,STOCK,N/A,,N/A,,N/A,N/A,1970-01-01,81862076705918,False,N/A,False,,HK_GEMBOARD
HK.44159,南华资产控股,0,STOCK,N/A,,N/A,,N/A,N/A,1970-01-01,81909321346175,False,N/A,False,,HK_GEMBOARD
HK.44160,益华控股,0,STOCK,N/A,,N/A,,N/A,N/A,1970-01-01,81956565986432,False,N/A,False,,HK_MAINBOARD
HK.44161,星美文化旅游,0,STOCK,N/A,,N/A,,N/A,N/A,1970-01-01,81969450888321,False,N/A,False,,HK_MAINBOARD
HK.44162,美丽中国控股,0,STOCK,N/A,,N/A,,N/A,N/A,1970-01-01,82008105593986,False,N/A,False,,HK_MAINBOARD
HK.44165,中国绿宝,0,STOCK,N/A,,N/A,,N/A,N/A,1970-01-01,82038170365061,False,N/A,False,,HK_MAINBOARD
HK.44166,光宇国际集团科技,0,STOCK,N/A,,N/A,,N/A,N/A,1970-01-01,82042465332358,False,N/A,False,,HK_MAINBOARD
HK.44167,志高控股,0,STOCK,N/A,,N/A,,N/A,N/A,1970-01-01,82038170365063,False,N/A,False,,HK_MAINBOARD
HK.44169,林达控股,0,STOCK,N/A,,N/A,,N/A,N/A,1970-01-01,82136954612873,False,N/A,False,,HK_MAINBOARD
HK.44174,天成国际,0,STOCK,N/A,,N/A,,N/A,N/A,1970-01-01,82158429449358,False,N/A,False,,HK_MAINBOARD
HK.44175,新威斯顿,0,STOCK,N/A,,N/A,,N/A,N/A,1970-01-01,82158429449359,False,N/A,False,,HK_GEMBOARD
HK.44176,华人策略控股,0,STOCK,N/A,,N/A,,N/A,N/A,1970-01-01,82184199253136,False,N/A,False,,HK_GEMBOARD
HK.44190,仁天科技控股,0,STOCK,N/A,,N/A,,N/A,N/A,1970-01-01,82278688533662,False,N/A,False,,HK_MAINBOARD
HK.44194,嗖嗖互联,0,STOCK,N/A,,N/A,,N/A,N/A,1970-01-01,82300163370146,False,N/A,False,,HK_GEMBOARD
HK.44197,旭光高新材料,0,STOCK,N/A,,N/A,,N/A,N/A,1970-01-01,82343113043109,False,N/A,False,,HK_MAINBOARD
HK.44198,HON CORP,0,STOCK,N/A,,N/A,,N/A,N/A,1970-01-01,82368882846886,False,N/A,False,,HK_GEMBOARD
HK.45703,大发地产,0,STOCK,N/A,,N/A,,N/A,N/A,1970-01-01,86045374853767,False,N/A,False,,HK_MAINBOARD
HK.45704,大唐集团控股,0,STOCK,N/A,,N/A,,N/A,N/A,1970-01-01,86045374853768,False,N/A,False,,HK_MAINBOARD
HK.45705,金禧国际控股,0,STOCK,N/A,,N/A,,N/A,N/A,1970-01-01,86075439624841,False,N/A,False,,HK_MAINBOARD
HK.45706,金石投资集团,0,STOCK,N/A,,N/A,,N/A,N/A,1970-01-01,86075439624842,False,N/A,False,,HK_MAINBOARD
HK.45709,祥生控股集团,0,STOCK,N/A,,N/A,,N/A,N/A,1970-01-01,86105504395917,False,N/A,False,,HK_MAINBOARD
HK.45710,拉夏贝尔,0,STOCK,N/A,,N/A,,N/A,N/A,1970-01-01,86126979232398,False,N/A,False,,HK_MAINBOARD
HK.45711,中国基建投资,0,STOCK,N/A,,N/A,,N/A,N/A,1970-01-01,86131274199695,False,N/A,False,,HK_MAINBOARD
HK.45712,宝宝树集团,0,STOCK,N/A,,N/A,,N/A,N/A,1970-01-01,86221468512912,False,N/A,False,,HK_MAINBOARD
HK.45714,花房集团,0,STOCK,N/A,,N/A,,N/A,N/A,1970-01-01,86273008120466,False,N/A,False,,HK_MAINBOARD
HK.45715,克莉丝汀,0,STOCK,N/A,,N/A,,N/A,N/A,1970-01-01,86315957793427,False,N/A,False,,HK_MAINBOARD
HK.45716,腾邦控股,0,STOCK,N/A,,N/A,,N/A,N/A,1970-01-01,86337432629908,False,N/A,False,,HK_MAINBOARD
HK.45719,甘露国际发展,0,STOCK,N/A,,N/A,,N/A,N/A,1970-01-01,86363202433687,False,N/A,False,,HK_MAINBOARD
HK.45720,东骏控股,0,STOCK,N/A,,N/A,,N/A,N/A,1970-01-01,86449101779608,False,N/A,False,,HK_GEMBOARD
HK.45723,煜盛文化,0,STOCK,N/A,,N/A,,N/A,N/A,1970-01-01,86466281648795,False,N/A,False,,HK_MAINBOARD
HK.45725,上置集团,0,STOCK,N/A,,N/A,,N/A,N/A,1970-01-01,86547886027421,False,N/A,False,,HK_MAINBOARD
HK.45728,西王特钢,0,STOCK,N/A,,N/A,,N/A,N/A,1970-01-01,86706799817376,False,N/A,False,,HK_MAINBOARD
HK.45729,银城国际控股,0,STOCK,N/A,,N/A,,N/A,N/A,1970-01-01,86706799817377,False,N/A,False,,HK_MAINBOARD
HK.45730,双运控股,0,STOCK,N/A,,N/A,,N/A,N/A,1970-01-01,86723979686562,False,N/A,False,,HK_MAINBOARD
HK.45731,中泛控股,0,STOCK,N/A,,N/A,,N/A,N/A,1970-01-01,86827058901667,False,N/A,False,,HK_MAINBOARD
HK.45739,南大苏富特,0,STOCK,N/A,,N/A,,N/A,N/A,1970-01-01,86878598509227,False,N/A,False,,HK_GEMBOARD
HK.45740,纳尼亚集团,0,STOCK,N/A,,N/A,,N/A,N/A,1970-01-01,86878598509228,False,N/A,False,,HK_GEMBOARD
HK.45753,中国新电信,0,STOCK,N/A,,N/A,,N/A,N/A,1970-01-01,87179246219961,False,N/A,False,,HK_GEMBOARD
HK.45754,常满控股,0,STOCK,N/A,,N/A,,N/A,N/A,1970-01-01,87217900925626,False,N/A,False,,HK_GEMBOARD
HK.45756,诺发集团,0,STOCK,N/A,,N/A,,N/A,N/A,1970-01-01,87269440533180,False,N/A,False,,HK_MAINBOARD
HK.45757,中国恒大,0,STOCK,N/A,,N/A,,N/A,N/A,1970-01-01,87338160009917,False,N/A,False,,HK_MAINBOARD
HK.45758,凯升控股,0,STOCK,N/A,,N/A,,N/A,N/A,1970-01-01,87368224780990,False,N/A,False,,HK_MAINBOARD
HK.45759,LET GROUP,0,STOCK,N/A,,N/A,,N/A,N/A,1970-01-01,87368224780991,False,N/A,False,,HK_MAINBOARD
HK.45761,普甜食品,0,STOCK,N/A,,N/A,,N/A,N/A,1970-01-01,87419764388545,False,N/A,False,,HK_MAINBOARD
HK.45762,西证国际证券,0,STOCK,N/A,,N/A,,N/A,N/A,1970-01-01,87505663734466,False,N/A,False,,HK_MAINBOARD
HK.45765,富汇国际集团控股,0,STOCK,N/A,,N/A,,N/A,N/A,1970-01-01,87565793276613,False,N/A,False,,HK_MAINBOARD
HK.45766,上坤地产,0,STOCK,N/A,,N/A,,N/A,N/A,1970-01-01,87621627851462,False,N/A,False,,HK_MAINBOARD
HK.45767,浦江国际,0,STOCK,N/A,,N/A,,N/A,N/A,1970-01-01,87621627851463,False,N/A,False,,HK_MAINBOARD
HK.45768,建中建设,0,STOCK,N/A,,N/A,,N/A,N/A,1970-01-01,87621627851464,False,N/A,False,,HK_MAINBOARD
HK.45769,诺辉健康,0,STOCK,N/A,,N/A,,N/A,N/A,1970-01-01,87621627851465,False,N/A,False,,HK_MAINBOARD
HK.45770,SDM教育,0,STOCK,N/A,,N/A,,N/A,N/A,1970-01-01,87651692622538,False,N/A,False,,HK_GEMBOARD
HK.45771,中国航天万源,0,STOCK,N/A,,N/A,,N/A,N/A,1970-01-01,87651692622539,False,N/A,False,,HK_MAINBOARD
HK.45772,LHN,0,STOCK,N/A,,N/A,,N/A,N/A,1970-01-01,87655987589836,False,N/A,False,,HK_MAINBOARD
HK.45781,东方汇财证券,0,STOCK,N/A,,N/A,,N/A,N/A,1970-01-01,87698937262805,False,N/A,False,,HK_GEMBOARD
HK.45782,盛京银行,0,STOCK,N/A,,N/A,,N/A,N/A,1970-01-01,87720412099286,False,N/A,False,,HK_MAINBOARD
HK.45783,九台农商银行,0,STOCK,N/A,,N/A,,N/A,N/A,1970-01-01,87741886935767,False,N/A,False,,HK_MAINBOARD
HK.45786,艾伯科技,0,STOCK,N/A,,N/A,,N/A,N/A,1970-01-01,87789131576026,False,N/A,False,,HK_MAINBOARD
HK.45790,洪九果品,0,STOCK,N/A,,N/A,,N/A,N/A,1970-01-01,87896505758430,False,N/A,False,,HK_MAINBOARD
HK.45791,德信中国,0,STOCK,N/A,,N/A,,N/A,N/A,1970-01-01,87926570529503,False,N/A,False,,HK_MAINBOARD
HK.45800,泰山石化,0,STOCK,N/A,,N/A,,N/A,N/A,1970-01-01,84207128851176,False,N/A,False,,HK_MAINBOARD
HK.45801,国艺集团控股,0,STOCK,N/A,,N/A,,N/A,N/A,1970-01-01,84224308720361,False,N/A,False,,HK_GEMBOARD
HK.45806,共享集团,0,STOCK,N/A,,N/A,,N/A,N/A,1970-01-01,84267258393326,False,N/A,False,,HK_MAINBOARD
HK.45807,中国清洁能源科技,0,STOCK,N/A,,N/A,,N/A,N/A,1970-01-01,84284438262511,False,N/A,False,,HK_MAINBOARD
HK.45808,华记环球集团,0,STOCK,N/A,,N/A,,N/A,N/A,1970-01-01,84301618131696,False,N/A,False,,HK_MAINBOARD
HK.45811,胜捷企业,0,STOCK,N/A,,N/A,,N/A,N/A,1970-01-01,84499186627315,False,N/A,False,,HK_MAINBOARD
HK.45812,中国数码信息,0,STOCK,N/A,,N/A,,N/A,N/A,1970-01-01,84494891660020,False,N/A,False,,HK_MAINBOARD
HK.45813,新海能源,0,STOCK,N/A,,N/A,,N/A,N/A,1970-01-01,84494891660021,False,N/A,False,,HK_MAINBOARD
HK.45814,中国创意数码,0,STOCK,N/A,,N/A,,N/A,N/A,1970-01-01,84752589697782,False,N/A,False,,HK_GEMBOARD
HK.45816,高银金融,0,STOCK,N/A,,N/A,,N/A,N/A,1970-01-01,84494891660024,False,N/A,False,,HK_MAINBOARD
HK.45817,海升果汁,0,STOCK,N/A,,N/A,,N/A,N/A,1970-01-01,84494891660025,False,N/A,False,,HK_MAINBOARD
HK.45818,南海控股,0,STOCK,N/A,,N/A,,N/A,N/A,1970-01-01,84563611136762,False,N/A,False,,HK_MAINBOARD
HK.45820,银基集团,0,STOCK,N/A,,N/A,,N/A,N/A,1970-01-01,84632330613500,False,N/A,False,,HK_MAINBOARD
HK.45821,元宇宙云科,0,STOCK,N/A,,N/A,,N/A,N/A,1970-01-01,84632330613501,False,N/A,False,,HK_GEMBOARD
HK.45822,泰加保险,0,STOCK,N/A,,N/A,,N/A,N/A,1970-01-01,84645215515390,False,N/A,False,,HK_MAINBOARD
HK.45823,嘉年华国际,0,STOCK,N/A,,N/A,,N/A,N/A,1970-01-01,84662395384575,False,N/A,False,,HK_MAINBOARD
HK.45824,三盛控股,0,STOCK,N/A,,N/A,,N/A,N/A,1970-01-01,84743999763200,False,N/A,False,,HK_MAINBOARD
HK.45825,华夏能源控股,0,STOCK,N/A,,N/A,,N/A,N/A,1970-01-01,84752589697793,False,N/A,False,,HK_GEMBOARD
HK.45826,大生农业金融,0,STOCK,N/A,,N/A,,N/A,N/A,1970-01-01,84774064534274,False,N/A,False,,HK_MAINBOARD
HK.45828,中绿,0,STOCK,N/A,,N/A,,N/A,N/A,1970-01-01,84842784011012,False,N/A,False,,HK_MAINBOARD
HK.45829,星宇控股,0,STOCK,N/A,,N/A,,N/A,N/A,1970-01-01,84868553814789,False,N/A,False,,HK_MAINBOARD
HK.45836,湾区黄金,0,STOCK,N/A,,N/A,,N/A,N/A,1970-01-01,85070417277708,False,N/A,False,,HK_MAINBOARD
HK.45838,新华联资本,0,STOCK,N/A,,N/A,,N/A,N/A,1970-01-01,85100482048782,False,N/A,False,,HK_MAINBOARD
HK.45842,创建集团控股,0,STOCK,N/A,,N/A,,N/A,N/A,1970-01-01,85156316623634,False,N/A,False,,HK_MAINBOARD
HK.45845,丝路物流控股,0,STOCK,N/A,,N/A,,N/A,N/A,1970-01-01,85246510936853,False,N/A,False,,HK_MAINBOARD
HK.45846,中智全球,0,STOCK,N/A,,N/A,,N/A,N/A,1970-01-01,85315230413590,False,N/A,False,,HK_MAINBOARD
HK.45847,东正金融,1000,STOCK,N/A,,N/A,,N/A,N/A,1970-01-01,85336705250071,False,N/A,False,,HK_MAINBOARD
HK.45848,百田石油,0,STOCK,N/A,,N/A,,N/A,N/A,1970-01-01,85280870675224,False,N/A,False,,HK_GEMBOARD
HK.45849,无缝绿色,0,STOCK,N/A,,N/A,,N/A,N/A,1970-01-01,85280870675225,False,N/A,False,,HK_GEMBOARD
HK.45850,宝申控股,0,STOCK,N/A,,N/A,,N/A,N/A,1970-01-01,85276575707930,False,N/A,False,,HK_GEMBOARD
HK.45853,泰坦智华科技,0,STOCK,N/A,,N/A,,N/A,N/A,1970-01-01,85349590151965,False,N/A,False,,HK_MAINBOARD
HK.45855,中集车辆,0,STOCK,N/A,,N/A,,N/A,N/A,1970-01-01,85431194530591,False,N/A,False,,HK_MAINBOARD
HK.45859,博华太平洋,0,STOCK,N/A,,N/A,,N/A,N/A,1970-01-01,85474144203555,False,N/A,False,,HK_MAINBOARD
HK.45865,中怡国际,0,STOCK,N/A,,N/A,,N/A,N/A,1970-01-01,85611583157033,False,N/A,False,,HK_MAINBOARD
HK.45866,全民国际,0,STOCK,N/A,,N/A,,N/A,N/A,1970-01-01,85620173091626,False,N/A,False,,HK_GEMBOARD
HK.45869,锦州银行,0,STOCK,N/A,,N/A,,N/A,N/A,1970-01-01,86045374853933,False,N/A,False,,HK_MAINBOARD
HK.45872,中国支付通,0,STOCK,N/A,,N/A,,N/A,N/A,1970-01-01,85684597601072,False,N/A,False,,HK_GEMBOARD
HK.45874,中国地利,0,STOCK,N/A,,N/A,,N/A,N/A,1970-01-01,85714662372146,False,N/A,False,,HK_MAINBOARD
HK.45879,移动互联(中国),0,STOCK,N/A,,N/A,,N/A,N/A,1970-01-01,85731842241335,False,N/A,False,,HK_MAINBOARD
HK.45882,中国农业生态,0,STOCK,N/A,,N/A,,N/A,N/A,1970-01-01,85740432175930,False,N/A,False,,HK_GEMBOARD
HK.45897,幸福控股,0,STOCK,N/A,,N/A,,N/A,N/A,1970-01-01,85886461064009,False,N/A,False,,HK_MAINBOARD
HK.45900,新昌创展控股,0,STOCK,N/A,,N/A,,N/A,N/A,1970-01-01,82463372129100,False,N/A,False,,HK_MAINBOARD
HK.45901,银合控股,0,STOCK,N/A,,N/A,,N/A,N/A,1970-01-01,82497731867469,False,N/A,False,,HK_GEMBOARD
HK.45902,利标品牌,0,STOCK,N/A,,N/A,,N/A,N/A,1970-01-01,82497731867470,False,N/A,False,,HK_MAINBOARD
HK.45903,中创环球,0,STOCK,N/A,,N/A,,N/A,N/A,1970-01-01,82493436900175,False,N/A,False,,HK_MAINBOARD
HK.45904,中国源畅,0,STOCK,N/A,,N/A,,N/A,N/A,1970-01-01,82557861409616,False,N/A,False,,HK_MAINBOARD
HK.45905,勒泰集团,0,STOCK,N/A,,N/A,,N/A,N/A,1970-01-01,82609401017169,False,N/A,False,,HK_MAINBOARD
HK.45906,八零八八投资,0,STOCK,N/A,,N/A,,N/A,N/A,1970-01-01,82617990951762,False,N/A,False,,HK_GEMBOARD
HK.45907,汇银控股集团,0,STOCK,N/A,,N/A,,N/A,N/A,1970-01-01,82617990951763,False,N/A,False,,HK_MAINBOARD
HK.45913,国盛投资,0,STOCK,N/A,,N/A,,N/A,N/A,1970-01-01,82751134937945,False,N/A,False,,HK_MAINBOARD
HK.45914,广州基金国际控股,0,STOCK,N/A,,N/A,,N/A,N/A,1970-01-01,82751134937946,False,N/A,False,,HK_MAINBOARD
HK.45917,永耀集团控股,0,STOCK,N/A,,N/A,,N/A,N/A,1970-01-01,82858509120349,False,N/A,False,,HK_GEMBOARD
HK.45918,利兴发展,0,STOCK,N/A,,N/A,,N/A,N/A,1970-01-01,82858509120350,False,N/A,False,,HK_MAINBOARD
HK.45919,润东汽车,0,STOCK,N/A,,N/A,,N/A,N/A,1970-01-01,82914343695199,False,N/A,False,,HK_MAINBOARD
HK.45920,高富集团控股,0,STOCK,N/A,,N/A,,N/A,N/A,1970-01-01,82914343695200,False,N/A,False,,HK_MAINBOARD
HK.45921,冠华国际控股,0,STOCK,N/A,,N/A,,N/A,N/A,1970-01-01,82935818531681,False,N/A,False,,HK_MAINBOARD
HK.45925,利邦,0,STOCK,N/A,,N/A,,N/A,N/A,1970-01-01,82914343695205,False,N/A,False,,HK_MAINBOARD
HK.45926,平安证券集团控股,0,STOCK,N/A,,N/A,,N/A,N/A,1970-01-01,82944408466278,False,N/A,False,,HK_MAINBOARD
HK.45927,融信资源,0,STOCK,N/A,,N/A,,N/A,N/A,1970-01-01,82948703433575,False,N/A,False,,HK_MAINBOARD
HK.45928,国安国际,0,STOCK,N/A,,N/A,,N/A,N/A,1970-01-01,82978768204648,False,N/A,False,,HK_MAINBOARD
HK.45929,中国赛特,0,STOCK,N/A,,N/A,,N/A,N/A,1970-01-01,82995948073833,False,N/A,False,,HK_MAINBOARD
HK.45930,天然乳品,0,STOCK,N/A,,N/A,,N/A,N/A,1970-01-01,83038897746794,False,N/A,False,,HK_MAINBOARD
HK.45932,浩泽净水,0,STOCK,N/A,,N/A,,N/A,N/A,1970-01-01,83068962517868,False,N/A,False,,HK_MAINBOARD
HK.45933,中能国际控股,0,STOCK,N/A,,N/A,,N/A,N/A,1970-01-01,83146271929197,False,N/A,False,,HK_MAINBOARD
HK.45934,壹家壹品,0,STOCK,N/A,,N/A,,N/A,N/A,1970-01-01,83180631667566,False,N/A,False,,HK_GEMBOARD
HK.45936,壹传媒,0,STOCK,N/A,,N/A,,N/A,N/A,1970-01-01,83262236046192,False,N/A,False,,HK_MAINBOARD
HK.45939,中国网络信息科技,0,STOCK,N/A,,N/A,,N/A,N/A,1970-01-01,83356725326707,False,N/A,False,,HK_GEMBOARD
HK.45940,鲜驰达控股,0,STOCK,N/A,,N/A,,N/A,N/A,1970-01-01,83356725326708,False,N/A,False,,HK_MAINBOARD
HK.45942,昌兴国际,0,STOCK,N/A,,N/A,,N/A,N/A,1970-01-01,83356725326710,False,N/A,False,,HK_MAINBOARD
HK.45943,南岸集团,0,STOCK,N/A,,N/A,,N/A,N/A,1970-01-01,83356725326711,False,N/A,False,,HK_MAINBOARD
HK.45944,五龙动力,0,STOCK,N/A,,N/A,,N/A,N/A,1970-01-01,83399674999672,False,N/A,False,,HK_MAINBOARD
HK.45945,国投集团控股,0,STOCK,N/A,,N/A,,N/A,N/A,1970-01-01,83399674999673,False,N/A,False,,HK_MAINBOARD
HK.45946,环球智能控股,0,STOCK,N/A,,N/A,,N/A,N/A,1970-01-01,83395380032378,False,N/A,False,,HK_MAINBOARD
HK.45947,中盈集团控股,0,STOCK,N/A,,N/A,,N/A,N/A,1970-01-01,83395380032379,False,N/A,False,,HK_MAINBOARD
HK.45951,中国忠旺,0,STOCK,N/A,,N/A,,N/A,N/A,1970-01-01,83627308266367,False,N/A,False,,HK_MAINBOARD
HK.45952,新力控股集团,0,STOCK,N/A,,N/A,,N/A,N/A,1970-01-01,83786222056320,False,N/A,False,,HK_MAINBOARD
HK.45953,天禧海嘉控股,0,STOCK,N/A,,N/A,,N/A,N/A,1970-01-01,83665962972033,False,N/A,False,,HK_MAINBOARD
HK.45954,信盛矿业,0,STOCK,N/A,,N/A,,N/A,N/A,1970-01-01,83687437808514,False,N/A,False,,HK_MAINBOARD
HK.45956,麒麟集团控股,0,STOCK,N/A,,N/A,,N/A,N/A,1970-01-01,83696027743108,False,N/A,False,,HK_GEMBOARD
HK.45957,优通未来,0,STOCK,N/A,,N/A,,N/A,N/A,1970-01-01,83700322710405,False,N/A,False,,HK_MAINBOARD
HK.45959,中国中石控股,0,STOCK,N/A,,N/A,,N/A,N/A,1970-01-01,83726092514183,False,N/A,False,,HK_MAINBOARD
HK.45960,中国数码文化,0,STOCK,N/A,,N/A,,N/A,N/A,1970-01-01,83730387481480,False,N/A,False,,HK_GEMBOARD
HK.45962,中国优材,0,STOCK,N/A,,N/A,,N/A,N/A,1970-01-01,83773337154442,False,N/A,False,,HK_MAINBOARD
HK.45963,正美丰业,0,STOCK,N/A,,N/A,,N/A,N/A,1970-01-01,83773337154443,False,N/A,False,,HK_GEMBOARD
HK.45981,新维国际控股,0,STOCK,N/A,,N/A,,N/A,N/A,1970-01-01,84018150290333,False,N/A,False,,HK_GEMBOARD
HK.45982,华建控股,0,STOCK,N/A,,N/A,,N/A,N/A,1970-01-01,83988085519262,False,N/A,False,,HK_MAINBOARD
HK.45992,中国地产,0,STOCK,N/A,,N/A,,N/A,N/A,1970-01-01,84116934538152,False,N/A,False,,HK_MAINBOARD
HK.45993,中海重工,0,STOCK,N/A,,N/A,,N/A,N/A,1970-01-01,84116934538153,False,N/A,False,,HK_MAINBOARD
HK.45994,亚洲资产,0,STOCK,N/A,,N/A,,N/A,N/A,1970-01-01,84121229505450,False,N/A,False,,HK_GEMBOARD
HK.45995,伊泰煤炭,0,STOCK,N/A,,N/A,,N/A,N/A,1970-01-01,84151294276523,False,N/A,False,,HK_MAINBOARD
HK.80011,恒生银行-R,100,STOCK,N/A,,N/A,,N/A,N/A,2023-06-19,83833466730635,False,N/A,False,,HK_MAINBOARD
HK.80016,新鸿基地产-R,500,STOCK,N/A,,N/A,,N/A,N/A,2023-06-19,83833466730640,False,N/A,False,,HK_MAINBOARD
HK.80020,商汤-WR,1000,STOCK,N/A,,N/A,,N/A,N/A,2023-06-19,83833466730644,False,N/A,False,,HK_MAINBOARD
HK.80175,吉利汽车-R,1000,STOCK,N/A,,N/A,,N/A,N/A,2023-06-19,83833466730799,False,N/A,False,,HK_MAINBOARD
HK.80291,华润啤酒-R,500,STOCK,N/A,,N/A,,N/A,N/A,2023-06-19,83833466730915,False,N/A,False,,HK_MAINBOARD
HK.80388,香港交易所-R,100,STOCK,N/A,,N/A,,N/A,N/A,2023-06-19,83820581829124,False,N/A,False,,HK_MAINBOARD
HK.80700,腾讯控股-R,100,STOCK,N/A,,N/A,,N/A,N/A,2023-06-19,83820581829436,False,N/A,False,,HK_MAINBOARD
HK.80737,湾区发展-R,500,STOCK,N/A,,N/A,,N/A,N/A,2012-10-29,67177583557473,False,N/A,False,,HK_MAINBOARD
HK.80883,中国海洋石油-R,1000,STOCK,N/A,,N/A,,N/A,N/A,2023-06-19,83833466731507,False,N/A,False,,HK_MAINBOARD
HK.80941,中国移动-R,500,STOCK,N/A,,N/A,,N/A,N/A,2023-06-19,83833466731565,False,N/A,False,,HK_MAINBOARD
HK.80992,联想集团-R,2000,STOCK,N/A,,N/A,,N/A,N/A,2023-06-19,83833466731616,False,N/A,False,,HK_MAINBOARD
HK.810004,比特大陆(临时代码),100,STOCK,N/A,,N/A,,N/A,N/A,1970-01-01,810004,False,N/A,False,,HK_MAINBOARD
HK.810046,臻客中国(临时代码),0,STOCK,N/A,,N/A,,N/A,N/A,2023-01-02,810046,False,N/A,False,,HK_MAINBOARD
HK.810073,中卓医务(临时代码),0,STOCK,N/A,,N/A,,N/A,N/A,2022-07-30,810073,False,N/A,False,,HK_MAINBOARD
HK.810081,英科医疗(临时代码),0,STOCK,N/A,,N/A,,N/A,N/A,2021-12-31,810081,False,N/A,False,,HK_MAINBOARD
HK.810086,悠可集团(临时代码),0,STOCK,N/A,,N/A,,N/A,N/A,2021-12-31,810086,False,N/A,False,,HK_MAINBOARD
HK.810088,贝达药业(临时代码),0,STOCK,N/A,,N/A,,N/A,N/A,2021-12-31,810088,False,N/A,False,,HK_MAINBOARD
HK.810098,安居客(临时代码),0,STOCK,N/A,,N/A,,N/A,N/A,2022-10-31,810098,False,N/A,False,,HK_MAINBOARD
HK.810106,伯恩光学(临时代码),0,STOCK,N/A,,N/A,,N/A,N/A,2021-12-31,810106,False,N/A,False,,HK_MAINBOARD
HK.810110,捍宇医疗(临时代码),0,STOCK,N/A,,N/A,,N/A,N/A,2021-12-31,810110,False,N/A,False,,HK_MAINBOARD
HK.810111,捞王(临时代码),0,STOCK,N/A,,N/A,,N/A,N/A,1970-01-01,810111,False,N/A,False,,HK_MAINBOARD
HK.810113,诺威健康(临时代码),0,STOCK,N/A,,N/A,,N/A,N/A,1970-01-01,810113,False,N/A,False,,HK_MAINBOARD
HK.810114,喜马拉雅(临时代码),0,STOCK,N/A,,N/A,,N/A,N/A,1970-01-01,810114,False,N/A,False,,HK_MAINBOARD
HK.810120,牙博士(临时代码),0,STOCK,N/A,,N/A,,N/A,N/A,1970-01-01,810120,False,N/A,False,,HK_MAINBOARD
HK.810127,圆心科技(临时代码),0,STOCK,N/A,,N/A,,N/A,N/A,1970-01-01,810127,False,N/A,False,,HK_MAINBOARD
HK.810130,万达商管(临时代码),0,STOCK,N/A,,N/A,,N/A,N/A,1970-01-01,810130,False,N/A,False,,HK_MAINBOARD
HK.810132,大湾区文旅(临时代码),0,STOCK,N/A,,N/A,,N/A,N/A,1970-01-01,810132,False,N/A,False,,HK_MAINBOARD
HK.810134,美光集团(临时代码),0,STOCK,N/A,,N/A,,N/A,N/A,1970-01-01,810134,False,N/A,False,,HK_MAINBOARD
HK.810136,顶级手套(临时代码),0,STOCK,N/A,,N/A,,N/A,N/A,1970-01-01,810136,False,N/A,False,,HK_MAINBOARD
HK.810139,飞书深诺(临时代码),0,STOCK,N/A,,N/A,,N/A,N/A,1970-01-01,810139,False,N/A,False,,HK_MAINBOARD
HK.810140,合能控股(临时代码),0,STOCK,N/A,,N/A,,N/A,N/A,1970-01-01,810140,False,N/A,False,,HK_MAINBOARD
HK.810141,珍珠泉园林(临时代码),0,STOCK,N/A,,N/A,,N/A,N/A,1970-01-01,810141,False,N/A,False,,HK_MAINBOARD
HK.810143,太元联合控股(临时代码),0,STOCK,N/A,,N/A,,N/A,N/A,1970-01-01,810143,False,N/A,False,,HK_MAINBOARD
HK.810144,天鸿中国(临时代码),0,STOCK,N/A,,N/A,,N/A,N/A,1970-01-01,810144,False,N/A,False,,HK_MAINBOARD
HK.810150,明宇商服(临时代码),0,STOCK,N/A,,N/A,,N/A,N/A,1970-01-01,810150,False,N/A,False,,HK_MAINBOARD
HK.810151,KK集团(临时代码),100,STOCK,N/A,,N/A,,N/A,N/A,1970-01-01,810151,False,N/A,False,,HK_MAINBOARD
HK.810153,方直发展(临时代码),0,STOCK,N/A,,N/A,,N/A,N/A,1970-01-01,810153,False,N/A,False,,HK_MAINBOARD
HK.810156,裕河控股(临时代码),0,STOCK,N/A,,N/A,,N/A,N/A,1970-01-01,810156,False,N/A,False,,HK_MAINBOARD
HK.810160,风华秋实(临时代码),0,STOCK,N/A,,N/A,,N/A,N/A,1970-01-01,810160,False,N/A,False,,HK_MAINBOARD
HK.810167,兴源动力(临时代码),0,STOCK,N/A,,N/A,,N/A,N/A,1970-01-01,810167,False,N/A,False,,HK_MAINBOARD
HK.810171,Sanergy Group(临时代码),0,STOCK,N/A,,N/A,,N/A,N/A,1970-01-01,810171,False,N/A,False,,HK_MAINBOARD
HK.810172,龙佰集团(临时代码),0,STOCK,N/A,,N/A,,N/A,N/A,1970-01-01,810172,False,N/A,False,,HK_MAINBOARD
HK.810175,中南服务(临时代码),0,STOCK,N/A,,N/A,,N/A,N/A,1970-01-01,810175,False,N/A,False,,HK_MAINBOARD
HK.810177,网筑集团(临时代码),0,STOCK,N/A,,N/A,,N/A,N/A,1970-01-01,810177,False,N/A,False,,HK_MAINBOARD
HK.810178,永兴集团(临时代码),0,STOCK,N/A,,N/A,,N/A,N/A,1970-01-01,810178,False,N/A,False,,HK_MAINBOARD
HK.810179,新高迪(临时代码),0,STOCK,N/A,,N/A,,N/A,N/A,1970-01-01,810179,False,N/A,False,,HK_MAINBOARD
HK.810183,华富集团(临时代码),0,STOCK,N/A,,N/A,,N/A,N/A,1970-01-01,810183,False,N/A,False,,HK_MAINBOARD
HK.810184,新光维医疗-B(临时代码),0,STOCK,N/A,,N/A,,N/A,N/A,1970-01-01,810184,False,N/A,False,,HK_MAINBOARD
HK.810185,精达控股(临时代码),0,STOCK,N/A,,N/A,,N/A,N/A,1970-01-01,810185,False,N/A,False,,HK_MAINBOARD
HK.810186,数坤科技-B(临时代码),0,STOCK,N/A,,N/A,,N/A,N/A,1970-01-01,810186,False,N/A,False,,HK_MAINBOARD
HK.810187,万盈服务(临时代码),0,STOCK,N/A,,N/A,,N/A,N/A,1970-01-01,810187,False,N/A,False,,HK_MAINBOARD
HK.810188,GFT国际控股(临时代码),0,STOCK,N/A,,N/A,,N/A,N/A,1970-01-01,810188,False,N/A,False,,HK_MAINBOARD
HK.810189,艺翔控股(临时代码),0,STOCK,N/A,,N/A,,N/A,N/A,1970-01-01,810189,False,N/A,False,,HK_MAINBOARD
HK.810190,瑞安新天地(临时代码),0,STOCK,N/A,,N/A,,N/A,N/A,1970-01-01,810190,False,N/A,False,,HK_MAINBOARD
HK.810194,中国口腔医疗(临时代码),0,STOCK,N/A,,N/A,,N/A,N/A,1970-01-01,810194,False,N/A,False,,HK_MAINBOARD
HK.810195,一通金融(临时代码),0,STOCK,N/A,,N/A,,N/A,N/A,1970-01-01,810195,False,N/A,False,,HK_MAINBOARD
HK.810196,AP&P Holdings(临时代码),0,STOCK,N/A,,N/A,,N/A,N/A,1970-01-01,810196,False,N/A,False,,HK_MAINBOARD
HK.810198,星盛名车(临时代码),0,STOCK,N/A,,N/A,,N/A,N/A,1970-01-01,810198,False,N/A,False,,HK_MAINBOARD
HK.810202,雅善耳鼻喉医疗(临时代码),0,STOCK,N/A,,N/A,,N/A,N/A,1970-01-01,810202,False,N/A,False,,HK_MAINBOARD
HK.810203,迪赛基业(临时代码),0,STOCK,N/A,,N/A,,N/A,N/A,1970-01-01,810203,False,N/A,False,,HK_MAINBOARD
HK.810204,气体动力(临时代码),0,STOCK,N/A,,N/A,,N/A,N/A,1970-01-01,810204,False,N/A,False,,HK_MAINBOARD
HK.810208,德宝工程(临时代码),0,STOCK,N/A,,N/A,,N/A,N/A,1970-01-01,810208,False,N/A,False,,HK_MAINBOARD
HK.810210,宝龙商业房地产(临时代码),0,STOCK,N/A,,N/A,,N/A,N/A,1970-01-01,810210,False,N/A,False,,HK_MAINBOARD
HK.810213,纽脉医疗-B(临时代码),0,STOCK,N/A,,N/A,,N/A,N/A,1970-01-01,810213,False,N/A,False,,HK_MAINBOARD
HK.810215,推想医疗-B(临时代码),0,STOCK,N/A,,N/A,,N/A,N/A,1970-01-01,810215,False,N/A,False,,HK_MAINBOARD
HK.810216,北芯生命-B(临时代码),0,STOCK,N/A,,N/A,,N/A,N/A,1970-01-01,810216,False,N/A,False,,HK_MAINBOARD
HK.810217,新星宇控股(临时代码),0,STOCK,N/A,,N/A,,N/A,N/A,1970-01-01,810217,False,N/A,False,,HK_MAINBOARD
HK.810221,凯盛融英(临时代码),0,STOCK,N/A,,N/A,,N/A,N/A,1970-01-01,810221,False,N/A,False,,HK_MAINBOARD
HK.810223,景大教育(临时代码),0,STOCK,N/A,,N/A,,N/A,N/A,1970-01-01,810223,False,N/A,False,,HK_MAINBOARD
HK.810224,伊美尔医疗(临时代码),0,STOCK,N/A,,N/A,,N/A,N/A,1970-01-01,810224,False,N/A,False,,HK_MAINBOARD
HK.810226,禾木生物-B(临时代码),0,STOCK,N/A,,N/A,,N/A,N/A,1970-01-01,810226,False,N/A,False,,HK_MAINBOARD
HK.810227,卓越物流(临时代码),0,STOCK,N/A,,N/A,,N/A,N/A,1970-01-01,810227,False,N/A,False,,HK_MAINBOARD
HK.810228,爱美客(临时代码),0,STOCK,N/A,,N/A,,N/A,N/A,1970-01-01,810228,False,N/A,False,,HK_MAINBOARD
HK.810229,华瑭医疗(临时代码),0,STOCK,N/A,,N/A,,N/A,N/A,1970-01-01,810229,False,N/A,False,,HK_MAINBOARD
HK.810230,世纪金源(临时代码),0,STOCK,N/A,,N/A,,N/A,N/A,1970-01-01,810230,False,N/A,False,,HK_MAINBOARD
HK.810232,华源医疗(临时代码),0,STOCK,N/A,,N/A,,N/A,N/A,1970-01-01,810232,False,N/A,False,,HK_MAINBOARD
HK.810233,天有教育(临时代码),0,STOCK,N/A,,N/A,,N/A,N/A,1970-01-01,810233,False,N/A,False,,HK_MAINBOARD
HK.810234,郝氏控股(临时代码),0,STOCK,N/A,,N/A,,N/A,N/A,1970-01-01,810234,False,N/A,False,,HK_MAINBOARD
HK.810235,天广实生物-B(临时代码),0,STOCK,N/A,,N/A,,N/A,N/A,1970-01-01,810235,False,N/A,False,,HK_MAINBOARD
HK.810238,医达健康-B(临时代码),0,STOCK,N/A,,N/A,,N/A,N/A,1970-01-01,810238,False,N/A,False,,HK_MAINBOARD
HK.81024,快手-WR,100,STOCK,N/A,,N/A,,N/A,N/A,2023-06-19,83833466731648,False,N/A,False,,HK_MAINBOARD
HK.810244,蒙树生态(临时代码),0,STOCK,N/A,,N/A,,N/A,N/A,1970-01-01,810244,False,N/A,False,,HK_MAINBOARD
HK.810245,泰能医疗(临时代码),0,STOCK,N/A,,N/A,,N/A,N/A,1970-01-01,810245,False,N/A,False,,HK_MAINBOARD
HK.810246,领益智造(临时代码),0,STOCK,N/A,,N/A,,N/A,N/A,1970-01-01,810246,False,N/A,False,,HK_MAINBOARD
HK.810248,珠江城市管理(临时代码),0,STOCK,N/A,,N/A,,N/A,N/A,1970-01-01,810248,False,N/A,False,,HK_MAINBOARD
HK.810249,融汇悦生活集团(临时代码),0,STOCK,N/A,,N/A,,N/A,N/A,1970-01-01,810249,False,N/A,False,,HK_MAINBOARD
HK.810251,汇泉国际(临时代码),0,STOCK,N/A,,N/A,,N/A,N/A,1970-01-01,810251,False,N/A,False,,HK_MAINBOARD
HK.810252,APM Monaco Limited(临时代码),0,STOCK,N/A,,N/A,,N/A,N/A,1970-01-01,810252,False,N/A,False,,HK_MAINBOARD
HK.810253,派尔特医疗(临时代码),0,STOCK,N/A,,N/A,,N/A,N/A,1970-01-01,810253,False,N/A,False,,HK_MAINBOARD
HK.810255,LEADING STAR(临时代码),0,STOCK,N/A,,N/A,,N/A,N/A,1970-01-01,810255,False,N/A,False,,HK_MAINBOARD
HK.810257,爱科百发生物-B(临时代码),0,STOCK,N/A,,N/A,,N/A,N/A,1970-01-01,810257,False,N/A,False,,HK_MAINBOARD
HK.810258,依美实业(临时代码),0,STOCK,N/A,,N/A,,N/A,N/A,1970-01-01,810258,False,N/A,False,,HK_MAINBOARD
HK.810259,云涌控股(临时代码),0,STOCK,N/A,,N/A,,N/A,N/A,1970-01-01,810259,False,N/A,False,,HK_MAINBOARD
HK.810260,汇名天然气(临时代码),0,STOCK,N/A,,N/A,,N/A,N/A,1970-01-01,810260,False,N/A,False,,HK_MAINBOARD
HK.810261,富丽宝石(临时代码),0,STOCK,N/A,,N/A,,N/A,N/A,1970-01-01,810261,False,N/A,False,,HK_MAINBOARD
HK.810262,俊发七彩服务(临时代码),0,STOCK,N/A,,N/A,,N/A,N/A,1970-01-01,810262,False,N/A,False,,HK_MAINBOARD
HK.810263,恺兴文化(临时代码),0,STOCK,N/A,,N/A,,N/A,N/A,1970-01-01,810263,False,N/A,False,,HK_MAINBOARD
HK.810268,昂博制药(临时代码),0,STOCK,N/A,,N/A,,N/A,N/A,1970-01-01,810268,False,N/A,False,,HK_MAINBOARD
HK.810270,中国敦煌网(临时代码),0,STOCK,N/A,,N/A,,N/A,N/A,1970-01-01,810270,False,N/A,False,,HK_MAINBOARD
HK.810271,寒锐钴业(临时代码),0,STOCK,N/A,,N/A,,N/A,N/A,1970-01-01,810271,False,N/A,False,,HK_MAINBOARD
HK.810276,长城物业(临时代码),0,STOCK,N/A,,N/A,,N/A,N/A,1970-01-01,810276,False,N/A,False,,HK_MAINBOARD
HK.810277,禹佳生活服务(临时代码),0,STOCK,N/A,,N/A,,N/A,N/A,1970-01-01,810277,False,N/A,False,,HK_MAINBOARD
HK.810279,正大新材料(临时代码),0,STOCK,N/A,,N/A,,N/A,N/A,1970-01-01,810279,False,N/A,False,,HK_MAINBOARD
HK.810281,博日科技(临时代码),0,STOCK,N/A,,N/A,,N/A,N/A,1970-01-01,810281,False,N/A,False,,HK_MAINBOARD
HK.810283,泉源堂(临时代码),0,STOCK,N/A,,N/A,,N/A,N/A,1970-01-01,810283,False,N/A,False,,HK_MAINBOARD
HK.810284,妙思集团(临时代码),0,STOCK,N/A,,N/A,,N/A,N/A,1970-01-01,810284,False,N/A,False,,HK_MAINBOARD
HK.810286,石榴投资(临时代码),0,STOCK,N/A,,N/A,,N/A,N/A,1970-01-01,810286,False,N/A,False,,HK_MAINBOARD
HK.810288,东软医疗(临时代码),0,STOCK,N/A,,N/A,,N/A,N/A,1970-01-01,810288,False,N/A,False,,HK_MAINBOARD
HK.810290,祥生活服务(临时代码),0,STOCK,N/A,,N/A,,N/A,N/A,1970-01-01,810290,False,N/A,False,,HK_MAINBOARD
HK.810291,高比集团(临时代码),0,STOCK,N/A,,N/A,,N/A,N/A,1970-01-01,810291,False,N/A,False,,HK_MAINBOARD
HK.810292,S.P. Mega Limited(临时代码),0,STOCK,N/A,,N/A,,N/A,N/A,1970-01-01,810292,False,N/A,False,,HK_MAINBOARD
HK.810293,致富金融(临时代码),0,STOCK,N/A,,N/A,,N/A,N/A,1970-01-01,810293,False,N/A,False,,HK_MAINBOARD
HK.810295,安源种业(临时代码),0,STOCK,N/A,,N/A,,N/A,N/A,1970-01-01,810295,False,N/A,False,,HK_MAINBOARD
HK.810296,汉隆集团(临时代码),0,STOCK,N/A,,N/A,,N/A,N/A,1970-01-01,810296,False,N/A,False,,HK_MAINBOARD
HK.810297,百悦智佳(临时代码),0,STOCK,N/A,,N/A,,N/A,N/A,1970-01-01,810297,False,N/A,False,,HK_MAINBOARD
HK.810300,壹九传媒(临时代码),0,STOCK,N/A,,N/A,,N/A,N/A,1970-01-01,810300,False,N/A,False,,HK_MAINBOARD
HK.810302,亿太恒星(临时代码),0,STOCK,N/A,,N/A,,N/A,N/A,1970-01-01,810302,False,N/A,False,,HK_MAINBOARD
HK.810304,意博金融(临时代码),0,STOCK,N/A,,N/A,,N/A,N/A,1970-01-01,810304,False,N/A,False,,HK_MAINBOARD
HK.810305,亿腾医药(临时代码),0,STOCK,N/A,,N/A,,N/A,N/A,1970-01-01,810305,False,N/A,False,,HK_MAINBOARD
HK.810311,耐看娱乐(临时代码),0,STOCK,N/A,,N/A,,N/A,N/A,1970-01-01,810311,False,N/A,False,,HK_MAINBOARD
HK.810312,龙湖智创生活(临时代码),0,STOCK,N/A,,N/A,,N/A,N/A,1970-01-01,810312,False,N/A,False,,HK_MAINBOARD
HK.810313,中国神力建材(临时代码),0,STOCK,N/A,,N/A,,N/A,N/A,2023-01-31,810313,False,N/A,False,,HK_MAINBOARD
HK.810317,七欣天(临时代码),0,STOCK,N/A,,N/A,,N/A,N/A,1970-01-01,810317,False,N/A,False,,HK_MAINBOARD
HK.810318,佳捷康创新集团(临时代码),0,STOCK,N/A,,N/A,,N/A,N/A,1970-01-01,810318,False,N/A,False,,HK_MAINBOARD
HK.810322,华医网科技(临时代码),0,STOCK,N/A,,N/A,,N/A,N/A,1970-01-01,810322,False,N/A,False,,HK_MAINBOARD
HK.810323,乡村基(临时代码),0,STOCK,N/A,,N/A,,N/A,N/A,1970-01-01,810323,False,N/A,False,,HK_MAINBOARD
HK.810326,Tiger Jade Acquisition Company(临时代码),0,STOCK,N/A,,N/A,,N/A,N/A,2023-02-28,810326,False,N/A,False,,HK_MAINBOARD
HK.810327,格派镍钴(临时代码),0,STOCK,N/A,,N/A,,N/A,N/A,2023-02-28,810327,False,N/A,False,,HK_MAINBOARD
HK.810329,加立生物(临时代码),0,STOCK,N/A,,N/A,,N/A,N/A,2023-02-28,810329,False,N/A,False,,HK_MAINBOARD
HK.810330,中联航运(临时代码),0,STOCK,N/A,,N/A,,N/A,N/A,2023-02-28,810330,False,N/A,False,,HK_MAINBOARD
HK.810332,Trinity Acquisition Holdings(临时代码),0,STOCK,N/A,,N/A,,N/A,N/A,2023-02-28,810332,False,N/A,False,,HK_MAINBOARD
HK.810334,薇美姿(临时代码),0,STOCK,N/A,,N/A,,N/A,N/A,1970-01-01,810334,False,N/A,False,,HK_MAINBOARD
HK.810335,博动医疗(临时代码),0,STOCK,N/A,,N/A,,N/A,N/A,2023-02-28,810335,False,N/A,False,,HK_MAINBOARD
HK.810336,Ace Eight Acquisition Corporation(临时代码),0,STOCK,N/A,,N/A,,N/A,N/A,2023-02-28,810336,False,N/A,False,,HK_MAINBOARD
HK.810340,Vivere Lifesciences Acquisition Corp(临时代码),0,STOCK,N/A,,N/A,,N/A,N/A,1970-01-01,810340,False,N/A,False,,HK_MAINBOARD
HK.810341,杨国福(临时代码),0,STOCK,N/A,,N/A,,N/A,N/A,1970-01-01,810341,False,N/A,False,,HK_MAINBOARD
HK.810344,CDP HOLDINGS(临时代码),0,STOCK,N/A,,N/A,,N/A,N/A,1970-01-01,810344,False,N/A,False,,HK_MAINBOARD
HK.810346,中加石墨(临时代码),0,STOCK,N/A,,N/A,,N/A,N/A,1970-01-01,810346,False,N/A,False,,HK_MAINBOARD
HK.810348,V3品牌(临时代码),0,STOCK,N/A,,N/A,,N/A,N/A,1970-01-01,810348,False,N/A,False,,HK_MAINBOARD
HK.810349,康蒂尼药业(临时代码),0,STOCK,N/A,,N/A,,N/A,N/A,1970-01-01,810349,False,N/A,False,,HK_MAINBOARD
HK.810352,Pisces Acquisition Corporation(临时代码),0,STOCK,N/A,,N/A,,N/A,N/A,1970-01-01,810352,False,N/A,False,,HK_MAINBOARD
HK.810355,A SPAC (HK) ACQUISITION(临时代码),0,STOCK,N/A,,N/A,,N/A,N/A,1970-01-01,810355,False,N/A,False,,HK_MAINBOARD
HK.810356,百丽时尚(临时代码),0,STOCK,N/A,,N/A,,N/A,N/A,1970-01-01,810356,False,N/A,False,,HK_MAINBOARD
HK.810358,黑桃亚洲(临时代码),0,STOCK,N/A,,N/A,,N/A,N/A,1970-01-01,810358,False,N/A,False,,HK_MAINBOARD
HK.810359,祈福医疗(临时代码),0,STOCK,N/A,,N/A,,N/A,N/A,1970-01-01,810359,False,N/A,False,,HK_MAINBOARD
HK.810360,太盟投资(临时代码),0,STOCK,N/A,,N/A,,N/A,N/A,1970-01-01,810360,False,N/A,False,,HK_MAINBOARD
HK.810363,中金资源(临时代码),0,STOCK,N/A,,N/A,,N/A,N/A,1970-01-01,810363,False,N/A,False,,HK_MAINBOARD
HK.810368,蕉下控股(临时代码),0,STOCK,N/A,,N/A,,N/A,N/A,1970-01-01,810368,False,N/A,False,,HK_MAINBOARD
HK.810369,乓乓响(临时代码),0,STOCK,N/A,,N/A,,N/A,N/A,1970-01-01,810369,False,N/A,False,,HK_MAINBOARD
HK.810370,Destone Acquisition Corp.(临时代码),0,STOCK,N/A,,N/A,,N/A,N/A,1970-01-01,810370,False,N/A,False,,HK_MAINBOARD
HK.810371,上井(临时代码),0,STOCK,N/A,,N/A,,N/A,N/A,1970-01-01,810371,False,N/A,False,,HK_MAINBOARD
HK.810373,Kazakh Steel(临时代码),0,STOCK,N/A,,N/A,,N/A,N/A,1970-01-01,810373,False,N/A,False,,HK_MAINBOARD
HK.810375,中亿基业(临时代码),0,STOCK,N/A,,N/A,,N/A,N/A,1970-01-01,810375,False,N/A,False,,HK_MAINBOARD
HK.810380,华新集团(临时代码),0,STOCK,N/A,,N/A,,N/A,N/A,1970-01-01,810380,False,N/A,False,,HK_MAINBOARD
HK.810381,De Well Holdings(临时代码),0,STOCK,N/A,,N/A,,N/A,N/A,1970-01-01,810381,False,N/A,False,,HK_MAINBOARD
HK.810384,英诺伟(临时代码),0,STOCK,N/A,,N/A,,N/A,N/A,1970-01-01,810384,False,N/A,False,,HK_MAINBOARD
HK.810392,微拍堂(临时代码),0,STOCK,N/A,,N/A,,N/A,N/A,1970-01-01,810392,False,N/A,False,,HK_MAINBOARD
HK.810396,威马控股(临时代码),0,STOCK,N/A,,N/A,,N/A,N/A,1970-01-01,810396,False,N/A,False,,HK_MAINBOARD
HK.810398,瑞泰环保(临时代码),0,STOCK,N/A,,N/A,,N/A,N/A,1970-01-01,810398,False,N/A,False,,HK_MAINBOARD
HK.810403,Growatt Technology(临时代码),0,STOCK,N/A,,N/A,,N/A,N/A,1970-01-01,810403,False,N/A,False,,HK_MAINBOARD
HK.810406,久泰新材(临时代码),0,STOCK,N/A,,N/A,,N/A,N/A,1970-01-01,810406,False,N/A,False,,HK_MAINBOARD
HK.810407,威高血液(临时代码),0,STOCK,N/A,,N/A,,N/A,N/A,1970-01-01,810407,False,N/A,False,,HK_MAINBOARD
HK.810408,SML(临时代码),0,STOCK,N/A,,N/A,,N/A,N/A,1970-01-01,810408,False,N/A,False,,HK_MAINBOARD
HK.810410,大麦植发(临时代码),0,STOCK,N/A,,N/A,,N/A,N/A,1970-01-01,810410,False,N/A,False,,HK_MAINBOARD
HK.810411,畅玩集团(临时代码),0,STOCK,N/A,,N/A,,N/A,N/A,1970-01-01,810411,False,N/A,False,,HK_MAINBOARD
HK.810416,哈萨克斯坦石油集团(临时代码),0,STOCK,N/A,,N/A,,N/A,N/A,1970-01-01,810416,False,N/A,False,,HK_MAINBOARD
HK.810417,Soulgate(临时代码),0,STOCK,N/A,,N/A,,N/A,N/A,1970-01-01,810417,False,N/A,False,,HK_MAINBOARD
HK.810427,真实生物(临时代码),0,STOCK,N/A,,N/A,,N/A,N/A,1970-01-01,810427,False,N/A,False,,HK_MAINBOARD
HK.810429,因明生物(临时代码),0,STOCK,N/A,,N/A,,N/A,N/A,1970-01-01,810429,False,N/A,False,,HK_MAINBOARD
HK.810431,Everest Acquisition Corporation(临时代码),0,STOCK,N/A,,N/A,,N/A,N/A,1970-01-01,810431,False,N/A,False,,HK_MAINBOARD
HK.810432,魔方生活(临时代码),0,STOCK,N/A,,N/A,,N/A,N/A,1970-01-01,810432,False,N/A,False,,HK_MAINBOARD
HK.810433,臻和科技(临时代码),0,STOCK,N/A,,N/A,,N/A,N/A,1970-01-01,810433,False,N/A,False,,HK_MAINBOARD
HK.810435,多宁生物(临时代码),0,STOCK,N/A,,N/A,,N/A,N/A,1970-01-01,810435,False,N/A,False,,HK_MAINBOARD
HK.810438,盈捷科技(临时代码),0,STOCK,N/A,,N/A,,N/A,N/A,1970-01-01,810438,False,N/A,False,,HK_MAINBOARD
HK.810439,猪八戒(临时代码),0,STOCK,N/A,,N/A,,N/A,N/A,1970-01-01,810439,False,N/A,False,,HK_MAINBOARD
HK.810446,益世科生物(临时代码),0,STOCK,N/A,,N/A,,N/A,N/A,1970-01-01,810446,False,N/A,False,,HK_MAINBOARD
HK.810455,优蓝国际(临时代码),0,STOCK,N/A,,N/A,,N/A,N/A,1970-01-01,810455,False,N/A,False,,HK_MAINBOARD
HK.810456,VIMG(临时代码),0,STOCK,N/A,,N/A,,N/A,N/A,1970-01-01,810456,False,N/A,False,,HK_MAINBOARD
HK.810459,陆道培医疗(临时代码),0,STOCK,N/A,,N/A,,N/A,N/A,1970-01-01,810459,False,N/A,False,,HK_MAINBOARD
HK.810461,德生堂(临时代码),0,STOCK,N/A,,N/A,,N/A,N/A,1970-01-01,810461,False,N/A,False,,HK_MAINBOARD
HK.810462,泰丰文化(临时代码),0,STOCK,N/A,,N/A,,N/A,N/A,1970-01-01,810462,False,N/A,False,,HK_MAINBOARD
HK.810463,深业物业(临时代码),0,STOCK,N/A,,N/A,,N/A,N/A,1970-01-01,810463,False,N/A,False,,HK_MAINBOARD
HK.810467,优迅医学(临时代码),0,STOCK,N/A,,N/A,,N/A,N/A,1970-01-01,810467,False,N/A,False,,HK_MAINBOARD
HK.810469,拉拉科技(临时代码),0,STOCK,N/A,,N/A,,N/A,N/A,1970-01-01,810469,False,N/A,False,,HK_MAINBOARD
HK.810470,海普洛斯(临时代码),0,STOCK,N/A,,N/A,,N/A,N/A,1970-01-01,810470,False,N/A,False,,HK_MAINBOARD
HK.810472,京东产发(临时代码),0,STOCK,N/A,,N/A,,N/A,N/A,1970-01-01,810472,False,N/A,False,,HK_MAINBOARD
HK.810480,长久数科(临时代码),0,STOCK,N/A,,N/A,,N/A,N/A,1970-01-01,810480,False,N/A,False,,HK_MAINBOARD
HK.810481,微创心律管理(临时代码),0,STOCK,N/A,,N/A,,N/A,N/A,1970-01-01,810481,False,N/A,False,,HK_MAINBOARD
HK.810487,易和国际(临时代码),0,STOCK,N/A,,N/A,,N/A,N/A,1970-01-01,810487,False,N/A,False,,HK_MAINBOARD
HK.810496,永兴东润(临时代码),0,STOCK,N/A,,N/A,,N/A,N/A,1970-01-01,810496,False,N/A,False,,HK_MAINBOARD
HK.810500,赛辉集团(临时代码),0,STOCK,N/A,,N/A,,N/A,N/A,1970-01-01,810500,False,N/A,False,,HK_MAINBOARD
HK.810504,壹健康(临时代码),0,STOCK,N/A,,N/A,,N/A,N/A,1970-01-01,810504,False,N/A,False,,HK_MAINBOARD
HK.810505,银龙供水(临时代码),0,STOCK,N/A,,N/A,,N/A,N/A,1970-01-01,810505,False,N/A,False,,HK_MAINBOARD
HK.810509,博将控股(临时代码),0,STOCK,N/A,,N/A,,N/A,N/A,1970-01-01,810509,False,N/A,False,,HK_MAINBOARD
HK.810511,慧算账(临时代码),0,STOCK,N/A,,N/A,,N/A,N/A,1970-01-01,810511,False,N/A,False,,HK_MAINBOARD
HK.810512,中国美自然环境科技有限公司(临时代码),0,STOCK,N/A,,N/A,,N/A,N/A,1970-01-01,810512,False,N/A,False,,HK_MAINBOARD
HK.810520,厦门国际投资(临时代码),0,STOCK,N/A,,N/A,,N/A,N/A,1970-01-01,810520,False,N/A,False,,HK_MAINBOARD
HK.810521,觅瑞集团(临时代码),0,STOCK,N/A,,N/A,,N/A,N/A,1970-01-01,810521,False,N/A,False,,HK_MAINBOARD
HK.810522,芜湖城市建设(临时代码),0,STOCK,N/A,,N/A,,N/A,N/A,1970-01-01,810522,False,N/A,False,,HK_MAINBOARD
HK.810530,马泷医疗(临时代码),0,STOCK,N/A,,N/A,,N/A,N/A,1970-01-01,810530,False,N/A,False,,HK_MAINBOARD
HK.810533,树兰医疗(临时代码),0,STOCK,N/A,,N/A,,N/A,N/A,1970-01-01,810533,False,N/A,False,,HK_MAINBOARD
HK.810537,菜鸟物流(临时代码),0,STOCK,N/A,,N/A,,N/A,N/A,1970-01-01,810537,False,N/A,False,,HK_MAINBOARD
HK.810540,中企云链(临时代码),0,STOCK,N/A,,N/A,,N/A,N/A,1970-01-01,810540,False,N/A,False,,HK_MAINBOARD
HK.810544,灏辉国际(临时代码),0,STOCK,N/A,,N/A,,N/A,N/A,1970-01-01,810544,False,N/A,False,,HK_MAINBOARD
HK.810547,幂源科技(临时代码),0,STOCK,N/A,,N/A,,N/A,N/A,1970-01-01,810547,False,N/A,False,,HK_MAINBOARD
HK.810549,爱维艾夫(临时代码),0,STOCK,N/A,,N/A,,N/A,N/A,1970-01-01,810549,False,N/A,False,,HK_MAINBOARD
HK.810550,白山云(临时代码),0,STOCK,N/A,,N/A,,N/A,N/A,1970-01-01,810550,False,N/A,False,,HK_MAINBOARD
HK.810558,卡游(临时代码),0,STOCK,N/A,,N/A,,N/A,N/A,1970-01-01,810558,False,N/A,False,,HK_MAINBOARD
HK.810561,啄木鸟维修(临时代码),0,STOCK,N/A,,N/A,,N/A,N/A,1970-01-01,810561,False,N/A,False,,HK_MAINBOARD
HK.810562,康乐卫士(临时代码),0,STOCK,N/A,,N/A,,N/A,N/A,1970-01-01,810562,False,N/A,False,,HK_MAINBOARD
HK.810564,星阅控股(临时代码),0,STOCK,N/A,,N/A,,N/A,N/A,1970-01-01,810564,False,N/A,False,,HK_MAINBOARD
HK.810568,LANTIAN Group Holdings(临时代码),0,STOCK,N/A,,N/A,,N/A,N/A,1970-01-01,810568,False,N/A,False,,HK_MAINBOARD
HK.810573,闪回科技(临时代码),0,STOCK,N/A,,N/A,,N/A,N/A,1970-01-01,810573,False,N/A,False,,HK_MAINBOARD
HK.810574,中和农信(临时代码),0,STOCK,N/A,,N/A,,N/A,N/A,1970-01-01,810574,False,N/A,False,,HK_MAINBOARD
HK.810578,趣丸集团(临时代码),0,STOCK,N/A,,N/A,,N/A,N/A,1970-01-01,810578,False,N/A,False,,HK_MAINBOARD
HK.810582,纵目科技(临时代码),0,STOCK,N/A,,N/A,,N/A,N/A,1970-01-01,810582,False,N/A,False,,HK_MAINBOARD
HK.810587,全品文教(临时代码),0,STOCK,N/A,,N/A,,N/A,N/A,1970-01-01,810587,False,N/A,False,,HK_MAINBOARD
HK.810594,富友支付(临时代码),0,STOCK,N/A,,N/A,,N/A,N/A,1970-01-01,810594,False,N/A,False,,HK_MAINBOARD
HK.810595,上海细胞治疗(临时代码),0,STOCK,N/A,,N/A,,N/A,N/A,1970-01-01,810595,False,N/A,False,,HK_MAINBOARD
HK.810597,卓正医疗(临时代码),0,STOCK,N/A,,N/A,,N/A,N/A,1970-01-01,810597,False,N/A,False,,HK_MAINBOARD
HK.810599,博尔捷(临时代码),0,STOCK,N/A,,N/A,,N/A,N/A,1970-01-01,810599,False,N/A,False,,HK_MAINBOARD
HK.810604,参花实业(临时代码),0,STOCK,N/A,,N/A,,N/A,N/A,1970-01-01,810604,False,N/A,False,,HK_MAINBOARD
HK.810606,优卡集团(临时代码),0,STOCK,N/A,,N/A,,N/A,N/A,1970-01-01,810606,False,N/A,False,,HK_MAINBOARD
HK.810609,海上鲜(临时代码),0,STOCK,N/A,,N/A,,N/A,N/A,1970-01-01,810609,False,N/A,False,,HK_MAINBOARD
HK.810610,永康控股(临时代码),0,STOCK,N/A,,N/A,,N/A,N/A,1970-01-01,810610,False,N/A,False,,HK_MAINBOARD
HK.810611,凌凯科技(临时代码),0,STOCK,N/A,,N/A,,N/A,N/A,1970-01-01,810611,False,N/A,False,,HK_MAINBOARD
HK.810612,宇航人(临时代码),0,STOCK,N/A,,N/A,,N/A,N/A,1970-01-01,810612,False,N/A,False,,HK_MAINBOARD
HK.810613,合众新能源(临时代码),0,STOCK,N/A,,N/A,,N/A,N/A,1970-01-01,810613,False,N/A,False,,HK_MAINBOARD
HK.810617,同仁堂医养(临时代码),0,STOCK,N/A,,N/A,,N/A,N/A,1970-01-01,810617,False,N/A,False,,HK_MAINBOARD
HK.810618,科望医药-B(临时代码),0,STOCK,N/A,,N/A,,N/A,N/A,1970-01-01,810618,False,N/A,False,,HK_MAINBOARD
HK.810619,五洲能源(临时代码),0,STOCK,N/A,,N/A,,N/A,N/A,1970-01-01,810619,False,N/A,False,,HK_MAINBOARD
HK.810624,麦德龙(临时代码),0,STOCK,N/A,,N/A,,N/A,N/A,1970-01-01,810624,False,N/A,False,,HK_MAINBOARD
HK.810625,高龙海洋(临时代码),0,STOCK,N/A,,N/A,,N/A,N/A,1970-01-01,810625,False,N/A,False,,HK_MAINBOARD
HK.810626,正信光电(临时代码),0,STOCK,N/A,,N/A,,N/A,N/A,1970-01-01,810626,False,N/A,False,,HK_MAINBOARD
HK.810632,文达通(临时代码),0,STOCK,N/A,,N/A,,N/A,N/A,1970-01-01,810632,False,N/A,False,,HK_MAINBOARD
HK.810637,丰巢控股(临时代码),0,STOCK,N/A,,N/A,,N/A,N/A,1970-01-01,810637,False,N/A,False,,HK_MAINBOARD
HK.810638,特斯联(临时代码),0,STOCK,N/A,,N/A,,N/A,N/A,1970-01-01,810638,False,N/A,False,,HK_MAINBOARD
HK.810642,泽辉生物(临时代码),0,STOCK,N/A,,N/A,,N/A,N/A,1970-01-01,810642,False,N/A,False,,HK_MAINBOARD
HK.810643,活力集团(临时代码),0,STOCK,N/A,,N/A,,N/A,N/A,1970-01-01,810643,False,N/A,False,,HK_MAINBOARD
HK.810644,粤源建设(临时代码),0,STOCK,N/A,,N/A,,N/A,N/A,1970-01-01,810644,False,N/A,False,,HK_MAINBOARD
HK.810647,盛威时代(临时代码),0,STOCK,N/A,,N/A,,N/A,N/A,1970-01-01,810647,False,N/A,False,,HK_MAINBOARD
HK.810648,乐欣户外(临时代码),0,STOCK,N/A,,N/A,,N/A,N/A,1970-01-01,810648,False,N/A,False,,HK_MAINBOARD
HK.810649,优乐赛(临时代码),0,STOCK,N/A,,N/A,,N/A,N/A,1970-01-01,810649,False,N/A,False,,HK_MAINBOARD
HK.810651,福瑞泰克(临时代码),0,STOCK,N/A,,N/A,,N/A,N/A,1970-01-01,810651,False,N/A,False,,HK_MAINBOARD
HK.810655,汇智控股(临时代码),0,STOCK,N/A,,N/A,,N/A,N/A,1970-01-01,810655,False,N/A,False,,HK_MAINBOARD
HK.810661,乾元微珂(临时代码),0,STOCK,N/A,,N/A,,N/A,N/A,1970-01-01,810661,False,N/A,False,,HK_MAINBOARD
HK.810664,金晟新能源(临时代码),0,STOCK,N/A,,N/A,,N/A,N/A,1970-01-01,810664,False,N/A,False,,HK_MAINBOARD
HK.810667,微医控股(临时代码),0,STOCK,N/A,,N/A,,N/A,N/A,1970-01-01,810667,False,N/A,False,,HK_MAINBOARD
HK.810669,老乡鸡(临时代码),0,STOCK,N/A,,N/A,,N/A,N/A,1970-01-01,810669,False,N/A,False,,HK_MAINBOARD
HK.810673,迈威生物(临时代码),0,STOCK,N/A,,N/A,,N/A,N/A,1970-01-01,810673,False,N/A,False,,HK_MAINBOARD
HK.810675,问止中医(临时代码),0,STOCK,N/A,,N/A,,N/A,N/A,1970-01-01,810675,False,N/A,False,,HK_MAINBOARD
HK.810676,创新国际(临时代码),0,STOCK,N/A,,N/A,,N/A,N/A,1970-01-01,810676,False,N/A,False,,HK_MAINBOARD
HK.810680,东信营销科技(临时代码),0,STOCK,N/A,,N/A,,N/A,N/A,1970-01-01,810680,False,N/A,False,,HK_MAINBOARD
HK.810685,聚智科技(临时代码),0,STOCK,N/A,,N/A,,N/A,N/A,1970-01-01,810685,False,N/A,False,,HK_MAINBOARD
HK.810686,歌尔微电子(临时代码),0,STOCK,N/A,,N/A,,N/A,N/A,1970-01-01,810686,False,N/A,False,,HK_MAINBOARD
HK.810691,胜软科技(临时代码),0,STOCK,N/A,,N/A,,N/A,N/A,1970-01-01,810691,False,N/A,False,,HK_MAINBOARD
HK.810693,盘兴数智(临时代码),0,STOCK,N/A,,N/A,,N/A,N/A,1970-01-01,810693,False,N/A,False,,HK_MAINBOARD
HK.810694,信华信(临时代码),0,STOCK,N/A,,N/A,,N/A,N/A,1970-01-01,810694,False,N/A,False,,HK_MAINBOARD
HK.810697,国星宇航(临时代码),0,STOCK,N/A,,N/A,,N/A,N/A,1970-01-01,810697,False,N/A,False,,HK_MAINBOARD
HK.810701,群核科技(临时代码),0,STOCK,N/A,,N/A,,N/A,N/A,1970-01-01,810701,False,N/A,False,,HK_MAINBOARD
HK.810702,沪鸽口腔(临时代码),0,STOCK,N/A,,N/A,,N/A,N/A,1970-01-01,810702,False,N/A,False,,HK_MAINBOARD
HK.810704,思格新能源(临时代码),0,STOCK,N/A,,N/A,,N/A,N/A,1970-01-01,810704,False,N/A,False,,HK_MAINBOARD
HK.810705,博车网(临时代码),0,STOCK,N/A,,N/A,,N/A,N/A,1970-01-01,810705,False,N/A,False,,HK_MAINBOARD
HK.810707,先导智能(临时代码),0,STOCK,N/A,,N/A,,N/A,N/A,1970-01-01,810707,False,N/A,False,,HK_MAINBOARD
HK.810708,荣联再生科技(临时代码),0,STOCK,N/A,,N/A,,N/A,N/A,1970-01-01,810708,False,N/A,False,,HK_MAINBOARD
HK.810709,星邦互娱(临时代码),0,STOCK,N/A,,N/A,,N/A,N/A,1970-01-01,810709,False,N/A,False,,HK_MAINBOARD
HK.810712,白鸽在线(临时代码),0,STOCK,N/A,,N/A,,N/A,N/A,1970-01-01,810712,False,N/A,False,,HK_MAINBOARD
HK.810713,中润光能(临时代码),0,STOCK,N/A,,N/A,,N/A,N/A,1970-01-01,810713,False,N/A,False,,HK_MAINBOARD
HK.810714,奥联服务(临时代码),0,STOCK,N/A,,N/A,,N/A,N/A,1970-01-01,810714,False,N/A,False,,HK_MAINBOARD
HK.810715,江波龙电子(临时代码),0,STOCK,N/A,,N/A,,N/A,N/A,1970-01-01,810715,False,N/A,False,,HK_MAINBOARD
HK.810717,安诺优达(临时代码),0,STOCK,N/A,,N/A,,N/A,N/A,1970-01-01,810717,False,N/A,False,,HK_MAINBOARD
HK.810718,海辰储能(临时代码),0,STOCK,N/A,,N/A,,N/A,N/A,1970-01-01,810718,False,N/A,False,,HK_MAINBOARD
HK.810721,新荷花(临时代码),0,STOCK,N/A,,N/A,,N/A,N/A,1970-01-01,810721,False,N/A,False,,HK_MAINBOARD
HK.810722,尚鼎芯(临时代码),0,STOCK,N/A,,N/A,,N/A,N/A,1970-01-01,810722,False,N/A,False,,HK_MAINBOARD
HK.810723,瀚天天成(临时代码),0,STOCK,N/A,,N/A,,N/A,N/A,1970-01-01,810723,False,N/A,False,,HK_MAINBOARD
HK.810725,江西生物(临时代码),0,STOCK,N/A,,N/A,,N/A,N/A,1970-01-01,810725,False,N/A,False,,HK_MAINBOARD
HK.810727,顺友物流(临时代码),0,STOCK,N/A,,N/A,,N/A,N/A,1970-01-01,810727,False,N/A,False,,HK_MAINBOARD
HK.810729,溜溜果园(临时代码),0,STOCK,N/A,,N/A,,N/A,N/A,1970-01-01,810729,False,N/A,False,,HK_MAINBOARD
HK.810733,德镁医药(临时代码),0,STOCK,N/A,,N/A,,N/A,N/A,1970-01-01,810733,False,N/A,False,,HK_MAINBOARD
HK.810734,和辉光电(临时代码),0,STOCK,N/A,,N/A,,N/A,N/A,1970-01-01,810734,False,N/A,False,,HK_MAINBOARD
HK.810735,三只松鼠(临时代码),0,STOCK,N/A,,N/A,,N/A,N/A,1970-01-01,810735,False,N/A,False,,HK_MAINBOARD
HK.810740,伯希和(临时代码),0,STOCK,N/A,,N/A,,N/A,N/A,1970-01-01,810740,False,N/A,False,,HK_MAINBOARD
HK.810743,大医集团(临时代码),0,STOCK,N/A,,N/A,,N/A,N/A,1970-01-01,810743,False,N/A,False,,HK_MAINBOARD
HK.810745,宏业基(临时代码),0,STOCK,N/A,,N/A,,N/A,N/A,1970-01-01,810745,False,N/A,False,,HK_MAINBOARD
HK.810746,晶澳太阳能(临时代码),0,STOCK,N/A,,N/A,,N/A,N/A,1970-01-01,810746,False,N/A,False,,HK_MAINBOARD
HK.810748,科拓通讯(临时代码),0,STOCK,N/A,,N/A,,N/A,N/A,1970-01-01,810748,False,N/A,False,,HK_MAINBOARD
HK.810749,普爱医疗(临时代码),0,STOCK,N/A,,N/A,,N/A,N/A,1970-01-01,810749,False,N/A,False,,HK_MAINBOARD
HK.810750,安序源(临时代码),0,STOCK,N/A,,N/A,,N/A,N/A,1970-01-01,810750,False,N/A,False,,HK_MAINBOARD
HK.810751,建邦高科(临时代码),0,STOCK,N/A,,N/A,,N/A,N/A,1970-01-01,810751,False,N/A,False,,HK_MAINBOARD
HK.810752,中鼎智能(临时代码),0,STOCK,N/A,,N/A,,N/A,N/A,1970-01-01,810752,False,N/A,False,,HK_MAINBOARD
HK.810753,泽景电子(临时代码),0,STOCK,N/A,,N/A,,N/A,N/A,1970-01-01,810753,False,N/A,False,,HK_MAINBOARD
HK.810754,铜师傅(临时代码),0,STOCK,N/A,,N/A,,N/A,N/A,1970-01-01,810754,False,N/A,False,,HK_MAINBOARD
HK.810755,东方妍美(临时代码),0,STOCK,N/A,,N/A,,N/A,N/A,1970-01-01,810755,False,N/A,False,,HK_MAINBOARD
HK.810756,快驴科技(临时代码),0,STOCK,N/A,,N/A,,N/A,N/A,1970-01-01,810756,False,N/A,False,,HK_MAINBOARD
HK.810758,乐自天成(临时代码),0,STOCK,N/A,,N/A,,N/A,N/A,1970-01-01,810758,False,N/A,False,,HK_MAINBOARD
HK.810759,华曦达(临时代码),0,STOCK,N/A,,N/A,,N/A,N/A,1970-01-01,810759,False,N/A,False,,HK_MAINBOARD
HK.810760,先通医药(临时代码),0,STOCK,N/A,,N/A,,N/A,N/A,1970-01-01,810760,False,N/A,False,,HK_MAINBOARD
HK.810761,拓璞数控(临时代码),0,STOCK,N/A,,N/A,,N/A,N/A,1970-01-01,810761,False,N/A,False,,HK_MAINBOARD
HK.810762,环世物流(临时代码),0,STOCK,N/A,,N/A,,N/A,N/A,1970-01-01,810762,False,N/A,False,,HK_MAINBOARD
HK.810763,基本半导体(临时代码),0,STOCK,N/A,,N/A,,N/A,N/A,1970-01-01,810763,False,N/A,False,,HK_MAINBOARD
HK.810764,飞速创新(临时代码),0,STOCK,N/A,,N/A,,N/A,N/A,1970-01-01,810764,False,N/A,False,,HK_MAINBOARD
HK.810765,牧原股份(临时代码),0,STOCK,N/A,,N/A,,N/A,N/A,1970-01-01,810765,False,N/A,False,,HK_MAINBOARD
HK.810766,仙工智能(临时代码),0,STOCK,N/A,,N/A,,N/A,N/A,1970-01-01,810766,False,N/A,False,,HK_MAINBOARD
HK.810767,驭势科技(临时代码),0,STOCK,N/A,,N/A,,N/A,N/A,1970-01-01,810767,False,N/A,False,,HK_MAINBOARD
HK.810768,力积存储(临时代码),0,STOCK,N/A,,N/A,,N/A,N/A,1970-01-01,810768,False,N/A,False,,HK_MAINBOARD
HK.810769,深演智能(临时代码),0,STOCK,N/A,,N/A,,N/A,N/A,1970-01-01,810769,False,N/A,False,,HK_MAINBOARD
HK.810770,凯诘电商(临时代码),0,STOCK,N/A,,N/A,,N/A,N/A,1970-01-01,810770,False,N/A,False,,HK_MAINBOARD
HK.810771,和美药业(临时代码),0,STOCK,N/A,,N/A,,N/A,N/A,1970-01-01,810771,False,N/A,False,,HK_MAINBOARD
HK.810772,随手播(临时代码),0,STOCK,N/A,,N/A,,N/A,N/A,1970-01-01,810772,False,N/A,False,,HK_MAINBOARD
HK.810773,紫光股份(临时代码),0,STOCK,N/A,,N/A,,N/A,N/A,1970-01-01,810773,False,N/A,False,,HK_MAINBOARD
HK.810774,日御股份(临时代码),0,STOCK,N/A,,N/A,,N/A,N/A,1970-01-01,810774,False,N/A,False,,HK_MAINBOARD
HK.810776,奕斯伟计算(临时代码),0,STOCK,N/A,,N/A,,N/A,N/A,1970-01-01,810776,False,N/A,False,,HK_MAINBOARD
HK.810777,圣桐特医(临时代码),0,STOCK,N/A,,N/A,,N/A,N/A,1970-01-01,810777,False,N/A,False,,HK_MAINBOARD
HK.810778,乐动机器人(临时代码),0,STOCK,N/A,,N/A,,N/A,N/A,1970-01-01,810778,False,N/A,False,,HK_MAINBOARD
HK.810779,大族数控(临时代码),0,STOCK,N/A,,N/A,,N/A,N/A,1970-01-01,810779,False,N/A,False,,HK_MAINBOARD
HK.810780,杰华特(临时代码),0,STOCK,N/A,,N/A,,N/A,N/A,1970-01-01,810780,False,N/A,False,,HK_MAINBOARD
HK.810783,创智芯联(临时代码),0,STOCK,N/A,,N/A,,N/A,N/A,1970-01-01,810783,False,N/A,False,,HK_MAINBOARD
HK.810785,广合科技(临时代码),0,STOCK,N/A,,N/A,,N/A,N/A,1970-01-01,810785,False,N/A,False,,HK_MAINBOARD
HK.810786,华大北斗(临时代码),0,STOCK,N/A,,N/A,,N/A,N/A,1970-01-01,810786,False,N/A,False,,HK_MAINBOARD
HK.810787,巴奴国际(临时代码),0,STOCK,N/A,,N/A,,N/A,N/A,1970-01-01,810787,False,N/A,False,,HK_MAINBOARD
HK.810788,沃尔核材(临时代码),0,STOCK,N/A,,N/A,,N/A,N/A,1970-01-01,810788,False,N/A,False,,HK_MAINBOARD
HK.810789,新奥股份(临时代码),0,STOCK,N/A,,N/A,,N/A,N/A,1970-01-01,810789,False,N/A,False,,HK_MAINBOARD
HK.810790,Hope Sea(临时代码),0,STOCK,N/A,,N/A,,N/A,N/A,1970-01-01,810790,False,N/A,False,,HK_MAINBOARD
HK.810791,海致科技(临时代码),0,STOCK,N/A,,N/A,,N/A,N/A,1970-01-01,810791,False,N/A,False,,HK_MAINBOARD
HK.810792,岸迈生物-B(临时代码),0,STOCK,N/A,,N/A,,N/A,N/A,1970-01-01,810792,False,N/A,False,,HK_MAINBOARD
HK.810793,视源股份(临时代码),0,STOCK,N/A,,N/A,,N/A,N/A,1970-01-01,810793,False,N/A,False,,HK_MAINBOARD
HK.810794,极易科技(临时代码),0,STOCK,N/A,,N/A,,N/A,N/A,1970-01-01,810794,False,N/A,False,,HK_MAINBOARD
HK.810795,滴灌通(临时代码),0,STOCK,N/A,,N/A,,N/A,N/A,1970-01-01,810795,False,N/A,False,,HK_MAINBOARD
HK.810796,兆威机电(临时代码),0,STOCK,N/A,,N/A,,N/A,N/A,1970-01-01,810796,False,N/A,False,,HK_MAINBOARD
HK.810797,美格智能(临时代码),0,STOCK,N/A,,N/A,,N/A,N/A,1970-01-01,810797,False,N/A,False,,HK_MAINBOARD
HK.810798,宇信科技(临时代码),0,STOCK,N/A,,N/A,,N/A,N/A,1970-01-01,810798,False,N/A,False,,HK_MAINBOARD
HK.810800,长光辰芯(临时代码),0,STOCK,N/A,,N/A,,N/A,N/A,1970-01-01,810800,False,N/A,False,,HK_MAINBOARD
HK.810801,潍柴雷沃(临时代码),0,STOCK,N/A,,N/A,,N/A,N/A,1970-01-01,810801,False,N/A,False,,HK_MAINBOARD
HK.810802,PPLabs(临时代码),0,STOCK,N/A,,N/A,,N/A,N/A,1970-01-01,810802,False,N/A,False,,HK_MAINBOARD
HK.810803,承泰科技(临时代码),0,STOCK,N/A,,N/A,,N/A,N/A,1970-01-01,810803,False,N/A,False,,HK_MAINBOARD
HK.810804,斯坦德机器人(临时代码),0,STOCK,N/A,,N/A,,N/A,N/A,1970-01-01,810804,False,N/A,False,,HK_MAINBOARD
HK.810805,酷赛科技(临时代码),0,STOCK,N/A,,N/A,,N/A,N/A,1970-01-01,810805,False,N/A,False,,HK_MAINBOARD
HK.810806,镁伽科技(临时代码),0,STOCK,N/A,,N/A,,N/A,N/A,1970-01-01,810806,False,N/A,False,,HK_MAINBOARD
HK.810807,凯乐士(临时代码),0,STOCK,N/A,,N/A,,N/A,N/A,1970-01-01,810807,False,N/A,False,,HK_MAINBOARD
HK.810808,易控智驾(临时代码),0,STOCK,N/A,,N/A,,N/A,N/A,1970-01-01,810808,False,N/A,False,,HK_MAINBOARD
HK.810809,蓝色光标(临时代码),0,STOCK,N/A,,N/A,,N/A,N/A,1970-01-01,810809,False,N/A,False,,HK_MAINBOARD
HK.810810,商米科技-W(临时代码),0,STOCK,N/A,,N/A,,N/A,N/A,1970-01-01,810810,False,N/A,False,,HK_MAINBOARD
HK.810811,亦诺微医药-B(临时代码),0,STOCK,N/A,,N/A,,N/A,N/A,1970-01-01,810811,False,N/A,False,,HK_MAINBOARD
HK.810812,云英谷(临时代码),0,STOCK,N/A,,N/A,,N/A,N/A,1970-01-01,810812,False,N/A,False,,HK_MAINBOARD
HK.810813,焦点国际(临时代码),0,STOCK,N/A,,N/A,,N/A,N/A,1970-01-01,810813,False,N/A,False,,HK_MAINBOARD
HK.810814,国民技术(临时代码),0,STOCK,N/A,,N/A,,N/A,N/A,1970-01-01,810814,False,N/A,False,,HK_MAINBOARD
HK.810815,国恩股份(临时代码),0,STOCK,N/A,,N/A,,N/A,N/A,1970-01-01,810815,False,N/A,False,,HK_MAINBOARD
HK.810816,合合信息(临时代码),0,STOCK,N/A,,N/A,,N/A,N/A,1970-01-01,810816,False,N/A,False,,HK_MAINBOARD
HK.810817,微脉(临时代码),0,STOCK,N/A,,N/A,,N/A,N/A,1970-01-01,810817,False,N/A,False,,HK_MAINBOARD
HK.810818,康晋电气(临时代码),0,STOCK,N/A,,N/A,,N/A,N/A,1970-01-01,810818,False,N/A,False,,HK_MAINBOARD
HK.810819,齐云山(临时代码),0,STOCK,N/A,,N/A,,N/A,N/A,1970-01-01,810819,False,N/A,False,,HK_MAINBOARD
HK.810821,景泽生物-B(临时代码),0,STOCK,N/A,,N/A,,N/A,N/A,1970-01-01,810821,False,N/A,False,,HK_MAINBOARD
HK.810822,埃斯顿(临时代码),0,STOCK,N/A,,N/A,,N/A,N/A,1970-01-01,810822,False,N/A,False,,HK_MAINBOARD
HK.810823,鸿基创能(临时代码),0,STOCK,N/A,,N/A,,N/A,N/A,1970-01-01,810823,False,N/A,False,,HK_MAINBOARD
HK.810824,河北资产管理(临时代码),0,STOCK,N/A,,N/A,,N/A,N/A,1970-01-01,810824,False,N/A,False,,HK_MAINBOARD
HK.810825,海马云(临时代码),0,STOCK,N/A,,N/A,,N/A,N/A,1970-01-01,810825,False,N/A,False,,HK_MAINBOARD
HK.810826,用友网络(临时代码),0,STOCK,N/A,,N/A,,N/A,N/A,1970-01-01,810826,False,N/A,False,,HK_MAINBOARD
HK.810827,四维智联(临时代码),0,STOCK,N/A,,N/A,,N/A,N/A,1970-01-01,810827,False,N/A,False,,HK_MAINBOARD
HK.810828,石头科技(临时代码),0,STOCK,N/A,,N/A,,N/A,N/A,1970-01-01,810828,False,N/A,False,,HK_MAINBOARD
HK.810830,德适生物-B(临时代码),0,STOCK,N/A,,N/A,,N/A,N/A,1970-01-01,810830,False,N/A,False,,HK_MAINBOARD
HK.810831,锦江酒店(临时代码),0,STOCK,N/A,,N/A,,N/A,N/A,1970-01-01,810831,False,N/A,False,,HK_MAINBOARD
HK.810832,百力司康(临时代码),0,STOCK,N/A,,N/A,,N/A,N/A,1970-01-01,810832,False,N/A,False,,HK_MAINBOARD
HK.810833,普祥健康(临时代码),0,STOCK,N/A,,N/A,,N/A,N/A,1970-01-01,810833,False,N/A,False,,HK_MAINBOARD
HK.810834,海拍客(临时代码),0,STOCK,N/A,,N/A,,N/A,N/A,1970-01-01,810834,False,N/A,False,,HK_MAINBOARD
HK.810835,瑞为技术(临时代码),0,STOCK,N/A,,N/A,,N/A,N/A,1970-01-01,810835,False,N/A,False,,HK_MAINBOARD
HK.810837,亿纬锂能(临时代码),0,STOCK,N/A,,N/A,,N/A,N/A,1970-01-01,810837,False,N/A,False,,HK_MAINBOARD
HK.810838,翼菲科技(临时代码),0,STOCK,N/A,,N/A,,N/A,N/A,1970-01-01,810838,False,N/A,False,,HK_MAINBOARD
HK.810839,芯迈半导体(临时代码),0,STOCK,N/A,,N/A,,N/A,N/A,1970-01-01,810839,False,N/A,False,,HK_MAINBOARD
HK.810840,玲珑轮胎(临时代码),0,STOCK,N/A,,N/A,,N/A,N/A,1970-01-01,810840,False,N/A,False,,HK_MAINBOARD
HK.810841,镁信健康(临时代码),0,STOCK,N/A,,N/A,,N/A,N/A,1970-01-01,810841,False,N/A,False,,HK_MAINBOARD
HK.810842,镁佳股份(临时代码),0,STOCK,N/A,,N/A,,N/A,N/A,1970-01-01,810842,False,N/A,False,,HK_MAINBOARD
HK.810843,星源材质(临时代码),0,STOCK,N/A,,N/A,,N/A,N/A,1970-01-01,810843,False,N/A,False,,HK_MAINBOARD
HK.810844,澜起科技(临时代码),0,STOCK,N/A,,N/A,,N/A,N/A,1970-01-01,810844,False,N/A,False,,HK_MAINBOARD
HK.810845,麦济生物-B(临时代码),0,STOCK,N/A,,N/A,,N/A,N/A,1970-01-01,810845,False,N/A,False,,HK_MAINBOARD
HK.810846,AIWB(临时代码),0,STOCK,N/A,,N/A,,N/A,N/A,1970-01-01,810846,False,N/A,False,,HK_MAINBOARD
HK.810847,正品控股(临时代码),0,STOCK,N/A,,N/A,,N/A,N/A,1970-01-01,810847,False,N/A,False,,HK_MAINBOARD
HK.810848,丹诺医药(临时代码),0,STOCK,N/A,,N/A,,N/A,N/A,1970-01-01,810848,False,N/A,False,,HK_MAINBOARD
HK.810849,云天励飞(临时代码),0,STOCK,N/A,,N/A,,N/A,N/A,1970-01-01,810849,False,N/A,False,,HK_MAINBOARD
HK.810850,欣旺达(临时代码),0,STOCK,N/A,,N/A,,N/A,N/A,1970-01-01,810850,False,N/A,False,,HK_MAINBOARD
HK.810851,海清智元(临时代码),0,STOCK,N/A,,N/A,,N/A,N/A,1970-01-01,810851,False,N/A,False,,HK_MAINBOARD
HK.810852,卧龙电驱(临时代码),0,STOCK,N/A,,N/A,,N/A,N/A,1970-01-01,810852,False,N/A,False,,HK_MAINBOARD
HK.810853,军信股份(临时代码),0,STOCK,N/A,,N/A,,N/A,N/A,1970-01-01,810853,False,N/A,False,,HK_MAINBOARD
HK.810854,创想三维(临时代码),0,STOCK,N/A,,N/A,,N/A,N/A,1970-01-01,810854,False,N/A,False,,HK_MAINBOARD
HK.810855,星环科技(临时代码),0,STOCK,N/A,,N/A,,N/A,N/A,1970-01-01,810855,False,N/A,False,,HK_MAINBOARD
HK.810856,立讯精密(临时代码),0,STOCK,N/A,,N/A,,N/A,N/A,1970-01-01,810856,False,N/A,False,,HK_MAINBOARD
HK.810857,斑马智行(临时代码),0,STOCK,N/A,,N/A,,N/A,N/A,1970-01-01,810857,False,N/A,False,,HK_MAINBOARD
HK.810858,胜宏科技(临时代码),0,STOCK,N/A,,N/A,,N/A,N/A,1970-01-01,810858,False,N/A,False,,HK_MAINBOARD
HK.810859,英发睿能(临时代码),0,STOCK,N/A,,N/A,,N/A,N/A,1970-01-01,810859,False,N/A,False,,HK_MAINBOARD
HK.810860,天辰生物(临时代码),0,STOCK,N/A,,N/A,,N/A,N/A,1970-01-01,810860,False,N/A,False,,HK_MAINBOARD
HK.810861,小鹅通(临时代码),0,STOCK,N/A,,N/A,,N/A,N/A,1970-01-01,810861,False,N/A,False,,HK_MAINBOARD
HK.810862,纳真科技(临时代码),0,STOCK,N/A,,N/A,,N/A,N/A,1970-01-01,810862,False,N/A,False,,HK_MAINBOARD
HK.810863,应世生物(临时代码),0,STOCK,N/A,,N/A,,N/A,N/A,1970-01-01,810863,False,N/A,False,,HK_MAINBOARD
HK.810864,希磁科技(临时代码),0,STOCK,N/A,,N/A,,N/A,N/A,1970-01-01,810864,False,N/A,False,,HK_MAINBOARD
HK.810865,圣火科技(临时代码),0,STOCK,N/A,,N/A,,N/A,N/A,1970-01-01,810865,False,N/A,False,,HK_MAINBOARD
HK.810866,天星医疗(临时代码),0,STOCK,N/A,,N/A,,N/A,N/A,1970-01-01,810866,False,N/A,False,,HK_MAINBOARD
HK.810867,安得智联(临时代码),0,STOCK,N/A,,N/A,,N/A,N/A,1970-01-01,810867,False,N/A,False,,HK_MAINBOARD
HK.810868,博铭维(临时代码),0,STOCK,N/A,,N/A,,N/A,N/A,1970-01-01,810868,False,N/A,False,,HK_MAINBOARD
HK.810869,山推股份(临时代码),0,STOCK,N/A,,N/A,,N/A,N/A,1970-01-01,810869,False,N/A,False,,HK_MAINBOARD
HK.810870,飞骧科技(临时代码),0,STOCK,N/A,,N/A,,N/A,N/A,1970-01-01,810870,False,N/A,False,,HK_MAINBOARD
HK.810871,芯碁微装(临时代码),0,STOCK,N/A,,N/A,,N/A,N/A,1970-01-01,810871,False,N/A,False,,HK_MAINBOARD
HK.810872,甫康药业(临时代码),0,STOCK,N/A,,N/A,,N/A,N/A,1970-01-01,810872,False,N/A,False,,HK_MAINBOARD
HK.810873,宜品集团(临时代码),0,STOCK,N/A,,N/A,,N/A,N/A,1970-01-01,810873,False,N/A,False,,HK_MAINBOARD
HK.810874,可孚医疗(临时代码),0,STOCK,N/A,,N/A,,N/A,N/A,1970-01-01,810874,False,N/A,False,,HK_MAINBOARD
HK.810875,琻捷电子(临时代码),0,STOCK,N/A,,N/A,,N/A,N/A,1970-01-01,810875,False,N/A,False,,HK_MAINBOARD
HK.810876,麦科田(临时代码),0,STOCK,N/A,,N/A,,N/A,N/A,1970-01-01,810876,False,N/A,False,,HK_MAINBOARD
HK.810877,潮宏基(临时代码),0,STOCK,N/A,,N/A,,N/A,N/A,1970-01-01,810877,False,N/A,False,,HK_MAINBOARD
HK.810878,新元素药业-B(临时代码),0,STOCK,N/A,,N/A,,N/A,N/A,1970-01-01,810878,False,N/A,False,,HK_MAINBOARD
HK.810879,北京君正(临时代码),0,STOCK,N/A,,N/A,,N/A,N/A,1970-01-01,810879,False,N/A,False,,HK_MAINBOARD
HK.810880,暖哇洞察(临时代码),0,STOCK,N/A,,N/A,,N/A,N/A,1970-01-01,810880,False,N/A,False,,HK_MAINBOARD
HK.810881,华勤技术(临时代码),0,STOCK,N/A,,N/A,,N/A,N/A,1970-01-01,810881,False,N/A,False,,HK_MAINBOARD
HK.810882,赛美特(临时代码),0,STOCK,N/A,,N/A,,N/A,N/A,1970-01-01,810882,False,N/A,False,,HK_MAINBOARD
HK.810883,若羽臣(临时代码),0,STOCK,N/A,,N/A,,N/A,N/A,1970-01-01,810883,False,N/A,False,,HK_MAINBOARD
HK.810884,先为达生物(临时代码),0,STOCK,N/A,,N/A,,N/A,N/A,1970-01-01,810884,False,N/A,False,,HK_MAINBOARD
HK.810885,天赐材料(临时代码),0,STOCK,N/A,,N/A,,N/A,N/A,1970-01-01,810885,False,N/A,False,,HK_MAINBOARD
HK.810886,格林美(临时代码),0,STOCK,N/A,,N/A,,N/A,N/A,1970-01-01,810886,False,N/A,False,,HK_MAINBOARD
HK.810887,大洋电机(临时代码),0,STOCK,N/A,,N/A,,N/A,N/A,1970-01-01,810887,False,N/A,False,,HK_MAINBOARD
HK.810888,万辰生物(临时代码),0,STOCK,N/A,,N/A,,N/A,N/A,1970-01-01,810888,False,N/A,False,,HK_MAINBOARD
HK.810889,中微半导体(临时代码),0,STOCK,N/A,,N/A,,N/A,N/A,1970-01-01,810889,False,N/A,False,,HK_MAINBOARD
HK.810890,双林股份(临时代码),0,STOCK,N/A,,N/A,,N/A,N/A,1970-01-01,810890,False,N/A,False,,HK_MAINBOARD
HK.810891,可胜技术(临时代码),0,STOCK,N/A,,N/A,,N/A,N/A,1970-01-01,810891,False,N/A,False,,HK_MAINBOARD
HK.810892,山金国际(临时代码),0,STOCK,N/A,,N/A,,N/A,N/A,1970-01-01,810892,False,N/A,False,,HK_MAINBOARD
HK.810893,极飞科技(临时代码),0,STOCK,N/A,,N/A,,N/A,N/A,1970-01-01,810893,False,N/A,False,,HK_MAINBOARD
HK.810894,万兴科技(临时代码),0,STOCK,N/A,,N/A,,N/A,N/A,1970-01-01,810894,False,N/A,False,,HK_MAINBOARD
HK.810895,晶晨半导体(临时代码),0,STOCK,N/A,,N/A,,N/A,N/A,1970-01-01,810895,False,N/A,False,,HK_MAINBOARD
HK.810896,东方科脉(临时代码),0,STOCK,N/A,,N/A,,N/A,N/A,1970-01-01,810896,False,N/A,False,,HK_MAINBOARD
HK.810897,魔视智能(临时代码),0,STOCK,N/A,,N/A,,N/A,N/A,1970-01-01,810897,False,N/A,False,,HK_MAINBOARD
HK.810898,和林微纳(临时代码),0,STOCK,N/A,,N/A,,N/A,N/A,1970-01-01,810898,False,N/A,False,,HK_MAINBOARD
HK.810899,融泰药业(临时代码),0,STOCK,N/A,,N/A,,N/A,N/A,1970-01-01,810899,False,N/A,False,,HK_MAINBOARD
HK.810900,星宸科技(临时代码),0,STOCK,N/A,,N/A,,N/A,N/A,1970-01-01,810900,False,N/A,False,,HK_MAINBOARD
HK.810901,英派药业(临时代码),0,STOCK,N/A,,N/A,,N/A,N/A,1970-01-01,810901,False,N/A,False,,HK_MAINBOARD
HK.810902,佳都科技(临时代码),0,STOCK,N/A,,N/A,,N/A,N/A,1970-01-01,810902,False,N/A,False,,HK_MAINBOARD
HK.810903,瘦西湖(临时代码),0,STOCK,N/A,,N/A,,N/A,N/A,1970-01-01,810903,False,N/A,False,,HK_MAINBOARD
HK.810904,优艾智合(临时代码),0,STOCK,N/A,,N/A,,N/A,N/A,1970-01-01,810904,False,N/A,False,,HK_MAINBOARD
HK.810905,TOP TOY(临时代码),0,STOCK,N/A,,N/A,,N/A,N/A,1970-01-01,810905,False,N/A,False,,HK_MAINBOARD
HK.810906,FJD(临时代码),0,STOCK,N/A,,N/A,,N/A,N/A,1970-01-01,810906,False,N/A,False,,HK_MAINBOARD
HK.810907,圣邦微电子(临时代码),0,STOCK,N/A,,N/A,,N/A,N/A,1970-01-01,810907,False,N/A,False,,HK_MAINBOARD
HK.810908,微亿智造(临时代码),0,STOCK,N/A,,N/A,,N/A,N/A,1970-01-01,810908,False,N/A,False,,HK_MAINBOARD
HK.810909,艾米森(临时代码),0,STOCK,N/A,,N/A,,N/A,N/A,1970-01-01,810909,False,N/A,False,,HK_MAINBOARD
HK.810910,望圆科技(临时代码),0,STOCK,N/A,,N/A,,N/A,N/A,1970-01-01,810910,False,N/A,False,,HK_MAINBOARD
HK.810911,靖因药业(临时代码),0,STOCK,N/A,,N/A,,N/A,N/A,1970-01-01,810911,False,N/A,False,,HK_MAINBOARD
HK.810912,米连科技(临时代码),0,STOCK,N/A,,N/A,,N/A,N/A,1970-01-01,810912,False,N/A,False,,HK_MAINBOARD
HK.810913,晶合集成(临时代码),0,STOCK,N/A,,N/A,,N/A,N/A,1970-01-01,810913,False,N/A,False,,HK_MAINBOARD
HK.810914,大金重工(临时代码),0,STOCK,N/A,,N/A,,N/A,N/A,1970-01-01,810914,False,N/A,False,,HK_MAINBOARD
HK.810915,华付技术(临时代码),0,STOCK,N/A,,N/A,,N/A,N/A,1970-01-01,810915,False,N/A,False,,HK_MAINBOARD
HK.810916,锐明技术(临时代码),0,STOCK,N/A,,N/A,,N/A,N/A,1970-01-01,810916,False,N/A,False,,HK_MAINBOARD
HK.810917,宝丰堂(临时代码),0,STOCK,N/A,,N/A,,N/A,N/A,1970-01-01,810917,False,N/A,False,,HK_MAINBOARD
HK.810918,滨会生物-B(临时代码),0,STOCK,N/A,,N/A,,N/A,N/A,1970-01-01,810918,False,N/A,False,,HK_MAINBOARD
HK.810919,华恒生物(临时代码),0,STOCK,N/A,,N/A,,N/A,N/A,1970-01-01,810919,False,N/A,False,,HK_MAINBOARD
HK.810920,好医生云医疗(临时代码),0,STOCK,N/A,,N/A,,N/A,N/A,1970-01-01,810920,False,N/A,False,,HK_MAINBOARD
HK.810921,国信服务(临时代码),0,STOCK,N/A,,N/A,,N/A,N/A,1970-01-01,810921,False,N/A,False,,HK_MAINBOARD
HK.810922,森亿智能(临时代码),0,STOCK,N/A,,N/A,,N/A,N/A,1970-01-01,810922,False,N/A,False,,HK_MAINBOARD
HK.810923,岚图汽车(临时代码),0,STOCK,N/A,,N/A,,N/A,N/A,1970-01-01,810923,False,N/A,False,,HK_MAINBOARD
HK.810924,阳光电源(临时代码),0,STOCK,N/A,,N/A,,N/A,N/A,1970-01-01,810924,False,N/A,False,,HK_MAINBOARD
HK.810925,坦博尔(临时代码),0,STOCK,N/A,,N/A,,N/A,N/A,1970-01-01,810925,False,N/A,False,,HK_MAINBOARD
HK.810926,诚益生物-B(临时代码),0,STOCK,N/A,,N/A,,N/A,N/A,1970-01-01,810926,False,N/A,False,,HK_MAINBOARD
HK.810927,蓝纳成生物-B(临时代码),0,STOCK,N/A,,N/A,,N/A,N/A,1970-01-01,810927,False,N/A,False,,HK_MAINBOARD
HK.810928,极米科技(临时代码),0,STOCK,N/A,,N/A,,N/A,N/A,1970-01-01,810928,False,N/A,False,,HK_MAINBOARD
HK.810929,普源精电(临时代码),0,STOCK,N/A,,N/A,,N/A,N/A,1970-01-01,810929,False,N/A,False,,HK_MAINBOARD
HK.810930,欢创科技(临时代码),0,STOCK,N/A,,N/A,,N/A,N/A,1970-01-01,810930,False,N/A,False,,HK_MAINBOARD
HK.810931,晶存科技(临时代码),0,STOCK,N/A,,N/A,,N/A,N/A,1970-01-01,810931,False,N/A,False,,HK_MAINBOARD
HK.810932,麦科奥特-B(临时代码),0,STOCK,N/A,,N/A,,N/A,N/A,1970-01-01,810932,False,N/A,False,,HK_MAINBOARD
HK.810933,精实测控(临时代码),0,STOCK,N/A,,N/A,,N/A,N/A,1970-01-01,810933,False,N/A,False,,HK_MAINBOARD
HK.810934,珞石机器人(临时代码),0,STOCK,N/A,,N/A,,N/A,N/A,1970-01-01,810934,False,N/A,False,,HK_MAINBOARD
HK.810935,长春高新(临时代码),0,STOCK,N/A,,N/A,,N/A,N/A,1970-01-01,810935,False,N/A,False,,HK_MAINBOARD
HK.810936,聚芯微电子(临时代码),0,STOCK,N/A,,N/A,,N/A,N/A,1970-01-01,810936,False,N/A,False,,HK_MAINBOARD
HK.810937,利欧股份(临时代码),0,STOCK,N/A,,N/A,,N/A,N/A,1970-01-01,810937,False,N/A,False,,HK_MAINBOARD
HK.810938,自然堂(临时代码),0,STOCK,N/A,,N/A,,N/A,N/A,1970-01-01,810938,False,N/A,False,,HK_MAINBOARD
HK.810939,首创证券(临时代码),0,STOCK,N/A,,N/A,,N/A,N/A,1970-01-01,810939,False,N/A,False,,HK_MAINBOARD
HK.810940,千里科技(临时代码),0,STOCK,N/A,,N/A,,N/A,N/A,1970-01-01,810940,False,N/A,False,,HK_MAINBOARD
HK.810941,拉卡拉(临时代码),0,STOCK,N/A,,N/A,,N/A,N/A,1970-01-01,810941,False,N/A,False,,HK_MAINBOARD
HK.810942,擎天全税通(临时代码),0,STOCK,N/A,,N/A,,N/A,N/A,1970-01-01,810942,False,N/A,False,,HK_MAINBOARD
HK.810943,思卓基础设施基金(临时代码),0,STOCK,N/A,,N/A,,N/A,N/A,1970-01-01,810943,False,N/A,False,,HK_MAINBOARD
HK.810944,禹王生物营养(临时代码),0,STOCK,N/A,,N/A,,N/A,N/A,1970-01-01,810944,False,N/A,False,,HK_MAINBOARD
HK.810945,金添动漫(临时代码),0,STOCK,N/A,,N/A,,N/A,N/A,1970-01-01,810945,False,N/A,False,,HK_MAINBOARD
HK.810948,滨化集团(临时代码),0,STOCK,N/A,,N/A,,N/A,N/A,1970-01-01,810948,False,N/A,False,,HK_MAINBOARD
HK.810949,协创数据(临时代码),0,STOCK,N/A,,N/A,,N/A,N/A,1970-01-01,810949,False,N/A,False,,HK_MAINBOARD
HK.810950,富瀚微(临时代码),0,STOCK,N/A,,N/A,,N/A,N/A,1970-01-01,810950,False,N/A,False,,HK_MAINBOARD
HK.810951,罗博特科(临时代码),0,STOCK,N/A,,N/A,,N/A,N/A,1970-01-01,810951,False,N/A,False,,HK_MAINBOARD
HK.810952,嗨学网(临时代码),0,STOCK,N/A,,N/A,,N/A,N/A,1970-01-01,810952,False,N/A,False,,HK_MAINBOARD
HK.810953,享道出行(临时代码),0,STOCK,N/A,,N/A,,N/A,N/A,1970-01-01,810953,False,N/A,False,,HK_MAINBOARD
HK.810954,佰维存储(临时代码),0,STOCK,N/A,,N/A,,N/A,N/A,1970-01-01,810954,False,N/A,False,,HK_MAINBOARD
HK.810955,天农食品(临时代码),0,STOCK,N/A,,N/A,,N/A,N/A,1970-01-01,810955,False,N/A,False,,HK_MAINBOARD
HK.810956,博瑞医药(临时代码),0,STOCK,N/A,,N/A,,N/A,N/A,1970-01-01,810956,False,N/A,False,,HK_MAINBOARD
HK.810957,汉森软件(临时代码),0,STOCK,N/A,,N/A,,N/A,N/A,1970-01-01,810957,False,N/A,False,,HK_MAINBOARD
HK.810958,珀莱雅(临时代码),0,STOCK,N/A,,N/A,,N/A,N/A,1970-01-01,810958,False,N/A,False,,HK_MAINBOARD
HK.810959,鲟龙科技(临时代码),0,STOCK,N/A,,N/A,,N/A,N/A,1970-01-01,810959,False,N/A,False,,HK_MAINBOARD
HK.810960,天味食品(临时代码),0,STOCK,N/A,,N/A,,N/A,N/A,1970-01-01,810960,False,N/A,False,,HK_MAINBOARD
HK.810961,新桥生物(临时代码),0,STOCK,N/A,,N/A,,N/A,N/A,1970-01-01,810961,False,N/A,False,,HK_MAINBOARD
HK.810962,天瞳威视(临时代码),0,STOCK,N/A,,N/A,,N/A,N/A,1970-01-01,810962,False,N/A,False,,HK_MAINBOARD
HK.810963,麓鹏制药-B(临时代码),0,STOCK,N/A,,N/A,,N/A,N/A,1970-01-01,810963,False,N/A,False,,HK_MAINBOARD
HK.810964,礼邦医药-B(临时代码),0,STOCK,N/A,,N/A,,N/A,N/A,1970-01-01,810964,False,N/A,False,,HK_MAINBOARD
HK.810965,菲仕技术(临时代码),0,STOCK,N/A,,N/A,,N/A,N/A,1970-01-01,810965,False,N/A,False,,HK_MAINBOARD
HK.810966,智慧互通(临时代码),0,STOCK,N/A,,N/A,,N/A,N/A,1970-01-01,810966,False,N/A,False,,HK_MAINBOARD
HK.810967,涛涛车业(临时代码),0,STOCK,N/A,,N/A,,N/A,N/A,1970-01-01,810967,False,N/A,False,,HK_MAINBOARD
HK.810968,硅基智能(临时代码),0,STOCK,N/A,,N/A,,N/A,N/A,1970-01-01,810968,False,N/A,False,,HK_MAINBOARD
HK.810969,鼎泰药物(临时代码),0,STOCK,N/A,,N/A,,N/A,N/A,1970-01-01,810969,False,N/A,False,,HK_MAINBOARD
HK.810970,芯德半导体(临时代码),0,STOCK,N/A,,N/A,,N/A,N/A,1970-01-01,810970,False,N/A,False,,HK_MAINBOARD
HK.810971,海光芯正(临时代码),0,STOCK,N/A,,N/A,,N/A,N/A,1970-01-01,810971,False,N/A,False,,HK_MAINBOARD
HK.810972,豪特节能(临时代码),0,STOCK,N/A,,N/A,,N/A,N/A,1970-01-01,810972,False,N/A,False,,HK_MAINBOARD
HK.810973,临工重机(临时代码),0,STOCK,N/A,,N/A,,N/A,N/A,1970-01-01,810973,False,N/A,False,,HK_MAINBOARD
HK.810974,深向科技(临时代码),0,STOCK,N/A,,N/A,,N/A,N/A,1970-01-01,810974,False,N/A,False,,HK_MAINBOARD
HK.810975,科兴制药(临时代码),0,STOCK,N/A,,N/A,,N/A,N/A,1970-01-01,810975,False,N/A,False,,HK_MAINBOARD
HK.810976,维健医药(临时代码),0,STOCK,N/A,,N/A,,N/A,N/A,1970-01-01,810976,False,N/A,False,,HK_MAINBOARD
HK.810977,海纳医药(临时代码),0,STOCK,N/A,,N/A,,N/A,N/A,1970-01-01,810977,False,N/A,False,,HK_MAINBOARD
HK.810978,迈瑞医疗(临时代码),0,STOCK,N/A,,N/A,,N/A,N/A,1970-01-01,810978,False,N/A,False,,HK_MAINBOARD
HK.810979,时迈药业(临时代码),0,STOCK,N/A,,N/A,,N/A,N/A,1970-01-01,810979,False,N/A,False,,HK_MAINBOARD
HK.810980,德风科技(临时代码),0,STOCK,N/A,,N/A,,N/A,N/A,1970-01-01,810980,False,N/A,False,,HK_MAINBOARD
HK.810981,卡诺普(临时代码),0,STOCK,N/A,,N/A,,N/A,N/A,1970-01-01,810981,False,N/A,False,,HK_MAINBOARD
HK.810982,东山精密(临时代码),0,STOCK,N/A,,N/A,,N/A,N/A,1970-01-01,810982,False,N/A,False,,HK_MAINBOARD
HK.810983,蔓迪国际(临时代码),0,STOCK,N/A,,N/A,,N/A,N/A,1970-01-01,810983,False,N/A,False,,HK_MAINBOARD
HK.810984,海澜之家(临时代码),0,STOCK,N/A,,N/A,,N/A,N/A,1970-01-01,810984,False,N/A,False,,HK_MAINBOARD
HK.810985,明宇制药(临时代码),0,STOCK,N/A,,N/A,,N/A,N/A,1970-01-01,810985,False,N/A,False,,HK_MAINBOARD
HK.810986,中坚科技(临时代码),0,STOCK,N/A,,N/A,,N/A,N/A,1970-01-01,810986,False,N/A,False,,HK_MAINBOARD
HK.810987,欧林生物(临时代码),0,STOCK,N/A,,N/A,,N/A,N/A,1970-01-01,810987,False,N/A,False,,HK_MAINBOARD
HK.810988,新国都(临时代码),0,STOCK,N/A,,N/A,,N/A,N/A,1970-01-01,810988,False,N/A,False,,HK_MAINBOARD
HK.810989,阿维塔(临时代码),0,STOCK,N/A,,N/A,,N/A,N/A,1970-01-01,810989,False,N/A,False,,HK_MAINBOARD
HK.810990,奥迪威(临时代码),0,STOCK,N/A,,N/A,,N/A,N/A,1970-01-01,810990,False,N/A,False,,HK_MAINBOARD
HK.810991,龙丰集团(临时代码),0,STOCK,N/A,,N/A,,N/A,N/A,1970-01-01,810991,False,N/A,False,,HK_MAINBOARD
HK.810992,沪士电子(临时代码),0,STOCK,N/A,,N/A,,N/A,N/A,1970-01-01,810992,False,N/A,False,,HK_MAINBOARD
HK.810993,无锡车联(临时代码),0,STOCK,N/A,,N/A,,N/A,N/A,1970-01-01,810993,False,N/A,False,,HK_MAINBOARD
HK.810994,浙江力积存储(临时代码),0,STOCK,N/A,,N/A,,N/A,N/A,1970-01-01,810994,False,N/A,False,,HK_MAINBOARD
HK.810995,牧原食品(临时代码),0,STOCK,N/A,,N/A,,N/A,N/A,1970-01-01,810995,False,N/A,False,,HK_MAINBOARD
HK.810996,立景创新(临时代码),0,STOCK,N/A,,N/A,,N/A,N/A,1970-01-01,810996,False,N/A,False,,HK_MAINBOARD
HK.810997,德风新征程(临时代码),0,STOCK,N/A,,N/A,,N/A,N/A,1970-01-01,810997,False,N/A,False,,HK_MAINBOARD
HK.810999,凯诘电子(临时代码),0,STOCK,N/A,,N/A,,N/A,N/A,1970-01-01,810999,False,N/A,False,,HK_MAINBOARD
HK.811000,凌科药业(临时代码),0,STOCK,N/A,,N/A,,N/A,N/A,1970-01-01,811000,False,N/A,False,,HK_MAINBOARD
HK.811001,移芯通信(临时代码),0,STOCK,N/A,,N/A,,N/A,N/A,1970-01-01,811001,False,N/A,False,,HK_MAINBOARD
HK.811002,鼎泰高科(临时代码),0,STOCK,N/A,,N/A,,N/A,N/A,1970-01-01,811002,False,N/A,False,,HK_MAINBOARD
HK.811003,传音控股(临时代码),0,STOCK,N/A,,N/A,,N/A,N/A,1970-01-01,811003,False,N/A,False,,HK_MAINBOARD
HK.811004,倍通数智(临时代码),0,STOCK,N/A,,N/A,,N/A,N/A,1970-01-01,811004,False,N/A,False,,HK_MAINBOARD
HK.811005,安克创新(临时代码),0,STOCK,N/A,,N/A,,N/A,N/A,1970-01-01,811005,False,N/A,False,,HK_MAINBOARD
HK.811006,曦华科技(临时代码),0,STOCK,N/A,,N/A,,N/A,N/A,1970-01-01,811006,False,N/A,False,,HK_MAINBOARD
HK.811007,高光制药-B(临时代码),0,STOCK,N/A,,N/A,,N/A,N/A,1970-01-01,811007,False,N/A,False,,HK_MAINBOARD
HK.811008,三环集团(临时代码),0,STOCK,N/A,,N/A,,N/A,N/A,1970-01-01,811008,False,N/A,False,,HK_MAINBOARD
HK.811009,米多多(临时代码),0,STOCK,N/A,,N/A,,N/A,N/A,1970-01-01,811009,False,N/A,False,,HK_MAINBOARD
HK.811010,石药创新(临时代码),0,STOCK,N/A,,N/A,,N/A,N/A,1970-01-01,811010,False,N/A,False,,HK_MAINBOARD
HK.811011,君赛生物(临时代码),0,STOCK,N/A,,N/A,,N/A,N/A,1970-01-01,811011,False,N/A,False,,HK_MAINBOARD
HK.811012,孩子王(临时代码),0,STOCK,N/A,,N/A,,N/A,N/A,1970-01-01,811012,False,N/A,False,,HK_MAINBOARD
HK.811013,主线科技(临时代码),0,STOCK,N/A,,N/A,,N/A,N/A,1970-01-01,811013,False,N/A,False,,HK_MAINBOARD
HK.811014,奥动新能源(临时代码),0,STOCK,N/A,,N/A,,N/A,N/A,1970-01-01,811014,False,N/A,False,,HK_MAINBOARD
HK.811015,金智维(临时代码),0,STOCK,N/A,,N/A,,N/A,N/A,1970-01-01,811015,False,N/A,False,,HK_MAINBOARD
HK.811016,丸美生物(临时代码),0,STOCK,N/A,,N/A,,N/A,N/A,1970-01-01,811016,False,N/A,False,,HK_MAINBOARD
HK.811017,未来穿戴(临时代码),0,STOCK,N/A,,N/A,,N/A,N/A,1970-01-01,811017,False,N/A,False,,HK_MAINBOARD
HK.811018,科郦(临时代码),0,STOCK,N/A,,N/A,,N/A,N/A,1970-01-01,811018,False,N/A,False,,HK_MAINBOARD
HK.811020,泽璟制药(临时代码),0,STOCK,N/A,,N/A,,N/A,N/A,1970-01-01,811020,False,N/A,False,,HK_MAINBOARD
HK.811021,环球园艺(临时代码),0,STOCK,N/A,,N/A,,N/A,N/A,1970-01-01,811021,False,N/A,False,,HK_MAINBOARD
HK.811022,福信富通(临时代码),0,STOCK,N/A,,N/A,,N/A,N/A,1970-01-01,811022,False,N/A,False,,HK_MAINBOARD
HK.811023,道通科技(临时代码),0,STOCK,N/A,,N/A,,N/A,N/A,1970-01-01,811023,False,N/A,False,,HK_MAINBOARD
HK.811024,吉因加(临时代码),0,STOCK,N/A,,N/A,,N/A,N/A,1970-01-01,811024,False,N/A,False,,HK_MAINBOARD
HK.811025,龙迅股份(临时代码),0,STOCK,N/A,,N/A,,N/A,N/A,1970-01-01,811025,False,N/A,False,,HK_MAINBOARD
HK.811026,瑞派宠物医院(临时代码),0,STOCK,N/A,,N/A,,N/A,N/A,1970-01-01,811026,False,N/A,False,,HK_MAINBOARD
HK.811027,Frontera Therapeutics-B(临时代码),0,STOCK,N/A,,N/A,,N/A,N/A,1970-01-01,811027,False,N/A,False,,HK_MAINBOARD
HK.811028,新济医药-B(临时代码),0,STOCK,N/A,,N/A,,N/A,N/A,1970-01-01,811028,False,N/A,False,,HK_MAINBOARD
HK.811029,四方精创(临时代码),0,STOCK,N/A,,N/A,,N/A,N/A,1970-01-01,811029,False,N/A,False,,HK_MAINBOARD
HK.811030,米奥会展(临时代码),0,STOCK,N/A,,N/A,,N/A,N/A,1970-01-01,811030,False,N/A,False,,HK_MAINBOARD
HK.811031,汉得信息(临时代码),0,STOCK,N/A,,N/A,,N/A,N/A,1970-01-01,811031,False,N/A,False,,HK_MAINBOARD
HK.811032,悦康药业(临时代码),0,STOCK,N/A,,N/A,,N/A,N/A,1970-01-01,811032,False,N/A,False,,HK_MAINBOARD
HK.811033,天九企服(临时代码),0,STOCK,N/A,,N/A,,N/A,N/A,1970-01-01,811033,False,N/A,False,,HK_MAINBOARD
HK.811034,琥崧科技(临时代码),0,STOCK,N/A,,N/A,,N/A,N/A,1970-01-01,811034,False,N/A,False,,HK_MAINBOARD
HK.811035,导远科技(临时代码),0,STOCK,N/A,,N/A,,N/A,N/A,1970-01-01,811035,False,N/A,False,,HK_MAINBOARD
HK.811036,宏芯宇电子(临时代码),0,STOCK,N/A,,N/A,,N/A,N/A,1970-01-01,811036,False,N/A,False,,HK_MAINBOARD
HK.811037,景旺电子(临时代码),0,STOCK,N/A,,N/A,,N/A,N/A,1970-01-01,811037,False,N/A,False,,HK_MAINBOARD
HK.811038,益方生物-B(临时代码),0,STOCK,N/A,,N/A,,N/A,N/A,1970-01-01,811038,False,N/A,False,,HK_MAINBOARD
HK.811039,万怡医学(临时代码),0,STOCK,N/A,,N/A,,N/A,N/A,1970-01-01,811039,False,N/A,False,,HK_MAINBOARD
HK.811040,xTool(临时代码),0,STOCK,N/A,,N/A,,N/A,N/A,1970-01-01,811040,False,N/A,False,,HK_MAINBOARD
HK.811041,Suplay Inc.(临时代码),0,STOCK,N/A,,N/A,,N/A,N/A,1970-01-01,811041,False,N/A,False,,HK_MAINBOARD
HK.811042,臻驱科技(临时代码),0,STOCK,N/A,,N/A,,N/A,N/A,1970-01-01,811042,False,N/A,False,,HK_MAINBOARD
HK.811043,新思考电机(临时代码),0,STOCK,N/A,,N/A,,N/A,N/A,1970-01-01,811043,False,N/A,False,,HK_MAINBOARD
HK.811044,松果出行(临时代码),0,STOCK,N/A,,N/A,,N/A,N/A,1970-01-01,811044,False,N/A,False,,HK_MAINBOARD
HK.811045,万帮数字能源(临时代码),0,STOCK,N/A,,N/A,,N/A,N/A,1970-01-01,811045,False,N/A,False,,HK_MAINBOARD
HK.811046,天下秀(临时代码),0,STOCK,N/A,,N/A,,N/A,N/A,1970-01-01,811046,False,N/A,False,,HK_MAINBOARD
HK.811047,众安信科(临时代码),0,STOCK,N/A,,N/A,,N/A,N/A,1970-01-01,811047,False,N/A,False,,HK_MAINBOARD
HK.811048,爷爷的农场(临时代码),0,STOCK,N/A,,N/A,,N/A,N/A,1970-01-01,811048,False,N/A,False,,HK_MAINBOARD
HK.811049,西子健康(临时代码),0,STOCK,N/A,,N/A,,N/A,N/A,1970-01-01,811049,False,N/A,False,,HK_MAINBOARD
HK.811050,桑尼森迪(临时代码),0,STOCK,N/A,,N/A,,N/A,N/A,1970-01-01,811050,False,N/A,False,,HK_MAINBOARD
HK.811051,芯天下(临时代码),0,STOCK,N/A,,N/A,,N/A,N/A,1970-01-01,811051,False,N/A,False,,HK_MAINBOARD
HK.811052,极物思维(临时代码),0,STOCK,N/A,,N/A,,N/A,N/A,1970-01-01,811052,False,N/A,False,,HK_MAINBOARD
HK.811053,远信储能(临时代码),0,STOCK,N/A,,N/A,,N/A,N/A,1970-01-01,811053,False,N/A,False,,HK_MAINBOARD
HK.811054,再明医药(临时代码),0,STOCK,N/A,,N/A,,N/A,N/A,1970-01-01,811054,False,N/A,False,,HK_MAINBOARD
HK.811055,贝斯特(临时代码),0,STOCK,N/A,,N/A,,N/A,N/A,1970-01-01,811055,False,N/A,False,,HK_MAINBOARD
HK.811056,钱大妈(临时代码),0,STOCK,N/A,,N/A,,N/A,N/A,1970-01-01,811056,False,N/A,False,,HK_MAINBOARD
HK.811057,威兆半导体(临时代码),0,STOCK,N/A,,N/A,,N/A,N/A,1970-01-01,811057,False,N/A,False,,HK_MAINBOARD
HK.811058,袁记食品(临时代码),0,STOCK,N/A,,N/A,,N/A,N/A,1970-01-01,811058,False,N/A,False,,HK_MAINBOARD
HK.811059,海大国际(临时代码),0,STOCK,N/A,,N/A,,N/A,N/A,1970-01-01,811059,False,N/A,False,,HK_MAINBOARD
HK.811060,铂科电子(临时代码),0,STOCK,N/A,,N/A,,N/A,N/A,1970-01-01,811060,False,N/A,False,,HK_MAINBOARD
HK.811061,莲池医院(临时代码),0,STOCK,N/A,,N/A,,N/A,N/A,1970-01-01,811061,False,N/A,False,,HK_MAINBOARD
HK.811062,金星啤酒(临时代码),0,STOCK,N/A,,N/A,,N/A,N/A,1970-01-01,811062,False,N/A,False,,HK_MAINBOARD
HK.811064,赜灵生物(临时代码),0,STOCK,N/A,,N/A,,N/A,N/A,1970-01-01,811064,False,N/A,False,,HK_MAINBOARD
HK.811065,生生医药(临时代码),0,STOCK,N/A,,N/A,,N/A,N/A,1970-01-01,811065,False,N/A,False,,HK_MAINBOARD
HK.811066,聚和材料(临时代码),0,STOCK,N/A,,N/A,,N/A,N/A,1970-01-01,811066,False,N/A,False,,HK_MAINBOARD
HK.811067,Exegenesis Bio(临时代码),0,STOCK,N/A,,N/A,,N/A,N/A,1970-01-01,811067,False,N/A,False,,HK_MAINBOARD
HK.811068,拓斯达(临时代码),0,STOCK,N/A,,N/A,,N/A,N/A,1970-01-01,811068,False,N/A,False,,HK_MAINBOARD
HK.811069,文石信息(临时代码),0,STOCK,N/A,,N/A,,N/A,N/A,1970-01-01,811069,False,N/A,False,,HK_MAINBOARD
HK.811070,睿云联(临时代码),0,STOCK,N/A,,N/A,,N/A,N/A,1970-01-01,811070,False,N/A,False,,HK_MAINBOARD
HK.811071,勤浩医药-B(临时代码),0,STOCK,N/A,,N/A,,N/A,N/A,1970-01-01,811071,False,N/A,False,,HK_MAINBOARD
HK.811072,莫干山家居(临时代码),0,STOCK,N/A,,N/A,,N/A,N/A,1970-01-01,811072,False,N/A,False,,HK_MAINBOARD
HK.811073,誉研堂(临时代码),0,STOCK,N/A,,N/A,,N/A,N/A,1970-01-01,811073,False,N/A,False,,HK_MAINBOARD
HK.811074,比格餐饮(临时代码),0,STOCK,N/A,,N/A,,N/A,N/A,1970-01-01,811074,False,N/A,False,,HK_MAINBOARD
HK.811075,玖物智能(临时代码),0,STOCK,N/A,,N/A,,N/A,N/A,1970-01-01,811075,False,N/A,False,,HK_MAINBOARD
HK.811076,半亩花田(临时代码),0,STOCK,N/A,,N/A,,N/A,N/A,1970-01-01,811076,False,N/A,False,,HK_MAINBOARD
HK.811077,华睿科技(临时代码),0,STOCK,N/A,,N/A,,N/A,N/A,1970-01-01,811077,False,N/A,False,,HK_MAINBOARD
HK.811078,科大智能(临时代码),0,STOCK,N/A,,N/A,,N/A,N/A,1970-01-01,811078,False,N/A,False,,HK_MAINBOARD
HK.811079,云动智能(临时代码),0,STOCK,N/A,,N/A,,N/A,N/A,1970-01-01,811079,False,N/A,False,,HK_MAINBOARD
HK.811080,君乐宝(临时代码),0,STOCK,N/A,,N/A,,N/A,N/A,1970-01-01,811080,False,N/A,False,,HK_MAINBOARD
HK.811081,沃客非凡(临时代码),0,STOCK,N/A,,N/A,,N/A,N/A,1970-01-01,811081,False,N/A,False,,HK_MAINBOARD
HK.811082,中技国医(临时代码),0,STOCK,N/A,,N/A,,N/A,N/A,1970-01-01,811082,False,N/A,False,,HK_MAINBOARD
HK.811083,极视角(临时代码),0,STOCK,N/A,,N/A,,N/A,N/A,1970-01-01,811083,False,N/A,False,,HK_MAINBOARD
HK.811084,普祺医药(临时代码),0,STOCK,N/A,,N/A,,N/A,N/A,1970-01-01,811084,False,N/A,False,,HK_MAINBOARD
HK.811085,粤十数智(临时代码),0,STOCK,N/A,,N/A,,N/A,N/A,1970-01-01,811085,False,N/A,False,,HK_MAINBOARD
HK.811086,康诺生物(临时代码),0,STOCK,N/A,,N/A,,N/A,N/A,1970-01-01,811086,False,N/A,False,,HK_MAINBOARD
HK.811087,上海君屹(临时代码),0,STOCK,N/A,,N/A,,N/A,N/A,1970-01-01,811087,False,N/A,False,,HK_MAINBOARD
HK.811088,迪哲医药(临时代码),0,STOCK,N/A,,N/A,,N/A,N/A,1970-01-01,811088,False,N/A,False,,HK_MAINBOARD
HK.811089,迦智科技(临时代码),0,STOCK,N/A,,N/A,,N/A,N/A,1970-01-01,811089,False,N/A,False,,HK_MAINBOARD
HK.811090,精智实业(临时代码),0,STOCK,N/A,,N/A,,N/A,N/A,1970-01-01,811090,False,N/A,False,,HK_MAINBOARD
HK.811091,邦顺制药(临时代码),0,STOCK,N/A,,N/A,,N/A,N/A,1970-01-01,811091,False,N/A,False,,HK_MAINBOARD
HK.81211,比亚迪股份-R,100,STOCK,N/A,,N/A,,N/A,N/A,2023-06-19,83833466731835,False,N/A,False,,HK_MAINBOARD
HK.81299,友邦保险-R,200,STOCK,N/A,,N/A,,N/A,N/A,2023-06-19,83833466731923,False,N/A,False,,HK_MAINBOARD
HK.81810,小米集团-WR,200,STOCK,N/A,,N/A,,N/A,N/A,2023-06-19,83833466732434,False,N/A,False,,HK_MAINBOARD
HK.82020,安踏体育-R,200,STOCK,N/A,,N/A,,N/A,N/A,2023-06-19,83833466732644,False,N/A,False,,HK_MAINBOARD
HK.82318,中国平安-R,500,STOCK,N/A,,N/A,,N/A,N/A,2023-06-19,83833466732942,False,N/A,False,,HK_MAINBOARD
HK.82331,李宁-R,500,STOCK,N/A,,N/A,,N/A,N/A,2023-06-19,83833466732955,False,N/A,False,,HK_MAINBOARD
HK.82333,长城汽车-R,500,STOCK,N/A,,N/A,,N/A,N/A,2023-06-19,83833466732957,False,N/A,False,,HK_MAINBOARD
HK.82388,中银香港-R,500,STOCK,N/A,,N/A,,N/A,N/A,2023-06-19,83833466733012,False,N/A,False,,HK_MAINBOARD
HK.83690,美团-WR,100,STOCK,N/A,,N/A,,N/A,N/A,2023-06-19,83833466734314,False,N/A,False,,HK_MAINBOARD
HK.86618,京东健康-R,50,STOCK,N/A,,N/A,,N/A,N/A,2023-06-19,83833466737242,False,N/A,False,,HK_MAINBOARD
HK.89618,京东集团-SWR,50,STOCK,N/A,,N/A,,N/A,N/A,2023-06-19,83833466740242,False,N/A,False,,HK_MAINBOARD
HK.89888,百度集团-SWR,50,STOCK,N/A,,N/A,,N/A,N/A,2023-06-19,83833466740512,False,N/A,False,,HK_MAINBOARD
HK.89988,阿里巴巴-WR,100,STOCK,N/A,,N/A,,N/A,N/A,2023-06-19,83833466740612,False,N/A,False,,HK_MAINBOARD
